entropy,file_length,max_line_length,nb_lines,eval_count,exec_count,obfuscation_count,fs_count,network_input_count,special_char_ratio,avg_var_length,long_vars_count,whitespace_ratio,label
4.561,18370,501,589,1,5,0,4,69,0.20201,5.65236,13,0.36511,1
5.456,1643,45,49,0,0,0,0,0,0.28728,3.21622,0,0.08521,1
5.601,13050,602,514,1,7,0,4,34,0.28008,6.12721,12,0.1331,1
5.333,9757,204,246,0,1,0,0,3,0.33268,8.5,6,0.20447,1
4.535,6820,458,222,0,0,0,0,3,0.14355,7.56164,24,0.34663,1
6.119,70657,62952,268,0,2,1,2,19,0.0453,6.81143,27,0.01626,1
5.186,1439,137,16,0,0,0,0,1,0.50799,2.12963,0,0.01181,1
5.645,29145,29144,2,2,0,0,0,0,0.034,9.96,0,0.00024,1
5.365,667,161,21,0,0,0,0,4,0.28636,8.11765,5,0.10345,1
5.361,35246,359,1304,13,6,0,2,13,0.1956,6.24667,4,0.15537,1
5.086,59,59,1,0,0,1,0,1,0.37288,4.66667,0,0.01695,1
5.558,41034,1784,602,6,15,1,3,151,0.28316,5.98004,16,0.07886,1
5.356,663,72,34,0,0,0,0,1,0.2549,13.5,3,0.12217,1
4.322,40,31,3,0,0,0,0,2,0.475,9.0,0,0.05,1
4.886,176,123,5,2,0,0,0,1,0.23864,5.85714,0,0.08523,1
6.009,99422,99420,3,0,0,0,0,0,0.03588,5.0,0,8e-05,1
5.325,46934,178,1313,11,22,0,5,15,0.33076,7.11267,109,0.16091,1
5.534,74478,482,2144,2,8,4,10,30,0.28447,6.23009,76,0.14704,1
5.447,18361,174,586,10,0,0,3,11,0.28032,7.88534,86,0.12968,1
4.458,33081,459,1078,0,0,2,4,8,0.17578,7.60388,120,0.38759,1
4.985,4121,91,143,0,0,0,0,6,0.14754,7.30769,8,0.24873,1
5.534,73950,482,2136,2,8,4,10,30,0.28572,6.20679,76,0.14733,1
5.045,40437,40144,8,2,8,1,1,36,0.24243,6.11453,0,0.06598,1
4.37,121013,113112,292,0,0,0,0,35,0.01889,5.80392,0,0.00803,1
5.937,308734,30070,6147,9,32,15,21,840,0.24691,5.88262,287,0.10267,1
5.332,1302,111,17,0,0,0,0,0,0.44854,2.5969,1,0.01382,1
5.141,11181,155,331,0,0,3,2,49,0.25597,5.6875,4,0.22994,1
5.487,2475,183,79,0,2,0,0,3,0.28121,6.58974,4,0.13939,1
6.004,63931,63752,8,1,0,0,0,0,0.03765,13.0,1,0.00028,1
5.679,264722,85,3233,1,0,0,0,0,0.0002,9.0,0,0.0123,1
6.093,15005,14107,39,1,0,2,0,2,0.04419,6.71429,0,0.00686,1
6.013,70660,70434,12,1,0,0,0,0,0.03368,4.6,0,0.0005,1
5.687,150688,3621,2880,3,15,13,12,16,0.26553,5.76835,380,0.11355,1
6.101,1122,86,14,0,0,0,0,0,0.38503,6.79545,9,0.08467,1
5.015,14632,12748,53,0,0,0,0,2,0.27139,9.62136,2,0.05406,1
5.321,8307,1127,234,0,0,2,4,5,0.17467,6.02222,0,0.24558,1
5.596,26361,484,645,2,1,0,6,230,0.32495,5.00297,0,0.08619,1
6.121,1830,1830,1,0,0,0,0,0,0.1388,7.38462,2,0.00765,1
4.698,77,52,4,2,0,0,0,1,0.32468,5.0,0,0.19481,1
5.999,251850,251571,14,1,0,4,0,0,0.03707,9.33333,0,0.00013,1
5.475,8454,4235,186,0,0,0,0,0,0.29264,0.0,0,0.19565,1
5.278,105,105,1,0,0,0,0,3,0.3619,6.0,0,0.02857,1
6.109,1372,86,17,0,0,0,0,0,0.40671,6.95556,8,0.0809,1
5.443,589,53,30,1,0,0,0,1,0.3039,4.16129,0,0.16469,1
5.388,11627,162,378,0,3,0,2,19,0.28202,5.65031,4,0.16599,1
5.168,70076,1716,1461,3,10,6,17,283,0.21333,5.41096,71,0.24795,1
5.07,1325,103,34,0,8,0,0,2,0.25358,6.0,0,0.07547,1
5.785,3304,3304,1,2,0,0,0,0,0.09776,9.96,0,0.00182,1
5.305,15991,187,501,0,1,0,3,40,0.23651,6.91457,22,0.20505,1
5.301,5512,123,187,1,1,0,0,17,0.25272,7.65116,3,0.20809,1
5.946,223978,35948,4584,8,9,4,8,23,0.21503,6.25448,207,0.08661,1
6.01,44342,44223,7,1,0,2,0,0,0.03196,6.66667,0,0.00074,1
5.468,46553,3049,566,3,11,0,7,161,0.27508,5.14788,5,0.08706,1
5.326,41249,1925,749,16,5,1,5,69,0.26136,6.61243,9,0.16189,1
4.569,1405,74,56,0,4,0,0,2,0.19786,6.23529,0,0.36655,1
4.69,57,48,3,1,0,0,0,1,0.4386,6.0,0,0.03509,1
4.593,36,27,3,1,0,0,0,1,0.38889,9.0,0,0.16667,1
5.64,84216,2504,1635,10,8,6,9,389,0.26151,5.00477,50,0.15263,1
5.801,34089,1047,1034,0,7,1,7,48,0.26369,5.75638,36,0.09645,1
5.406,2963,175,98,0,0,0,0,17,0.27978,6.72917,2,0.09956,1
5.237,1456,132,17,0,0,0,0,0,0.4011,2.78295,1,0.01236,1
5.447,18361,174,586,10,0,0,3,11,0.28032,7.88534,86,0.12968,1
5.388,87016,3174,2481,2,7,4,6,166,0.15712,6.08983,39,0.26392,1
5.617,77394,1172,1628,10,8,6,9,395,0.26613,4.97536,49,0.16341,1
4.863,13485,447,430,0,3,1,3,53,0.20897,6.8513,12,0.29262,1
5.794,17339,124,463,0,3,3,4,37,0.23681,5.41019,0,0.1477,1
6.015,60244,60018,12,1,0,0,0,0,0.03197,4.6,0,0.00058,1
6.004,32786,32775,4,1,0,2,0,0,0.03273,0.0,0,0.00012,1
4.793,174,56,5,0,0,0,0,0,0.1092,0.0,0,0.12069,1
5.626,99189,2990,1582,1,9,0,23,368,0.29264,4.97221,49,0.05282,1
5.824,174864,7477,2151,11,49,15,35,678,0.23563,5.54268,96,0.12974,1
5.031,557,90,33,0,0,0,1,2,0.27828,6.85,0,0.21005,1
5.156,7037,187,239,2,0,8,1,11,0.20776,4.43506,2,0.27796,1
5.004,328,64,18,0,1,0,0,2,0.2439,6.5,0,0.2439,1
2.464,1008,114,36,0,0,0,0,0,0.96131,3.01765,0,0.03571,1
6.002,74195,74186,3,1,0,4,0,0,0.03314,0.0,0,3e-05,1
5.126,1249,128,52,0,0,0,0,2,0.31705,4.37037,0,0.18575,1
5.282,392,73,11,4,0,0,0,1,0.26531,4.66667,0,0.04592,1
5.441,16353,310,576,3,9,0,2,50,0.27188,5.85836,20,0.16125,1
5.185,1479,97,20,0,0,0,0,0,0.61731,2.15702,0,0.0142,1
6.056,1610,1573,4,1,0,3,0,1,0.04472,5.0,0,0.00497,1
5.328,1305,99,18,0,0,0,0,1,0.45287,2.54615,1,0.01456,1
4.72,62,52,4,0,0,0,0,1,0.30645,6.0,0,0.1129,1
6.025,24753,24589,8,1,0,0,0,0,0.03555,12.8,3,0.00069,1
5.704,1264,593,21,0,0,0,0,8,0.28481,4.96721,0,0.09177,1
5.118,98,48,5,0,0,0,0,2,0.30612,5.5,0,0.11224,1
5.19,1469,104,19,0,0,0,0,1,0.51191,2.17742,0,0.01361,1
5.731,19008,1313,289,3,6,2,2,37,0.25179,5.4,4,0.0756,1
5.221,153,73,4,1,0,0,0,0,0.22876,2.33333,0,0.12418,1
4.664,17053,16759,9,2,1,1,0,17,0.25603,7.26437,0,0.0414,1
4.483,142,41,14,2,0,0,0,0,0.49296,3.25,0,0.09155,1
4.793,98,89,3,0,0,0,0,2,0.43878,4.5,0,0.13265,1
5.798,196056,194924,4,1,0,0,0,0,0.00577,10.0,0,2e-05,1
5.122,468,468,1,0,0,0,0,3,0.32265,6.66667,0,0.08974,1
4.755,88,87,2,0,0,0,0,1,0.39773,5.6,0,0.09091,1
5.847,151388,39953,2558,9,9,6,10,372,0.18501,6.4075,98,0.09685,1
5.153,1476,104,19,0,0,0,0,0,0.40515,2.44538,1,0.01355,1
5.688,65266,2932,1284,1,10,6,19,263,0.26504,6.06956,83,0.09064,1
5.982,2048,89,24,0,0,0,0,0,0.37939,7.51316,19,0.11963,1
5.063,162,46,9,4,1,0,1,5,0.41358,6.6,0,0.08025,1
5.687,349785,349785,1,2,0,0,0,0,0.0439,9.96,0,2e-05,1
4.969,195,109,4,1,0,1,0,2,0.40513,7.8,0,0.0359,1
5.3,198,72,7,0,0,0,0,1,0.29798,6.66667,0,0.10101,1
4.745,74,38,4,2,0,0,0,1,0.5,6.0,0,0.14865,1
5.223,1446,134,16,0,0,0,0,0,0.61203,2.15517,0,0.01176,1
5.82,86604,130,1192,0,0,0,0,2,0.04655,8.0,0,0.04152,1
5.673,614693,91,7688,1,0,0,0,0,9e-05,9.0,0,0.01255,1
6.477,865,96,64,0,0,1,0,7,0.52832,3.85294,0,0.11445,1
5.903,1652,96,40,1,0,1,0,0,0.11683,0.0,0,0.04903,1
5.553,66803,998,1533,8,8,1,8,275,0.26867,4.97531,48,0.16908,1
5.212,31895,173,1074,2,1,2,0,0,0.27475,4.45088,27,0.22768,1
5.914,226800,31483,3578,5,56,13,16,90,0.21001,5.75166,386,0.09233,1
4.416,262,37,14,1,0,1,0,1,0.22901,4.33333,0,0.34351,1
6.076,90873,88066,104,1,0,1,0,0,0.03871,2.55,2,0.0111,1
5.468,46553,3049,566,3,11,0,7,161,0.27508,5.14788,5,0.08706,1
4.796,90,34,7,0,0,0,0,1,0.27778,7.0,0,0.08889,1
5.818,85779,123,1182,0,0,0,0,2,0.04678,6.92308,0,0.04155,1
5.222,1486,103,20,0,0,0,0,0,0.51077,2.12195,0,0.01413,1
4.635,12968,1045,90,1,0,0,0,2,0.33336,7.91537,0,0.02923,1
5.758,8773,1315,179,1,3,1,0,12,0.19606,5.90909,4,0.09085,1
6.071,23982,23037,26,0,0,0,0,0,0.08669,8.66667,3,0.00467,1
5.202,1449,130,17,0,0,0,0,0,0.50932,2.10435,0,0.01242,1
5.351,358,80,14,0,0,1,0,3,0.29609,6.66667,0,0.09777,1
5.822,4929,4929,1,2,0,0,0,0,0.07081,9.96,0,0.00122,1
5.085,23158,265,693,0,0,0,0,0,0.31484,8.4058,106,0.15692,1
5.363,1043,79,43,0,0,0,0,6,0.30489,10.75,20,0.19463,1
5.433,1474,1474,1,2,1,4,0,23,0.3365,5.59722,8,0.00339,1
5.223,1446,134,16,0,0,0,0,0,0.61203,2.15517,0,0.01176,1
5.631,78727,2793,2150,2,8,4,10,30,0.27432,6.23009,76,0.13938,1
4.712,34,34,1,1,0,0,0,1,0.41176,6.0,0,0.02941,1
5.417,193,66,10,0,0,0,0,2,0.30052,6.83333,0,0.12435,1
5.268,5165,143,181,1,1,0,0,17,0.24724,7.71765,3,0.2153,1
5.282,392,73,11,4,0,0,0,1,0.26531,4.66667,0,0.04592,1
5.354,33797,180,1167,0,1,0,0,0,0.25236,7.22263,60,0.14572,1
6.023,23293,23291,3,1,0,0,0,0,0.03744,12.8,3,0.00021,1
5.594,4288,4287,2,1,0,0,0,0,0.21968,17.0,23,0.03218,1
6.008,62771,62567,7,1,0,0,0,0,0.03188,3.66667,0,0.0001,1
4.637,19828,248,476,0,5,0,1,65,0.2205,5.03472,3,0.35067,1
5.901,111442,7566,2110,4,4,5,5,525,0.29469,5.92977,132,0.09653,1
5.678,249657,90,3088,1,0,0,0,0,0.00021,9.0,0,0.01246,1
5.314,113,113,1,1,0,0,0,2,0.30973,5.5,0,0.0177,1
5.31,315,59,19,1,0,0,0,1,0.29206,5.7,0,0.18095,1
5.179,184,86,7,0,0,0,0,2,0.33152,5.875,0,0.15761,1
6.022,43132,42906,12,1,0,0,0,0,0.03533,4.55556,0,0.00081,1
5.561,219890,120043,1054,9,9,6,10,383,0.13718,6.32225,76,0.04814,1
5.609,3274,1805,9,0,0,23,0,17,0.3485,5.21212,3,0.02291,1
5.394,187,58,8,1,0,0,0,3,0.28342,5.0,0,0.06417,1
5.351,17536,359,646,0,6,0,2,13,0.20444,6.27333,4,0.1826,1
6.027,53064,52559,23,1,0,2,0,0,0.03624,6.0,0,0.00049,1
5.328,630,161,21,0,0,0,0,4,0.29365,8.11765,5,0.1,1
3.491,331,33,24,1,0,0,0,1,0.88822,3.20408,0,0.07251,1
5.783,1030,145,61,3,0,4,4,4,0.25631,8.25,0,0.0932,1
4.491,1489,131,53,2,0,2,0,1,0.31095,2.32673,0,0.3734,1
5.533,2026,104,61,0,2,0,0,0,0.20484,5.57143,0,0.15745,1
5.458,320,43,26,0,1,0,0,2,0.29688,5.0,0,0.15,1
5.351,17511,359,646,0,6,0,2,13,0.20444,6.25503,4,0.18263,1
5.112,2765,91,101,0,0,0,0,7,0.24159,5.71429,0,0.18662,1
5.438,142735,2290,2831,3,44,10,13,77,0.28317,5.72895,358,0.1316,1
5.369,88,78,3,0,0,1,0,1,0.23864,5.0,0,0.10227,1
4.659,405,47,27,0,0,0,0,0,0.23951,5.28571,0,0.27654,1
5.611,154484,3543,2974,3,36,8,12,20,0.26935,5.7026,373,0.119,1
5.523,13292,636,167,0,0,0,0,0,0.07629,6.125,0,0.01926,1
5.13,5104,459,141,0,1,0,0,2,0.25686,8.18519,3,0.15889,1
6.015,7236,7236,1,1,0,2,0,0,0.03344,2.0,0,0.0,1
5.791,91880,90098,33,0,0,2,0,1,0.10795,10.9,7,0.00704,1
5.448,18289,174,586,10,0,0,3,11,0.28126,7.87406,86,0.13019,1
6.021,47490,47264,12,0,0,0,0,0,0.0338,5.0,0,0.00074,1
6.099,1183,85,15,1,0,0,0,0,0.39814,7.1,8,0.07946,1
5.994,8908,7862,31,0,0,0,0,0,0.30871,7.85455,0,0.05467,1
5.234,1479,100,20,0,0,0,0,0,0.51318,2.25,0,0.0142,1
4.65,59,50,3,0,0,0,0,1,0.44068,9.0,0,0.11864,1
5.561,219890,120043,1054,9,9,6,10,383,0.13718,6.32225,76,0.04814,1
5.24,1486,99,20,0,0,0,0,1,0.51077,2.3629,0,0.01413,1
4.522,85,19,6,0,0,0,0,1,0.28235,3.66667,0,0.27059,1
6.02,1579,88,19,0,0,0,0,0,0.37555,6.73214,8,0.10386,1
4.561,18370,501,589,1,5,0,4,69,0.20201,5.65236,13,0.36511,1
5.487,2475,183,79,0,2,0,0,3,0.28121,6.58974,4,0.13939,1
4.619,119,60,5,1,0,0,0,1,0.29412,7.33333,0,0.18487,1
5.171,1456,124,17,0,0,0,0,0,0.4011,2.82171,1,0.01236,1
5.371,239,183,5,1,0,1,0,4,0.32636,5.0,0,0.06695,1
5.14,1155,121,54,0,4,0,1,1,0.23117,7.7,0,0.14545,1
4.884,160,125,4,0,0,0,1,0,0.20625,0.0,0,0.03125,1
5.929,308744,30070,6147,9,32,15,21,840,0.24568,5.88262,287,0.10391,1
5.234,3250,353,86,0,4,0,0,15,0.24923,6.26923,1,0.20923,1
5.158,84,75,3,0,0,0,0,1,0.29762,9.0,0,0.07143,1
5.085,10828,548,258,1,4,0,0,29,0.34706,6.42623,11,0.26838,1
5.325,856,108,41,0,0,0,0,3,0.27103,6.66667,0,0.12033,1
5.618,162351,3543,3156,4,36,9,14,24,0.26826,5.72291,378,0.11919,1
5.372,13640,228,368,0,2,0,8,3,0.30242,6.9894,31,0.14677,1
3.358,193441,192794,24,0,0,0,0,0,0.25595,9.8,2,0.00057,1
6.017,50675,50259,19,1,0,2,0,0,0.03564,6.0,0,0.00049,1
4.971,42754,42623,12,1,0,0,0,0,0.33412,13.5,3,0.14144,1
5.23,1469,104,19,0,0,0,0,0,0.51191,2.13445,0,0.01361,1
3.981,107,39,7,0,0,0,0,0,0.58879,2.0,0,0.23364,1
5.681,2874,451,67,0,2,0,1,22,0.31907,5.5814,0,0.1016,1
5.545,102640,2313,2067,2,34,27,29,318,0.24882,5.8327,54,0.14981,1
5.632,69014,1603,1973,4,8,5,10,31,0.28115,6.46252,76,0.14216,1
5.16,16113,452,421,0,11,4,1,8,0.17489,8.29769,66,0.21206,1
5.217,1479,96,20,0,0,0,0,0,0.40906,2.7594,0,0.0142,1
4.323,120,19,9,1,0,0,0,0,0.825,2.75,0,0.11667,1
5.974,21673,175,521,0,5,0,1,31,0.18225,5.2235,7,0.08771,1
5.065,32300,174,1067,15,6,0,13,19,0.24028,5.70227,18,0.27548,1
5.585,1637,353,10,0,0,0,0,0,0.06231,3.44444,0,0.01466,1
6.02,53853,53628,10,0,0,0,0,0,0.0327,5.0,0,0.00063,1
5.354,33796,180,1166,0,1,0,0,0,0.25237,7.22263,60,0.1457,1
4.784,58,38,4,0,0,0,0,2,0.41379,3.5,0,0.05172,1
7.384,9046,621,110,1,0,2,0,6,0.48154,4.89231,0,0.06843,1
5.561,219895,120043,1054,9,9,6,10,383,0.13718,6.32225,76,0.04814,1
5.297,44552,410,1448,2,10,1,11,265,0.26919,5.58243,4,0.18197,1
6.028,74558,50,1466,1,0,2,0,0,0.03325,8.33333,0,0.01965,1
5.355,539,110,16,1,0,0,0,1,0.2616,5.38462,0,0.06679,1
5.756,84128,84018,6,1,0,1,0,0,0.00544,10.0,0,0.00021,1
5.974,86594,599,1889,3,7,3,7,357,0.28336,5.60459,54,0.12102,1
5.273,3916,136,125,0,0,0,1,0,0.25026,6.43182,0,0.1264,1
5.158,84,75,3,0,0,0,0,1,0.29762,9.0,0,0.07143,1
3.365,153295,152971,10,1,0,1,0,0,0.25462,0.0,0,0.00062,1
4.268,4746,4452,9,2,0,4,0,0,0.26064,6.0,0,0.03666,1
5.483,37391,351,1165,0,8,0,7,23,0.29138,6.12886,43,0.13206,1
5.165,94,83,2,0,0,0,1,1,0.41489,3.75,0,0.02128,1
6.056,50310,49152,27,1,0,3,0,0,0.04144,10.0,0,0.00662,1
5.699,170914,3744,3404,4,36,9,14,24,0.26681,5.72215,378,0.11486,1
6.006,115409,115229,11,0,0,0,0,0,0.03625,4.85714,0,0.00018,1
5.672,709804,91,8661,1,0,0,0,0,8e-05,9.0,0,0.01224,1
6.0,2002,87,24,0,0,0,0,0,0.3996,7.22857,12,0.09441,1
4.182,224,53,9,0,0,0,0,2,0.64732,3.14286,0,0.24554,1
5.241,1446,133,16,0,0,0,0,0,0.50553,2.17857,0,0.01176,1
5.821,11893,2809,226,0,4,0,0,2,0.16346,6.0,0,0.10552,1
4.667,66,65,2,1,0,1,0,0,0.27273,0.0,0,0.0303,1
4.857,274,96,10,1,0,1,0,1,0.20073,4.0,0,0.20803,1
5.818,85801,125,1182,0,0,0,0,2,0.04679,7.69231,0,0.04154,1
4.5,88800,88629,9,1,0,1,0,0,0.00059,12.83333,4,0.0002,1
4.306,433,137,10,0,1,1,0,0,0.28637,8.62963,6,0.08776,1
5.211,109825,34835,305,0,0,108,0,73,0.2369,25.99388,305,0.08654,1
5.475,131,66,9,0,0,0,0,0,0.44275,2.0,0,0.09924,1
5.452,6663,6663,1,2,0,1,0,0,0.05178,17.0,83,0.0009,1
4.693,74,25,6,0,1,0,0,2,0.39189,4.5,0,0.14865,1
5.313,1332,85,20,0,0,0,0,1,0.56982,2.22124,0,0.01577,1
5.253,248,89,7,1,0,0,0,0,0.24597,9.0,2,0.12097,1
6.015,38317,38178,6,1,0,2,0,0,0.03241,6.66667,0,0.00055,1
6.068,1629,85,20,0,0,0,0,0,0.40086,6.47761,6,0.07735,1
5.399,141238,4187,2517,3,36,5,12,82,0.28817,5.86096,406,0.11899,1
6.164,4513,4056,16,1,0,2,0,7,0.06359,6.63636,0,0.01041,1
5.66,63055,1172,1470,8,8,3,8,240,0.26618,4.95611,50,0.13664,1
6.035,1394,87,17,0,0,0,0,0,0.41607,7.36585,4,0.09541,1
5.517,116725,1212,3087,0,23,0,19,21,0.25181,5.85025,159,0.1428,1
5.534,74554,482,2144,3,8,4,10,31,0.28456,6.22997,76,0.14693,1
4.671,131627,348,4044,1,0,2,0,0,0.14443,7.53134,584,0.3395,1
5.603,267418,267418,1,2,0,0,0,0,0.03478,9.96,0,2e-05,1
4.73,64,64,1,1,0,0,1,1,0.46875,6.0,0,0.04688,1
5.349,67332,183,2492,0,1,6,4,81,0.2681,6.1135,50,0.1638,1
5.216,869,72,36,0,2,0,0,5,0.28193,6.05882,0,0.13003,1
4.495,567,97,14,0,0,0,0,0,0.61023,5.84,0,0.02293,1
4.752,102535,102242,8,1,3,3,3,4,0.24666,5.99713,0,0.04732,1
6.079,68300,65037,201,1,0,2,0,0,0.04225,6.14286,1,0.00782,1
5.165,1439,134,16,1,0,0,0,0,0.50799,2.2037,0,0.01181,1
5.257,2667,272,68,0,0,0,0,0,0.2171,5.02632,1,0.24372,1
5.097,144,60,7,0,0,0,0,1,0.4375,5.4,0,0.06944,1
5.604,75783,1263,1635,10,8,6,9,389,0.27752,5.00477,50,0.11871,1
4.664,17053,16759,9,2,1,1,0,17,0.25603,7.26437,0,0.0414,1
5.766,298793,298708,6,1,0,0,0,0,0.00235,3.42857,0,5e-05,1
5.618,77344,1240,1620,10,8,6,9,385,0.26567,5.00068,50,0.16287,1
5.278,38230,256,2027,0,3,2,3,4,0.2413,6.47353,57,0.23155,1
5.053,208,52,9,0,0,1,0,1,0.28846,2.5,0,0.06731,1
6.001,146413,146412,2,1,0,3,0,0,0.03304,0.0,0,2e-05,1
5.617,1329,144,18,0,1,1,1,1,0.22498,5.66667,0,0.08277,1
5.118,98,48,5,0,0,0,0,2,0.30612,5.5,0,0.11224,1
5.279,357,80,14,0,0,0,0,3,0.29132,6.66667,0,0.10644,1
5.38,76794,613,1747,1,0,6,8,107,0.28381,5.79988,132,0.18929,1
5.141,5491,111,193,0,2,0,0,0,0.14751,6.62195,7,0.17811,1
2.644,653,123,24,0,0,0,0,0,0.90812,6.88889,0,0.03982,1
5.723,80661,8885,2136,4,19,7,27,260,0.25838,5.57465,109,0.11618,1
5.147,5758,291,181,0,1,0,2,23,0.26572,5.65957,5,0.22925,1
5.246,1466,118,18,0,0,0,0,0,0.50819,2.17094,0,0.01296,1
5.221,1469,105,19,0,0,0,0,1,0.40708,2.76692,1,0.01361,1
5.621,162802,3543,3158,4,36,9,14,32,0.26836,5.71893,378,0.11906,1
6.076,994,85,13,0,0,0,0,0,0.41952,7.25714,7,0.05936,1
5.689,151507,3597,2928,3,15,13,12,16,0.26637,5.77084,381,0.11556,1
5.484,79,29,10,1,0,0,0,1,0.60759,6.0,0,0.1519,1
4.958,98,46,3,0,0,0,0,2,0.2551,5.0,0,0.14286,1
4.796,188,123,7,2,0,0,0,1,0.2234,5.85714,0,0.15426,1
5.151,324,64,13,0,0,1,3,2,0.28395,4.66667,0,0.0679,1
5.959,133680,39947,2210,6,9,9,14,406,0.20518,6.1853,44,0.06975,1
5.472,86,77,3,1,0,2,0,0,0.19767,0.0,0,0.02326,1
4.541,50,40,4,1,0,0,0,0,0.32,0.0,0,0.08,1
4.657,10939,935,79,1,0,0,0,2,0.35698,8.01341,0,0.03273,1
5.532,66701,785,1520,7,7,3,8,320,0.26442,4.92904,51,0.18057,1
5.537,30376,2315,694,1,6,0,4,95,0.30221,5.24823,8,0.09801,1
6.024,36644,36418,12,1,0,0,0,0,0.03452,4.55556,0,0.00096,1
5.317,485,123,10,0,0,0,0,3,0.32577,6.66667,0,0.09072,1
5.635,17261,302,522,0,0,0,0,0,0.22936,7.22939,25,0.15434,1
5.036,11807,90,462,0,1,1,9,10,0.26442,4.30515,8,0.3038,1
5.442,34391,180,1169,0,1,0,0,0,0.24916,7.22263,60,0.1562,1
5.327,748,86,74,0,0,0,0,5,0.26738,6.28571,0,0.15909,1
5.505,16317,1200,283,1,6,0,2,37,0.29074,5.43767,4,0.08592,1
5.205,76,75,2,0,1,0,0,0,0.23684,0.0,0,0.09211,1
5.424,11667,172,440,0,1,1,0,22,0.21522,5.69388,10,0.17845,1
5.146,303,39,20,1,0,0,0,1,0.34983,4.11765,0,0.09901,1
3.364,388,171,12,0,0,0,0,0,0.96392,3.90196,0,0.02835,1
5.302,6331,557,170,0,3,0,2,8,0.20028,7.44318,33,0.16727,1
6.008,1225,87,15,0,0,0,0,0,0.40816,7.58824,5,0.09224,1
5.904,111682,7566,2105,4,4,5,5,533,0.29462,5.91845,132,0.09631,1
5.198,1466,116,18,0,0,0,0,0,0.40314,3.0155,1,0.01296,1
6.014,93534,93127,17,1,0,2,0,0,0.03723,5.0,0,0.00033,1
5.487,1356,99,43,0,0,0,1,6,0.32817,5.68,0,0.17109,1
6.119,70657,62952,268,0,2,1,2,19,0.0453,6.81143,27,0.01626,1
5.471,2807,279,67,0,1,0,0,9,0.25472,6.4359,0,0.09797,1
5.213,615,160,9,0,0,0,0,3,0.31382,6.66667,0,0.06829,1
6.006,51543,51454,4,1,0,2,0,0,0.03323,7.0,0,0.00033,1
5.782,49178,490,1472,1,16,7,17,163,0.29149,5.82494,127,0.11009,1
5.422,2221,115,68,0,3,0,0,14,0.28321,8.63158,5,0.11481,1
5.367,56029,4287,1101,3,10,4,13,84,0.18464,6.07797,43,0.15372,1
4.922,68,68,1,0,0,0,0,1,0.45588,5.0,0,0.08824,1
5.794,17339,124,463,0,3,3,4,37,0.23681,5.41019,0,0.1477,1
3.475,17761,17467,9,0,0,0,0,0,0.26721,0.0,0,0.0049,1
5.195,1449,121,17,0,0,0,0,0,0.50932,2.14655,0,0.01242,1
5.194,1585,226,38,0,0,0,1,8,0.29022,5.77778,0,0.15394,1
6.027,10988,10409,3,1,0,2,0,0,0.03203,10.0,0,0.00209,1
5.422,192,66,9,0,0,0,0,2,0.30208,6.83333,0,0.11979,1
5.87,229103,31483,3595,4,56,12,16,90,0.2078,5.75628,386,0.10741,1
6.121,4498,2999,74,0,0,1,1,7,0.09893,4.17308,0,0.07048,1
5.731,19008,1313,289,3,6,2,2,37,0.25179,5.4,4,0.0756,1
5.608,44191,44191,1,2,0,0,0,0,0.02944,9.96,0,0.00014,1
5.523,31315,447,873,1,6,0,4,95,0.29535,5.24823,8,0.12077,1
5.433,353,344,3,1,0,1,0,0,0.25496,9.0,0,0.0085,1
6.005,58939,58888,2,1,0,2,0,0,0.03325,0.0,0,0.00031,1
5.728,94754,94754,1,1,0,1,0,0,0.00338,0.0,0,2e-05,1
5.546,7616,919,229,0,0,0,3,4,0.22203,4.27083,2,0.13813,1
5.61,44204,509,1309,1,7,0,9,144,0.31137,6.22434,85,0.15809,1
5.542,60446,10905,188,6,7,2,8,321,0.29198,4.91222,48,0.10578,1
4.494,66,66,1,0,0,0,0,1,0.42424,3.33333,0,0.06061,1
4.38,116,116,1,1,0,0,0,0,0.43966,8.0,0,0.11207,1
5.351,17511,359,646,0,6,0,2,13,0.20444,6.25503,4,0.18263,1
4.753,51961,465,1231,0,21,0,6,10,0.2311,5.76661,85,0.31306,1
5.16,16113,452,421,0,11,4,1,8,0.17489,8.29769,66,0.21206,1
5.076,95,47,5,0,0,0,0,2,0.31579,5.5,0,0.08421,1
5.234,212,47,11,1,0,0,0,1,0.26887,8.4,2,0.08491,1
5.243,2590,224,61,0,0,0,0,16,0.41081,6.85714,0,0.08919,1
5.411,147,78,4,1,0,1,0,3,0.30612,5.33333,0,0.10204,1
5.824,29030,206,731,1,6,1,5,97,0.28126,5.4126,0,0.08953,1
5.323,8944,365,234,3,2,0,3,12,0.28097,7.29231,50,0.14803,1
5.208,73626,73625,2,1,0,0,0,0,0.22446,11.86047,23,0.06077,1
5.225,1469,106,19,0,0,0,0,0,0.40708,2.91729,2,0.01361,1
5.348,30371,634,988,1,7,2,5,16,0.27013,6.13347,75,0.16404,1
5.276,7676,454,222,0,4,0,0,2,0.19971,6.0,0,0.15972,1
4.798,64680,64679,2,0,0,0,0,1,0.38791,4.77839,0,0.03966,1
4.172,3879,3585,9,1,1,1,0,2,0.26527,7.0,0,0.03583,1
5.446,118307,639,1488,1,0,0,0,0,0.04484,7.04348,5,0.01326,1
5.613,8996,1000,181,0,1,0,2,21,0.29424,5.3547,0,0.09782,1
5.365,667,161,21,0,0,0,0,4,0.28636,8.11765,5,0.10345,1
5.904,111604,7566,2027,4,4,5,5,533,0.29483,5.91845,132,0.09568,1
5.04,1486,97,20,0,0,0,0,0,0.51077,2.90189,3,0.01413,1
5.793,90797,16271,1768,6,7,6,9,324,0.28807,4.98736,60,0.16235,1
6.01,48903,48903,1,1,0,2,0,0,0.03413,4.91667,0,0.00031,1
5.363,211,53,8,0,0,0,0,2,0.30806,4.6,0,0.08531,1
6.085,29782,29782,1,1,0,0,0,0,0.05372,9.83735,63,0.01091,1
5.502,635,82,24,0,0,0,0,2,0.26929,7.94118,4,0.10866,1
5.444,373127,373126,2,2,0,0,0,0,0.0427,9.96,0,2e-05,1
5.869,59110,855,1627,4,8,5,11,177,0.32656,6.11931,98,0.15255,1
5.397,87,87,1,1,0,1,0,0,0.25287,4.0,0,0.02299,1
5.818,85801,125,1182,0,0,0,0,2,0.04679,7.69231,0,0.04154,1
6.009,110080,109903,11,0,0,0,0,0,0.03384,4.85714,0,0.00019,1
5.422,192,66,9,0,0,0,0,2,0.30208,6.83333,0,0.11979,1
5.832,3153,3152,2,2,0,0,0,0,0.10117,9.96,0,0.00222,1
5.175,1459,116,18,0,0,0,0,1,0.40507,2.64885,1,0.01302,1
6.021,47490,47264,12,0,0,0,0,0,0.0338,5.0,0,0.00074,1
5.586,164110,3544,3285,4,39,10,14,38,0.26056,5.74599,373,0.13668,1
5.391,40555,544,927,1,12,0,5,47,0.2754,6.16667,36,0.1318,1
5.84,81066,5859,1629,6,7,10,10,230,0.25119,6.02682,30,0.12704,1
5.711,38636,91,482,1,0,0,0,0,0.00137,9.0,0,0.0131,1
5.767,298799,298708,7,1,0,0,0,0,0.00238,2.5,0,5e-05,1
4.522,28,28,1,1,0,0,0,1,0.42857,9.0,0,0.03571,1
6.02,63901,63227,15,0,0,2,0,0,0.03152,9.06667,4,0.00167,1
5.465,8870,150,333,0,1,0,3,40,0.29966,5.07895,0,0.10936,1
6.014,93545,93127,17,1,0,2,0,0,0.03721,5.0,0,0.0003,1
5.801,16239,2793,757,0,3,0,2,19,0.22711,5.65031,4,0.1433,1
5.608,15878,452,501,2,0,0,4,54,0.31711,6.16384,39,0.07873,1
4.491,1489,131,53,2,0,2,0,1,0.31095,2.32673,0,0.3734,1
5.096,53,53,1,0,0,1,0,1,0.41509,3.33333,0,0.01887,1
3.437,417,97,11,0,0,0,0,0,0.93046,2.65333,0,0.06235,1
5.48,951,102,23,0,0,0,0,0,0.40273,5.9375,0,0.11041,1
5.621,393779,392640,3,1,0,0,0,0,0.04523,10.0,0,1e-05,1
6.082,48668,428,1213,4,5,2,2,83,0.20171,6.08968,61,0.08217,1
3.93,44,43,2,0,0,0,0,3,0.70455,5.0,0,0.02273,1
5.094,10000,134,371,0,4,0,0,15,0.2213,4.68056,0,0.2327,1
5.168,70076,1716,1461,3,10,6,17,283,0.21333,5.41096,71,0.24795,1
4.74,836,61,35,1,0,1,0,2,0.26077,2.61702,0,0.34569,1
4.959,61,52,3,0,0,0,0,1,0.39344,9.0,0,0.13115,1
4.414,25942,138,634,0,0,0,6,0,0.20334,5.6413,11,0.41234,1
4.806,117,63,5,0,0,0,0,1,0.32479,5.6,0,0.1453,1
5.586,164110,3544,3285,4,39,10,14,38,0.26056,5.74599,373,0.13668,1
5.395,13352,415,289,1,0,1,0,55,0.23015,6.92157,9,0.14747,1
5.122,92,39,4,0,0,0,0,1,0.3913,7.66667,0,0.03261,1
4.522,85,19,6,0,0,0,0,1,0.28235,3.66667,0,0.27059,1
5.938,41219,14043,780,2,8,4,8,80,0.15983,5.90147,21,0.08025,1
5.439,224,74,6,0,0,0,1,2,0.47768,3.0,0,0.05357,1
5.796,108318,599,2296,4,7,6,9,464,0.29556,5.80978,84,0.12942,1
4.5,88800,88629,9,1,0,1,0,0,0.00059,12.83333,4,0.0002,1
5.904,111604,7566,2027,4,4,5,5,533,0.29483,5.91845,132,0.09568,1
4.72,343,342,2,1,0,0,0,0,0.25073,8.0,0,0.00875,1
5.394,187,58,8,1,0,0,0,3,0.28342,5.0,0,0.06417,1
4.31,149,59,11,0,0,0,0,1,0.62416,9.0,0,0.07383,1
5.936,98937,1073,1888,3,7,3,7,365,0.29002,5.59912,54,0.10151,1
5.297,37240,256,1011,0,3,2,3,4,0.24782,6.47353,57,0.21071,1
5.561,219891,120043,1054,9,9,6,10,383,0.13722,6.32225,76,0.04815,1
4.554,115,43,8,1,0,0,0,1,0.1913,6.0,0,0.28696,1
5.231,1469,111,19,0,0,0,0,0,0.40708,2.54167,0,0.01361,1
5.782,49178,490,1472,1,16,7,17,163,0.29149,5.82494,127,0.11009,1
4.84,68,23,5,0,0,0,0,1,0.32353,9.0,0,0.07353,1
5.408,12415,424,755,0,3,0,2,19,0.26935,5.65031,4,0.18623,1
5.699,170914,3744,3404,4,36,9,14,24,0.26681,5.72215,378,0.11486,1
5.811,103564,599,2227,5,7,6,9,412,0.29022,5.95128,93,0.11614,1
5.905,173,143,4,1,0,2,0,0,0.15029,3.0,0,0.02312,1
4.632,31,31,1,1,0,0,0,1,0.41935,9.0,0,0.03226,1
5.672,709804,91,8661,1,0,0,0,0,8e-05,9.0,0,0.01224,1
4.37,121013,113112,292,0,0,0,0,35,0.01889,5.80392,0,0.00803,1
5.222,1486,103,20,0,0,0,0,0,0.51077,2.12195,0,0.01413,1
5.605,168390,1570,3365,5,39,11,14,24,0.26189,5.75618,377,0.14811,1
5.467,19534,295,659,0,7,0,6,37,0.29999,7.27809,46,0.15737,1
5.406,2963,175,98,0,0,0,0,17,0.27978,6.72917,2,0.09956,1
5.591,189911,11591,3310,6,44,12,17,56,0.23207,5.79995,408,0.14216,1
5.817,3062,3061,2,2,0,0,0,0,0.10777,9.96,0,0.00229,1
5.157,8100,454,222,0,4,0,0,2,0.19037,6.0,0,0.19889,1
5.009,219,131,5,0,0,0,0,2,0.2968,9.0,0,0.08219,1
5.673,686,113,17,0,0,4,1,0,0.22449,3.0,0,0.19971,1
5.618,3115,349,74,0,6,0,0,17,0.28475,6.45556,1,0.08218,1
6.006,1307,87,16,0,0,0,0,0,0.39709,7.4,9,0.09717,1
4.002,47676,47655,5,0,0,0,0,0,0.51504,0.0,0,8e-05,1
5.407,2363,90,81,0,4,0,0,0,0.20398,5.97403,0,0.146,1
4.995,37684,485,951,0,4,0,3,8,0.23418,6.24402,45,0.26507,1
5.583,125521,7487,3877,6,13,7,19,229,0.24008,5.74216,81,0.16533,1
4.815,74,64,3,0,0,0,0,1,0.31081,9.5,0,0.13514,1
4.829,90,57,4,0,0,0,0,1,0.31111,5.66667,0,0.07778,1
5.391,40555,544,927,1,12,0,5,47,0.2754,6.16667,36,0.1318,1
5.667,15268,15267,2,0,0,97,0,27,0.35152,4.84368,0,0.02089,1
5.224,55673,2220,1308,2,1,0,7,95,0.29774,6.28931,85,0.2715,1
4.395,60,30,4,1,1,0,0,0,0.28333,7.0,0,0.21667,1
5.599,31801,214,730,1,6,1,5,97,0.2566,5.4126,0,0.1693,1
5.407,6432,6431,2,1,0,0,0,0,0.19916,17.0,23,0.0541,1
4.793,98,50,5,0,0,0,0,2,0.37755,5.0,0,0.14286,1
6.082,21194,426,257,1,0,2,0,3,0.04058,7.13333,0,0.0126,1
4.658,81,56,4,1,1,0,0,0,0.28395,0.0,0,0.19753,1
5.141,663,122,16,1,0,0,0,0,0.20814,12.38095,10,0.09955,1
6.164,4513,4056,16,1,0,2,0,7,0.06359,6.63636,0,0.01041,1
5.302,10344,228,285,0,1,0,8,3,0.31719,6.48945,15,0.15594,1
5.225,431,116,24,0,0,0,0,0,0.32251,2.53333,0,0.13457,1
5.824,29030,206,731,1,6,1,5,97,0.28126,5.4126,0,0.08953,1
4.961,110,101,3,2,0,0,0,1,0.33636,5.66667,0,0.06364,1
5.327,91703,1636,2370,3,12,17,22,245,0.24623,6.44028,99,0.2066,1
5.872,129036,1753,2927,4,5,9,11,12,0.22847,5.66156,259,0.07896,1
5.909,135598,39949,2488,6,9,3,21,317,0.19825,5.98401,55,0.09871,1
6.015,133696,25035,1436,0,5,10,16,93,0.05807,6.6711,38,0.03156,1
3.333,218872,109227,69,1,4,0,6,2,0.2502,3.64865,0,0.00242,1
4.318,107,54,5,0,0,0,0,1,0.58879,4.0,0,0.07477,1
5.842,151319,39953,2557,9,9,6,10,372,0.18465,6.4075,98,0.09689,1
4.948,110,101,3,2,0,0,0,1,0.33636,5.66667,0,0.04545,1
5.202,10842,163,305,0,7,4,0,0,0.17432,8.65152,43,0.1936,1
4.207,284,40,15,2,0,0,0,2,0.23239,6.66667,0,0.41197,1
6.001,146413,146412,2,1,0,3,0,0,0.03304,0.0,0,2e-05,1
6.056,50309,49152,26,1,0,3,0,0,0.04144,10.0,0,0.0066,1
5.872,226855,31483,3559,4,56,12,16,90,0.20793,5.76083,386,0.10409,1
4.35,106,55,4,0,0,0,0,1,0.59434,4.0,0,0.06604,1
4.884,92,41,4,1,0,0,0,0,0.3587,0.0,0,0.09783,1
5.934,121600,39949,1954,5,7,5,12,353,0.19599,6.0256,34,0.07953,1
5.165,94,83,2,0,0,0,1,1,0.41489,3.75,0,0.02128,1
3.344,386,171,12,0,0,0,0,0,0.96373,3.90196,0,0.0285,1
5.563,15427,309,501,2,0,0,4,46,0.3173,6.22581,39,0.07915,1
5.242,1178,72,40,1,0,0,0,23,0.40238,5.21348,0,0.05263,1
4.777,243,28,17,0,0,0,0,1,0.27984,3.28571,0,0.23045,1
5.251,1486,96,20,0,0,0,0,0,0.6144,2.14286,0,0.01413,1
5.459,4059,170,84,0,0,0,2,9,0.37916,5.33333,0,0.16531,1
5.18,1446,135,16,0,0,0,0,0,0.50553,2.34906,0,0.01176,1
6.165,2006,84,25,0,0,0,0,0,0.38036,8.31081,19,0.06082,1
5.672,204549,4755,1434,46,5,8,2,646,0.35206,2.75399,16,0.02894,1
6.005,24899,24890,3,1,0,4,0,0,0.03374,0.0,0,8e-05,1
4.702,2480,121,90,0,1,0,0,8,0.25161,5.64516,0,0.33992,1
5.414,113,113,1,0,0,0,0,3,0.38938,6.0,0,0.0177,1
5.544,102539,2313,2064,2,34,27,29,317,0.24872,5.82979,54,0.1499,1
4.17,44284,43990,9,1,0,1,0,55,0.26088,6.01942,0,0.0226,1
5.793,584174,116024,6945,5,55,12,30,133,0.09254,5.68622,370,0.04554,1
5.601,511,102,15,2,0,0,0,6,0.31703,5.375,0,0.08415,1
3.944,3787,3631,5,2,0,0,0,0,0.74148,2.40476,0,0.01241,1
2.962,1120,119,35,0,0,1,0,1,0.90893,3.01724,0,0.05446,1
4.726,1095,68,37,0,1,0,1,0,0.19726,5.29412,1,0.30502,1
6.183,347849,134959,1632,48,4,7,2,644,0.37979,2.73801,16,0.04425,1
4.702,39,39,1,0,0,0,0,1,0.5641,4.0,0,0.02564,1
4.516,224883,8740,3134,4,13,14,19,655,0.19106,5.81213,135,0.40396,1
5.481,36360,180,1118,0,0,0,0,0,0.24494,7.35698,80,0.15228,1
4.656,41,41,1,1,0,0,0,1,0.31707,9.0,0,0.02439,1
5.359,435,94,18,0,0,0,1,4,0.30805,5.0,0,0.08966,1
5.181,1446,134,16,0,0,0,0,1,0.39903,2.82677,0,0.01176,1
6.039,24597,24590,2,0,0,0,0,0,0.03964,6.85185,0,8e-05,1
5.731,1729,182,42,1,0,0,1,2,0.34297,5.0,0,0.06536,1
4.739,97,63,3,0,0,0,0,1,0.40206,6.0,0,0.03093,1
5.91,134087,134086,2,1,0,1,0,1,0.0281,8.93023,29,0.00045,1
4.35,106,55,4,0,0,0,0,1,0.59434,4.0,0,0.06604,1
5.745,190502,15451,3185,5,13,12,16,56,0.22025,5.89566,432,0.13542,1
5.671,145888,145888,1,2,0,0,0,0,0.03507,9.96,0,4e-05,1
4.981,75329,788,1514,6,7,2,8,320,0.23427,4.86192,44,0.28407,1
4.945,271,53,12,0,0,0,0,1,0.40959,4.14815,0,0.08487,1
5.982,2262,977,46,1,0,4,0,2,0.14898,5.875,0,0.08046,1
6.027,53064,52559,23,1,0,2,0,0,0.03624,6.0,0,0.00049,1
5.329,91006,1636,2348,3,12,17,22,243,0.24643,6.44646,99,0.20692,1
6.001,216533,216478,5,1,0,2,0,0,0.03231,0.0,0,5e-05,1
5.386,131588,3543,2652,3,36,8,13,20,0.2918,5.71041,371,0.13155,1
5.562,15410,310,503,2,0,0,4,46,0.31746,6.22581,39,0.07891,1
5.625,79643,1264,1638,10,8,6,9,389,0.26577,5.00477,50,0.1591,1
5.257,2198,159,56,0,0,0,2,13,0.28435,5.75,0,0.15241,1
5.201,5057,341,103,0,1,0,0,3,0.29187,6.94737,1,0.1052,1
5.89,111000,7923,2131,2,16,9,24,210,0.24519,5.91687,43,0.09006,1
4.77,275394,275384,4,2,14,2,21,153,0.31476,8.59961,290,0.01047,1
6.005,58939,58888,2,1,0,2,0,0,0.03325,0.0,0,0.00031,1
5.716,19821,18293,62,1,0,1,0,0,0.01549,6.72727,0,0.03542,1
4.539,32,22,4,1,0,0,0,1,0.40625,5.0,0,0.125,1
5.616,99706,98836,27,1,0,1,0,0,0.0061,8.0,1,0.00253,1
5.662,189,188,2,1,0,1,0,0,0.05291,0.0,0,0.01058,1
0.859,1883,1879,3,0,0,0,0,0,0.03877,4.69231,0,0.9145,1
6.204,119583,38092,2085,4,15,8,20,213,0.22242,5.92043,128,0.09234,1
5.74,116935,5859,2507,8,8,10,12,185,0.24603,7.79527,294,0.12191,1
5.62,162335,2289,3155,4,36,10,14,24,0.26799,5.72291,378,0.11884,1
5.234,1479,100,20,0,0,0,0,0,0.51318,2.25,0,0.0142,1
5.596,26361,484,645,2,1,0,6,230,0.32495,5.00297,0,0.08619,1
5.414,53544,183,2062,0,1,6,3,81,0.26937,6.008,37,0.16594,1
5.365,1028,348,46,1,0,0,0,2,0.26265,5.0,0,0.14591,1
5.131,5105,459,142,0,1,0,0,2,0.25681,8.18519,3,0.15906,1
5.853,3195,228,74,0,0,3,1,4,0.34116,5.03306,3,0.07512,1
5.964,1409,89,17,0,0,0,0,0,0.37686,6.64444,7,0.1171,1
5.25,101438,101438,1,0,0,108,0,73,0.25649,25.99388,305,0.01101,1
5.776,100897,599,2246,4,9,3,10,413,0.30783,5.93978,93,0.12541,1
5.243,1493,91,45,0,0,0,0,7,0.1641,7.15385,0,0.16075,1
5.332,1305,99,18,0,0,0,0,1,0.57088,2.22034,0,0.01456,1
4.931,81,28,7,1,0,1,0,1,0.33333,3.0,0,0.17284,1
4.278,1115,106,31,0,2,2,0,4,0.15964,7.0,0,0.39103,1
5.766,298771,298708,10,1,0,0,0,0,0.00233,2.0,0,6e-05,1
5.375,280,72,10,0,0,0,0,0,0.21786,9.0,0,0.08571,1
5.241,1446,133,16,0,0,0,0,0,0.50553,2.17857,0,0.01176,1
6.022,28048,27794,12,1,0,4,0,0,0.03323,4.66667,0,0.00107,1
5.159,218,64,7,1,0,4,0,0,0.27523,8.0,0,0.05046,1
5.66,621,100,9,0,0,0,0,0,0.16264,5.0,0,0.03543,1
5.908,225710,31483,3608,4,56,12,16,90,0.21126,5.75628,386,0.09292,1
6.104,1389,88,17,0,0,0,0,0,0.38661,7.71111,15,0.08063,1
4.278,22,22,1,1,0,0,0,1,0.59091,6.0,0,0.0,1
5.79,33642,1047,1034,0,7,1,7,40,0.26303,5.77459,36,0.09687,1
5.272,347,72,17,0,1,0,0,3,0.29107,6.0,0,0.13545,1
4.95,289,86,8,2,0,1,0,1,0.33564,9.76923,4,0.11073,1
5.746,111929,111339,20,0,0,3,0,0,0.21622,4.83333,0,0.00087,1
3.213,740,123,27,1,0,0,0,1,0.83784,6.875,0,0.03919,1
5.756,64151,452,1576,1,6,12,12,169,0.27443,5.05459,34,0.11727,1
4.024,43,43,1,0,0,0,0,3,0.5814,6.0,0,0.0,1
4.968,56,56,1,0,0,0,0,1,0.44643,9.0,0,0.07143,1
6.009,109547,109371,10,0,0,0,0,0,0.03417,4.85714,0,0.00018,1
7.367,8854,732,120,1,0,2,0,6,0.493,4.25926,0,0.06946,1
5.428,1522,184,59,0,1,0,0,7,0.24113,5.47059,0,0.1498,1
6.109,1372,86,17,0,0,0,0,0,0.40671,6.95556,8,0.0809,1
5.348,434,94,18,0,0,0,1,4,0.30645,5.0,0,0.08986,1
5.69,150551,3604,2887,3,15,13,12,16,0.26674,5.76835,380,0.11376,1
4.942,99,38,5,0,0,1,0,2,0.35354,4.5,0,0.09091,1
1.361,301,301,1,1,0,1,0,1,0.05316,6.0,0,0.84718,1
5.354,6729,322,168,1,6,0,1,27,0.28756,5.62893,4,0.09853,1
5.431,44446,359,1523,1,11,0,8,68,0.27724,6.0082,47,0.22402,1
5.964,1409,89,17,0,0,0,0,0,0.37686,6.64444,7,0.1171,1
4.59,104,34,5,0,0,0,0,2,0.28846,7.66667,0,0.19231,1
5.73,81118,8885,2136,4,19,7,27,268,0.25893,5.56978,109,0.11567,1
5.396,86535,455,2554,8,3,6,12,8,0.26254,4.34623,53,0.20173,1
5.319,1285,123,16,0,0,0,0,0,0.44903,2.59524,0,0.01323,1
5.433,8125,150,293,0,0,0,2,39,0.30634,5.12281,0,0.10634,1
5.682,146438,91,1812,1,0,0,0,0,0.00038,9.0,0,0.01254,1
6.009,10276,10267,3,1,0,2,0,0,0.03328,0.0,0,0.00019,1
5.935,121604,39949,1955,5,7,5,12,353,0.19601,6.0256,34,0.07954,1
5.367,56029,4287,1101,3,10,4,13,84,0.18464,6.07797,43,0.15372,1
5.587,131931,7487,3985,6,13,4,20,241,0.24411,5.5989,84,0.16232,1
6.087,21008,426,255,1,0,2,0,3,0.04384,7.13333,0,0.01261,1
5.562,66761,436,1980,3,8,4,10,25,0.27654,6.45196,72,0.14732,1
5.77,2659,2591,4,1,0,7,0,0,0.06506,0.0,0,0.00715,1
5.782,103503,599,2203,4,7,6,9,406,0.29308,5.93252,88,0.12474,1
5.433,353,344,3,1,0,1,0,0,0.25496,9.0,0,0.0085,1
4.431,27,27,1,1,0,0,0,1,0.40741,6.0,0,0.03704,1
4.886,176,123,5,2,0,0,0,1,0.23864,5.85714,0,0.08523,1
5.623,42672,1505,662,5,15,1,3,152,0.28182,5.97783,16,0.07794,1
5.774,91258,90098,32,0,0,2,0,0,0.10841,11.05263,7,0.00137,1
6.253,294,50,25,1,1,0,0,2,0.56463,3.0,0,0.15306,1
5.922,26106,251,335,0,0,0,0,6,0.18597,5.136,0,0.02467,1
6.008,23327,23271,7,1,0,2,0,0,0.03241,5.0,0,0.00034,1
5.414,53543,183,2061,0,1,6,3,81,0.26937,6.008,37,0.16592,1
5.339,7180,546,183,0,0,0,1,8,0.24596,6.64286,1,0.11058,1
5.776,100897,599,2246,4,9,3,10,413,0.30783,5.93978,93,0.12541,1
3.545,126516,2055,1394,8,8,1,8,275,0.14135,4.97531,48,0.56219,1
5.594,4288,4287,2,1,0,0,0,0,0.21968,17.0,23,0.03218,1
4.585,77632,1461,1186,0,0,0,0,1,0.32309,4.80555,0,0.20322,1
5.475,460,97,8,0,0,0,0,0,0.25652,6.0,0,0.06739,1
5.469,136,60,6,0,0,0,0,2,0.40441,5.25,0,0.08824,1
5.984,441496,441495,2,1,0,0,0,0,0.14532,10.90244,23,0.03022,1
4.945,23152,164,622,1,1,0,1,32,0.19065,7.30405,30,0.26253,1
4.999,330,64,20,0,1,0,0,2,0.24242,6.5,0,0.24848,1
5.703,114302,114302,1,2,0,0,0,0,0.05324,9.96,0,5e-05,1
6.028,2457,2456,2,1,0,2,0,0,0.03704,0.0,0,0.00122,1
4.988,102,39,5,0,0,1,0,2,0.34314,4.5,0,0.11765,1
5.386,240,137,4,0,0,0,0,3,0.27083,9.0,0,0.025,1
2.869,1106,119,36,0,0,0,0,1,0.91772,3.01724,0,0.05606,1
6.013,136251,109,2358,6,14,22,33,22,0.04969,6.84238,45,0.03603,1
5.895,139821,2657,2901,4,8,11,13,12,0.23792,5.6171,275,0.10001,1
5.624,79544,1264,1634,10,8,6,9,389,0.26555,5.00477,50,0.15922,1
5.612,8998,1000,181,0,1,0,2,21,0.29418,5.3547,0,0.0978,1
5.629,1940,121,77,0,0,0,0,2,0.22577,7.27273,2,0.11804,1
4.786,3136,77,131,0,1,1,1,0,0.1773,5.37705,0,0.26722,1
6.02,61563,40,1503,1,0,2,0,0,0.03461,0.0,0,0.02443,1
5.414,53543,183,2061,0,1,6,3,81,0.26937,6.008,37,0.16592,1
5.185,1479,97,20,0,0,0,0,0,0.61731,2.15702,0,0.0142,1
5.328,359,353,2,0,0,0,0,6,0.3454,6.83333,0,0.04735,1
5.766,298786,298709,8,1,0,0,0,0,0.00235,2.33333,0,6e-05,1
4.22,24,24,1,0,0,0,0,1,0.5,5.0,0,0.04167,1
5.22,493,493,1,0,0,0,0,4,0.30629,6.35714,0,0.06288,1
4.975,2244,141,94,0,0,0,0,3,0.27763,3.91753,0,0.29813,1
5.396,86535,455,2554,8,3,6,12,8,0.26254,4.34623,53,0.20173,1
5.73,81118,8885,2136,4,19,7,27,268,0.25893,5.56978,109,0.11567,1
5.122,3955,120,128,0,0,0,0,10,0.22174,5.8,0,0.22099,1
5.618,160181,3543,3072,4,36,9,13,20,0.26848,5.72311,378,0.11842,1
5.855,1964,93,22,0,0,0,0,0,0.37271,7.09677,7,0.1558,1
4.932,106,41,5,0,0,1,0,2,0.33962,5.0,0,0.12264,1
4.44,110,57,4,0,0,0,0,1,0.57273,5.33333,0,0.06364,1
5.297,1124,114,37,0,1,0,0,6,0.24911,5.94118,0,0.15925,1
6.002,65652,65616,3,1,0,2,0,0,0.0313,0.0,0,6e-05,1
5.151,324,64,13,0,0,1,3,2,0.28395,4.66667,0,0.0679,1
5.949,222039,35948,4535,8,9,4,8,23,0.21471,6.24272,205,0.08645,1
5.178,1459,116,18,0,0,0,0,0,0.40507,2.57364,1,0.01302,1
5.502,12651,466,334,1,5,0,0,16,0.2712,7.58065,17,0.11319,1
5.509,1030,116,27,0,0,0,0,6,0.30777,6.65,0,0.10874,1
4.736,60,55,3,1,0,0,0,1,0.36667,6.0,0,0.06667,1
5.757,192,88,10,2,0,0,0,1,0.36458,4.33333,0,0.08854,1
5.761,49150,490,1481,1,16,7,17,163,0.28627,5.82494,127,0.11499,1
5.356,663,72,34,0,0,0,0,1,0.2549,13.5,3,0.12217,1
3.308,217559,108907,57,0,4,0,6,2,0.2503,3.82609,0,0.00103,1
5.243,2590,224,61,0,0,0,0,16,0.41081,6.85714,0,0.08919,1
6.015,38317,38178,6,1,0,2,0,0,0.03241,6.66667,0,0.00055,1
4.516,224883,8740,3134,4,13,14,19,655,0.19106,5.81213,135,0.40396,1
5.023,122,70,5,0,0,0,0,1,0.29508,3.75,0,0.08197,1
5.551,58708,695,1420,1,11,0,14,172,0.29739,4.97248,52,0.08692,1
5.588,129481,7487,3738,6,13,4,19,229,0.24478,5.59752,81,0.15912,1
4.385,638,46,29,1,0,2,0,3,0.22884,6.15789,0,0.38871,1
4.794,425,74,11,1,1,0,0,0,0.13647,0.0,0,0.14824,1
4.404,25,25,1,1,0,0,0,1,0.48,6.0,0,0.04,1
4.539,32,22,4,1,0,0,0,1,0.40625,5.0,0,0.125,1
5.971,1655,93,19,0,0,0,0,0,0.35166,7.67797,7,0.13897,1
6.019,70620,40,1724,1,0,2,0,0,0.03476,0.0,0,0.02443,1
5.591,17665,448,583,0,10,0,4,38,0.23142,6.52362,23,0.13609,1
5.148,5496,111,193,0,2,0,0,0,0.14738,6.62195,7,0.17795,1
6.1,21746,609,261,1,0,2,0,6,0.04764,6.94118,0,0.01251,1
5.577,62707,349,1457,0,0,2,6,114,0.28349,5.77881,71,0.14102,1
6.007,23749,23715,7,1,0,2,0,0,0.0331,5.0,0,0.00034,1
4.655,10129,888,80,1,0,0,0,2,0.3413,8.00858,0,0.03544,1
3.774,15,14,2,0,0,0,0,1,0.66667,5.0,0,0.06667,1
5.697,64803,2932,1284,1,10,6,19,263,0.26553,6.06956,83,0.08555,1
4.795,48455,48455,1,0,0,0,0,1,0.38283,4.79583,0,0.05465,1
5.534,45547,2986,793,0,0,0,0,0,0.18023,0.0,0,0.14519,1
5.751,7264,5173,57,0,0,22,0,14,0.3092,4.85,0,0.05548,1
5.369,206,51,7,0,0,0,0,2,0.31553,4.33333,0,0.08738,1
6.136,1529,85,19,0,0,0,0,0,0.414,6.8,4,0.0739,1
4.329,594,594,1,0,0,2,0,0,0.07576,2.0,0,0.42761,1
5.112,1476,104,19,0,0,0,0,0,0.50949,2.35338,0,0.01355,1
5.623,96370,2990,1552,1,9,0,23,363,0.29081,5.01891,46,0.05308,1
5.555,59912,695,1466,1,11,0,14,177,0.29684,5.01655,54,0.08634,1
6.023,73854,107,962,1,0,2,0,0,0.03548,5.0,0,0.01305,1
4.69,57,48,3,1,0,0,0,1,0.4386,6.0,0,0.03509,1
3.625,16,15,2,0,0,0,0,1,0.75,5.0,0,0.0625,1
5.609,264436,2922,7923,5,46,11,27,265,0.2664,5.70738,460,0.14067,1
4.877,50154,346,1521,1,11,0,8,68,0.2412,6.0082,47,0.31469,1
5.238,32335,439,1075,2,1,2,0,0,0.27333,4.45088,27,0.22511,1
5.325,46934,178,1313,11,22,0,5,15,0.33076,7.11267,109,0.16091,1
6.004,24404,24404,1,1,0,2,0,0,0.03299,0.0,0,0.0,1
5.618,86913,3144,1413,1,10,0,22,306,0.3013,5.30988,75,0.05916,1
4.794,425,74,11,1,1,0,0,0,0.13647,0.0,0,0.14824,1
5.554,25533,314,811,0,7,0,8,63,0.30694,6.592,45,0.15126,1
5.638,12816,560,372,1,8,0,1,36,0.29877,5.6236,6,0.109,1
6.004,32786,32775,4,1,0,2,0,0,0.03273,0.0,0,0.00012,1
6.107,17844,765,209,3,0,12,0,0,0.07442,13.20606,137,0.04265,1
5.296,356,89,9,2,0,1,0,0,0.22472,9.0,2,0.11798,1
5.267,13373,206,349,0,1,0,1,10,0.29739,8.53947,15,0.22029,1
6.023,23293,23291,3,1,0,0,0,0,0.03744,12.8,3,0.00021,1
5.021,123,70,6,0,0,0,0,1,0.29268,3.75,0,0.08943,1
5.727,19673,637,234,2,0,1,0,0,0.06735,4.64444,0,0.02897,1
5.833,79445,5859,1612,4,7,10,10,196,0.2486,5.96813,25,0.12669,1
5.672,540256,92,6758,1,0,0,0,0,9e-05,9.0,0,0.01255,1
4.904,126,53,5,1,0,0,0,0,0.35714,2.0,0,0.07143,1
5.302,10344,228,285,0,1,0,8,3,0.31719,6.48945,15,0.15594,1
5.112,1459,114,18,0,0,0,0,0,0.51062,2.30469,0,0.01302,1
5.34,1302,108,17,0,0,0,0,0,0.44854,2.54264,0,0.01382,1
5.924,1587,99,18,0,0,0,0,0,0.36232,8.02222,10,0.14493,1
5.688,100403,100402,2,1,0,0,0,0,0.0062,9.71429,0,4e-05,1
4.567,31,31,1,0,1,0,0,1,0.41935,9.0,0,0.06452,1
3.381,12967,12862,5,0,0,0,0,0,0.99483,2.0,0,0.0017,1
4.823,7096,7096,1,1,0,0,0,0,0.37303,5.0,0,0.00028,1
5.84,81066,5859,1629,6,7,10,10,230,0.25119,6.02682,30,0.12704,1
6.079,883,88,11,1,0,0,0,0,0.33862,8.48,10,0.094,1
3.756,41,40,2,0,0,0,0,0,0.87805,2.0,0,0.04878,1
5.072,83,55,6,0,0,1,0,1,0.3012,8.5,0,0.06024,1
6.009,25160,25130,2,1,0,2,0,0,0.03541,0.0,0,0.00032,1
5.099,15662,174,421,0,11,4,1,0,0.17099,8.63666,66,0.21632,1
5.208,73626,73625,2,1,0,0,0,0,0.22446,11.86047,23,0.06077,1
5.106,1022,121,32,0,0,0,0,8,0.27789,8.25,2,0.18982,1
5.387,520,88,24,0,0,0,0,5,0.29808,6.85714,0,0.09808,1
5.156,7037,187,239,2,0,8,1,11,0.20776,4.43506,2,0.27796,1
5.118,5159,116,140,0,2,2,0,0,0.20508,8.46575,14,0.2264,1
5.671,666973,86,8139,1,0,0,0,0,8e-05,9.0,0,0.01224,1
5.146,1459,116,18,0,0,0,0,0,0.40507,2.76154,0,0.01302,1
4.658,81,56,4,1,1,0,0,0,0.28395,0.0,0,0.19753,1
5.825,78395,372,1926,3,7,3,7,236,0.2922,5.91749,59,0.1273,1
5.77,1041,176,21,0,0,0,0,1,0.2123,8.69697,8,0.05476,1
5.351,3533,3532,2,1,0,0,0,0,0.21738,17.0,23,0.02689,1
6.176,1492,84,20,0,0,0,0,0,0.39611,7.06452,11,0.05965,1
6.097,171523,40328,2479,11,8,13,13,62,0.18784,7.06816,289,0.08603,1
5.934,31636,3925,880,0,4,11,6,119,0.24105,4.97417,7,0.09793,1
5.441,34501,118,1303,0,1,0,0,0,0.24837,7.22263,60,0.15878,1
6.032,213960,210145,85,3,0,7,1,12,0.0401,4.91139,0,0.00159,1
5.608,15878,452,501,2,0,0,4,54,0.31711,6.16384,39,0.07873,1
4.797,57,57,1,0,0,0,0,2,0.40351,5.5,0,0.07018,1
3.884,116432,110604,244,0,0,0,0,34,0.01437,5.65,0,0.00648,1
5.351,17537,359,647,0,6,0,2,13,0.20442,6.27333,4,0.18264,1
4.67,44,35,3,1,0,0,0,0,0.40909,8.0,0,0.13636,1
5.483,7205,106,297,0,2,0,4,24,0.28161,5.71429,27,0.17779,1
5.188,24633,310,597,0,0,0,3,0,0.22125,6.94318,2,0.17428,1
5.515,160573,1570,3121,4,39,9,14,27,0.26336,5.76576,384,0.15424,1
5.407,55429,550,1128,1,12,0,5,47,0.24045,6.16159,36,0.14814,1
6.017,53490,8192,29,1,0,2,0,0,0.03601,6.0,0,0.00056,1
5.813,90788,5857,1915,7,8,14,9,160,0.24764,5.93723,61,0.13204,1
5.671,971659,91,12150,1,0,0,0,0,6e-05,9.0,0,0.01253,1
5.747,83935,6715,3863,2,20,4,18,169,0.25527,5.06967,27,0.14809,1
5.438,142735,2290,2831,3,44,10,13,77,0.28317,5.72895,358,0.1316,1
4.961,100,45,5,0,0,0,0,2,0.25,5.0,0,0.16,1
3.88,62,20,6,0,0,0,0,2,0.41935,3.0,0,0.33871,1
5.243,1456,123,17,0,0,0,0,0,0.4011,2.42056,0,0.01236,1
5.77,13387,88,173,1,0,0,0,0,0.00403,9.0,0,0.01464,1
5.555,59912,695,1466,1,11,0,14,177,0.29684,5.01655,54,0.08634,1
5.311,1322,93,19,0,0,0,0,0,0.45234,2.31858,0,0.01513,1
6.076,994,85,13,0,0,0,0,0,0.41952,7.25714,7,0.05936,1
4.08,47,46,2,0,0,0,0,3,0.6383,5.0,0,0.04255,1
4.539,32,32,1,1,0,0,0,1,0.53125,6.0,0,0.03125,1
5.296,117,70,7,1,0,0,0,1,0.2906,3.33333,0,0.10256,1
5.188,24634,310,598,0,0,0,3,0,0.22124,6.94318,2,0.17431,1
5.178,1479,99,20,0,0,0,0,0,0.40906,2.69403,2,0.0142,1
5.901,111444,7566,2112,4,4,5,5,525,0.29469,5.92977,132,0.09655,1
5.135,1486,103,20,1,0,0,0,0,0.40713,2.7594,1,0.01413,1
6.001,146412,146412,1,1,0,3,0,0,0.03304,0.0,0,1e-05,1
5.717,61080,416,1772,1,38,5,19,220,0.29452,5.65157,137,0.11657,1
6.087,37161,32991,66,0,0,1,1,1,0.05151,2.73913,0,0.00826,1
5.09,9478,242,322,1,10,0,0,24,0.25026,7.13861,16,0.28782,1
4.676,51800,51507,8,1,3,1,6,63,0.25162,6.15972,0,0.04759,1
5.658,69346,1172,1569,8,8,3,8,272,0.27246,5.00811,54,0.13975,1
3.552,401,171,8,1,0,0,0,1,0.94763,3.96078,0,0.01995,1
5.596,5306,2305,89,0,0,0,1,4,0.22541,6.18182,6,0.09649,1
5.648,22693,594,748,13,0,0,1,202,0.33632,5.4875,3,0.06584,1
5.34,149,142,3,0,0,2,1,2,0.28859,8.0,0,0.03356,1
6.101,1122,86,14,0,0,0,0,0,0.38503,6.79545,9,0.08467,1
6.091,1094,92,14,0,0,0,0,0,0.40768,7.625,10,0.05941,1
5.459,13465,424,352,0,1,0,1,10,0.30085,8.53947,15,0.19428,1
4.891,38280,487,935,0,4,0,3,8,0.2297,6.21712,45,0.28412,1
5.587,129705,7487,3963,6,13,4,19,229,0.24436,5.59752,81,0.16057,1
5.648,272,106,15,1,0,0,0,4,0.31618,6.0,0,0.08456,1
5.62,78051,1264,1630,10,8,6,9,385,0.2641,5.00068,50,0.1618,1
5.907,1697,90,20,0,0,0,0,0,0.39305,6.3871,8,0.12669,1
5.227,1449,124,17,0,0,0,0,0,0.6156,2.16364,0,0.01242,1
4.972,70,70,1,0,1,0,0,1,0.35714,9.0,0,0.04286,1
5.994,8891,7862,31,0,0,0,0,0,0.30964,7.85455,0,0.05455,1
5.496,21389,303,908,0,3,0,8,40,0.22605,6.51948,10,0.1533,1
5.245,342,55,19,0,0,0,0,1,0.28363,5.0,0,0.10526,1
5.934,121405,39949,1928,5,7,6,12,353,0.19616,6.0299,34,0.07943,1
5.944,153046,39948,2720,6,9,6,12,493,0.21298,6.26232,107,0.08182,1
5.019,9666,159,294,0,0,1,2,40,0.25885,5.09195,0,0.24498,1
6.056,38057,37144,33,2,0,2,0,0,0.04033,6.0,0,0.0021,1
5.42,1494,1493,2,3,1,4,0,23,0.33333,5.5,8,0.00402,1
4.502,983,404,21,1,0,0,0,0,0.5178,3.83333,0,0.04069,1
6.082,21194,426,257,1,0,2,0,3,0.04058,7.13333,0,0.0126,1
4.791,865,56,42,1,0,2,0,3,0.27052,6.09524,0,0.37803,1
6.032,213960,210145,85,3,0,7,1,12,0.0401,4.91139,0,0.00159,1
5.756,84128,84018,6,1,0,1,0,0,0.00544,10.0,0,0.00021,1
5.749,63700,401,1576,1,6,12,12,161,0.27418,5.04908,34,0.11765,1
5.547,35026,1635,906,12,24,3,12,36,0.24408,6.33659,108,0.14092,1
6.012,99550,99340,10,0,0,0,0,0,0.03599,5.0,0,0.0003,1
5.407,40979,544,927,1,12,0,5,47,0.27438,6.16667,36,0.13046,1
5.356,66890,183,2502,0,1,6,4,81,0.28738,6.17529,52,0.16107,1
5.818,85773,117,1182,0,0,0,0,2,0.04674,6.46154,0,0.04155,1
5.77,1041,176,21,0,0,0,0,1,0.2123,8.69697,8,0.05476,1
6.05,26180,25687,21,1,0,2,0,0,0.04144,12.8,10,0.00229,1
5.761,97648,599,2155,4,7,3,9,423,0.27872,5.92608,91,0.12129,1
5.244,335,55,19,0,0,0,0,1,0.28657,5.0,0,0.10746,1
5.311,182,81,7,1,0,1,0,4,0.3022,5.25,0,0.15385,1
6.026,53588,53084,23,1,0,2,0,0,0.03784,6.0,0,0.0005,1
4.748,426,51,25,0,0,0,0,0,0.24178,6.29412,0,0.24178,1
5.468,111573,1255,4820,0,25,0,18,29,0.23083,5.92843,149,0.14856,1
5.998,82439,885,687,1,0,2,0,6,0.01823,12.77778,30,0.00847,1
5.194,1585,226,38,0,0,0,1,8,0.29022,5.77778,0,0.15394,1
5.182,1439,133,16,0,0,0,0,0,0.50799,2.29921,0,0.01181,1
5.778,105416,599,2287,4,7,6,9,463,0.27755,5.81892,84,0.13267,1
4.948,114,24,8,1,0,0,0,1,0.45614,2.63636,0,0.0614,1
5.231,1469,111,19,0,0,0,0,0,0.40708,2.54167,0,0.01361,1
6.068,1629,85,20,0,0,0,0,0,0.40086,6.47761,6,0.07735,1
5.905,173,143,4,1,0,2,0,0,0.15029,3.0,0,0.02312,1
6.056,38057,37144,33,2,0,2,0,0,0.04033,6.0,0,0.0021,1
4.924,100,67,4,0,0,0,0,1,0.32,5.66667,0,0.11,1
5.621,393779,392640,3,1,0,0,0,0,0.04523,10.0,0,1e-05,1
5.224,145,67,9,0,0,0,0,1,0.28966,9.0,0,0.13103,1
5.243,1493,91,45,0,0,0,0,7,0.1641,7.15385,0,0.16075,1
5.499,31671,231,1125,2,0,0,2,39,0.27621,5.05421,36,0.15143,1
5.322,115,114,2,0,0,0,0,3,0.38261,6.0,0,0.02609,1
6.088,370438,307966,407,3,0,0,0,2,0.04239,6.92453,2,0.00652,1
5.692,65120,2932,1284,1,10,6,19,263,0.26382,6.06956,83,0.08555,1
5.558,41034,1784,602,6,15,1,3,151,0.28316,5.98004,16,0.07886,1
5.796,228,72,12,1,0,0,0,4,0.44737,5.0,0,0.05263,1
5.194,108,108,1,0,0,0,0,1,0.47222,2.66667,0,0.00926,1
5.057,37922,388,1124,3,1,1,7,49,0.23002,6.44137,74,0.27886,1
5.104,88431,1243,1625,10,8,6,9,393,0.2333,5.00476,50,0.26566,1
5.869,1678,93,19,0,0,0,0,0,0.35995,7.49091,12,0.14779,1
5.278,117,81,4,0,0,1,0,2,0.26496,5.0,0,0.13675,1
5.676,264001,93,3224,1,0,0,0,0,0.00021,9.0,0,0.0123,1
6.013,36745,36642,6,1,0,2,0,0,0.03211,6.5,0,0.00044,1
5.952,156553,39948,2831,7,9,6,14,511,0.21526,6.25477,107,0.08301,1
5.618,77355,1240,1621,10,8,6,9,385,0.26567,5.00068,50,0.16287,1
6.097,170854,40328,2460,11,8,13,13,57,0.18728,7.07222,289,0.08622,1
4.466,217,91,6,1,0,0,0,1,0.75115,3.22222,0,0.05069,1
4.915,33366,110,1381,0,6,0,7,50,0.20608,7.62412,88,0.31119,1
5.018,358,54,22,1,0,0,0,0,0.27654,4.73684,0,0.18436,1
5.021,231963,340,5377,15,7,2,40,42,0.23293,5.83352,522,0.26752,1
4.753,51961,465,1231,0,21,0,6,10,0.2311,5.76661,85,0.31306,1
4.604,74,18,7,1,0,1,0,1,0.44595,2.57143,0,0.14865,1
4.752,25560,183,870,0,0,0,0,0,0.21377,7.16952,64,0.32081,1
5.438,216,87,8,0,0,2,0,0,0.34722,4.33333,0,0.125,1
4.448,86,29,5,0,0,0,0,1,0.33721,4.33333,0,0.11628,1
5.935,1325,89,16,0,0,0,0,0,0.37736,8.56522,15,0.10943,1
5.483,37391,351,1165,0,8,0,7,23,0.29138,6.12886,43,0.13206,1
5.536,69894,960,2702,1,9,1,7,85,0.21671,7.25396,135,0.17474,1
5.627,56234,540,1616,1,6,1,8,26,0.29916,5.36881,42,0.14347,1
6.006,115409,115229,11,0,0,0,0,0,0.03625,4.85714,0,0.00018,1
6.15,1262,84,16,0,0,0,0,0,0.38669,7.95918,10,0.06022,1
6.085,62795,58292,206,2,0,4,0,0,0.04257,5.5,0,0.00865,1
5.532,74225,482,2141,2,8,4,10,30,0.28498,6.20427,76,0.14713,1
5.785,3557,144,90,0,0,0,0,13,0.30981,6.19672,0,0.07534,1
5.326,148,64,8,0,0,1,0,1,0.39865,4.2,0,0.13514,1
4.467,94,23,6,0,0,0,0,0,0.24468,7.0,0,0.26596,1
5.82,9705,9704,2,2,0,0,0,0,0.0475,9.96,0,0.00072,1
5.842,151319,39953,2557,9,9,6,10,372,0.18465,6.4075,98,0.09689,1
5.768,195872,578,4136,5,14,12,12,714,0.30325,6.01001,208,0.10526,1
4.675,20101,248,484,0,5,0,1,65,0.22133,5.03472,3,0.3474,1
5.196,212,47,11,1,0,0,0,1,0.26887,8.4,2,0.08491,1
6.12,1281,85,16,0,0,0,0,0,0.3872,7.03846,6,0.07338,1
6.022,28048,27794,12,1,0,4,0,0,0.03323,4.66667,0,0.00107,1
4.691,89,89,1,0,0,0,0,1,0.39326,5.6,0,0.05618,1
5.253,93328,5859,1612,4,7,10,10,196,0.21162,5.96813,25,0.2566,1
5.678,305198,91,3772,1,0,0,0,0,0.00018,9.0,0,0.01244,1
3.485,63292,62998,9,0,0,0,0,0,0.26384,6.0,0,0.00289,1
2.722,430,430,1,0,0,0,0,0,0.13721,6.66667,0,0.63488,1
5.389,87075,3174,2483,2,7,4,6,168,0.15727,6.08696,39,0.2639,1
5.557,1019,114,28,0,0,0,0,6,0.31305,6.65,0,0.09715,1
5.036,18692,1720,477,2,0,1,0,17,0.20233,5.10758,15,0.27461,1
4.971,42754,42623,12,1,0,0,0,0,0.33412,13.5,3,0.14144,1
4.941,1137,91,32,1,0,0,0,1,0.10554,9.66667,0,0.17414,1
5.832,3153,3152,2,2,0,0,0,0,0.10117,9.96,0,0.00222,1
5.839,43396,459,1275,1,14,4,5,97,0.2043,5.2739,5,0.12803,1
6.066,577856,66048,8131,6,155,39,195,658,0.14453,5.49822,100,0.05703,1
5.627,56234,540,1616,1,6,1,8,26,0.29916,5.36881,42,0.14347,1
5.919,98533,1073,1884,3,7,3,7,354,0.28936,5.6024,54,0.10614,1
4.923,107566,1394,2017,9,9,2,8,294,0.27877,5.26574,53,0.27665,1
3.429,43639,43345,9,0,0,0,0,0,0.26951,0.0,0,0.00202,1
5.25,6472,100,264,0,0,0,0,21,0.2928,5.47134,3,0.14122,1
6.102,1923,84,24,0,0,0,0,0,0.39678,7.90541,21,0.06708,1
6.02,53853,53628,10,0,0,0,0,0,0.0327,5.0,0,0.00063,1
5.577,87919,1081,2120,0,31,4,26,173,0.24132,5.89308,117,0.17228,1
5.508,122249,1255,5604,0,25,0,18,29,0.23176,5.8116,147,0.14895,1
4.793,98,50,5,0,0,0,0,2,0.37755,5.0,0,0.14286,1
5.612,161917,2289,3168,4,36,9,14,24,0.26834,5.71725,376,0.12017,1
5.738,99940,1313,2130,5,7,5,9,405,0.26781,5.8901,89,0.13479,1
4.934,1453,92,55,0,0,0,0,4,0.24708,6.36364,1,0.22161,1
5.99,292461,292308,10,1,0,2,0,0,0.04528,3.16667,0,7e-05,1
5.205,1466,111,62,0,3,0,1,3,0.24011,7.37037,0,0.13984,1
5.407,13039,205,350,0,1,0,1,10,0.30493,8.53947,15,0.2004,1
6.075,134735,39947,2203,7,9,9,14,411,0.2159,6.18885,44,0.06873,1
5.758,8773,1315,179,1,3,1,0,12,0.19606,5.90909,4,0.09085,1
4.922,86280,86276,3,15,6,0,13,19,0.35814,7.7303,110,0.00253,1
5.18,1486,102,20,1,0,0,0,0,0.40713,2.77612,1,0.01413,1
5.458,320,43,26,0,1,0,0,2,0.29688,5.0,0,0.15,1
5.417,171650,171649,2,1,0,0,0,0,0.22727,5.5618,37,0.03204,1
5.785,3557,144,90,0,0,0,0,13,0.30981,6.19672,0,0.07534,1
4.136,93,93,1,0,0,0,0,0,0.95699,2.5,0,0.01075,1
5.468,1210,87,44,0,0,0,0,0,0.2314,4.34615,1,0.14545,1
5.36,98199,2105,2120,3,15,6,20,213,0.27813,5.91933,128,0.26164,1
5.347,30416,634,989,1,7,2,5,16,0.26983,6.13347,75,0.16389,1
5.597,38849,449,1125,19,2,4,10,51,0.28469,7.61682,165,0.15625,1
5.992,136806,39949,2488,6,9,3,21,317,0.20533,5.98401,55,0.09784,1
5.924,1587,99,18,0,0,0,0,0,0.36232,8.02222,10,0.14493,1
5.618,86913,3144,1413,1,10,0,22,306,0.3013,5.30988,75,0.05916,1
4.42,477,185,8,1,0,0,0,0,0.42348,5.89474,4,0.07757,1
5.672,604827,83,7566,1,0,0,0,0,8e-05,9.0,0,0.01255,1
5.563,15526,310,503,2,0,0,4,46,0.31637,6.22581,39,0.0818,1
5.642,16304,452,503,2,0,0,4,54,0.31342,6.16384,39,0.07685,1
5.276,7676,454,222,0,4,0,0,2,0.19971,6.0,0,0.15972,1
5.596,41823,1505,661,5,15,1,3,152,0.28396,5.97783,16,0.07945,1
6.001,216533,216478,5,1,0,2,0,0,0.03231,0.0,0,5e-05,1
5.575,866,102,30,1,0,5,1,7,0.25866,5.0625,0,0.12702,1
4.611,243,86,7,1,0,1,0,0,0.35391,10.08333,4,0.107,1
4.704,10821,999,79,1,0,0,0,2,0.3313,7.83402,0,0.03308,1
5.327,1325,86,20,0,0,0,0,0,0.4566,2.46667,0,0.01585,1
3.37,12947,12947,1,1,0,0,0,0,0.99637,2.0,0,0.00015,1
6.165,2006,84,25,0,0,0,0,0,0.38036,8.31081,19,0.06082,1
5.224,1479,96,20,0,0,0,0,0,0.51318,2.23881,0,0.0142,1
4.912,88,22,7,0,0,0,0,0,0.32955,5.8,0,0.125,1
6.097,171456,40328,2478,11,8,13,13,62,0.18781,7.06816,289,0.08604,1
5.175,220,78,8,0,0,0,0,0,0.20455,0.0,0,0.10909,1
5.483,22000,492,583,0,0,0,0,84,0.27314,5.46479,6,0.11873,1
5.178,3801,115,147,0,2,2,0,0,0.23257,8.54167,14,0.2031,1
5.534,74478,482,2144,2,8,4,10,30,0.28447,6.23009,76,0.14704,1
5.672,229305,120,1901,1,0,0,0,0,0.00016,9.0,0,0.00829,1
5.494,164,153,5,0,0,0,1,4,0.35366,8.0,0,0.03049,1
5.991,42795,14043,773,2,8,4,8,80,0.16462,5.90147,21,0.07709,1
5.363,211,53,8,0,0,0,0,2,0.30806,4.6,0,0.08531,1
6.02,1579,88,19,0,0,0,0,0,0.37555,6.73214,8,0.10386,1
6.224,20979,279,434,1,0,2,0,12,0.09285,6.46032,0,0.05296,1
4.466,217,91,6,1,0,0,0,1,0.75115,3.22222,0,0.05069,1
5.74,137851,5859,2884,8,8,11,13,222,0.24827,7.73469,339,0.11891,1
5.745,83762,6715,3866,2,20,4,18,169,0.25528,5.06967,27,0.14835,1
4.459,27,27,1,1,0,0,0,1,0.48148,6.0,0,0.07407,1
5.57,1763,105,63,0,0,0,0,4,0.32104,9.15625,27,0.16336,1
5.385,131452,3541,2652,3,36,8,13,20,0.29187,5.71041,371,0.1316,1
5.749,63700,401,1576,1,6,12,12,161,0.27418,5.04908,34,0.11765,1
5.598,56627,540,1635,1,6,1,8,30,0.2974,5.36667,42,0.14352,1
5.179,1449,123,17,0,0,0,0,0,0.50932,2.30357,0,0.01242,1
4.942,16342,1152,333,0,0,2,2,0,0.28142,8.94763,247,0.23057,1
5.708,48524,91,611,1,0,0,0,0,0.00109,9.0,0,0.01309,1
4.459,69,30,5,0,0,0,0,3,0.44928,5.0,0,0.18841,1
5.742,25974,394,675,0,7,0,9,21,0.31582,6.57262,51,0.13691,1
6.042,1522,1511,2,1,0,3,0,0,0.04074,0.0,0,0.00197,1
5.347,292,79,11,1,0,0,0,1,0.25,6.0,0,0.11301,1
5.004,715,59,36,0,0,1,5,3,0.26573,3.75758,0,0.26014,1
5.853,3195,228,74,0,0,3,1,4,0.34116,5.03306,3,0.07512,1
5.766,298808,298708,5,1,0,0,0,0,0.00235,2.0,0,4e-05,1
5.451,40101,548,929,1,12,0,5,47,0.2693,6.16667,36,0.11668,1
3.561,122302,2055,1367,6,7,2,8,321,0.1438,4.91222,48,0.55894,1
6.026,53588,53084,23,1,0,2,0,0,0.03784,6.0,0,0.0005,1
5.345,113,113,1,1,0,0,0,2,0.30973,5.5,0,0.0177,1
5.82,86598,131,1192,0,0,0,0,2,0.04651,7.69231,0,0.04153,1
5.733,580,177,13,1,0,2,0,2,0.25517,8.25,0,0.06034,1
5.642,213009,11596,5007,5,18,3,16,598,0.2576,5.95406,226,0.1864,1
4.385,638,46,29,1,0,2,0,3,0.22884,6.15789,0,0.38871,1
5.761,49150,490,1481,1,16,7,17,163,0.28627,5.82494,127,0.11499,1
4.619,119,60,5,1,0,0,0,1,0.29412,7.33333,0,0.18487,1
5.509,1030,116,27,0,0,0,0,6,0.30777,6.65,0,0.10874,1
5.532,733,56,31,0,1,0,2,2,0.2442,4.88889,0,0.1105,1
5.673,42338,228,1367,1,8,4,21,58,0.24033,5.24018,14,0.11538,1
5.278,38230,256,2027,0,3,2,3,4,0.2413,6.47353,57,0.23155,1
4.963,11570,428,346,0,6,0,1,11,0.23829,4.35217,0,0.27986,1
5.099,15662,174,421,0,11,4,1,0,0.17099,8.63666,66,0.21632,1
5.503,8826,231,250,0,0,0,0,32,0.29311,5.3741,0,0.10707,1
5.536,69894,960,2702,1,9,1,7,85,0.21671,7.25396,135,0.17474,1
5.361,2455,110,70,0,2,0,0,10,0.31609,8.59375,10,0.11487,1
5.585,164313,3117,3300,4,39,10,14,38,0.26053,5.74599,373,0.13691,1
5.699,82890,8885,4266,4,19,7,27,260,0.2519,5.57465,109,0.13857,1
5.746,111929,111339,20,0,0,3,0,0,0.21622,4.83333,0,0.00087,1
5.249,189,189,1,0,0,0,1,2,0.46561,3.0,0,0.01587,1
5.507,9827,291,317,0,2,2,0,0,0.20179,8.54167,14,0.18124,1
5.086,70683,615,3229,1,6,1,8,26,0.25928,5.38114,42,0.27193,1
5.685,174012,174012,1,2,0,0,0,0,0.036,9.96,0,3e-05,1
5.618,160181,3543,3072,4,36,9,13,20,0.26848,5.72311,378,0.11842,1
5.134,54,53,2,0,0,1,0,1,0.40741,3.33333,0,0.03704,1
5.183,1439,134,16,0,0,0,0,0,0.40097,2.84921,1,0.01181,1
6.107,17844,765,209,3,0,12,0,0,0.07442,13.20606,137,0.04265,1
6.028,1783,1783,1,1,0,3,0,0,0.04655,0.0,0,0.00112,1
5.869,56072,1385,1223,1,13,5,7,182,0.21685,5.6731,43,0.11867,1
5.045,21583,338,646,1,6,25,3,29,0.23732,6.12604,67,0.27665,1
5.609,3274,1805,9,0,0,23,0,17,0.3485,5.21212,3,0.02291,1
3.968,36,35,2,0,0,0,0,3,0.63889,5.0,0,0.02778,1
4.736,60,55,3,1,0,0,0,1,0.36667,6.0,0,0.06667,1
3.364,388,171,12,0,0,0,0,0,0.96392,3.90196,0,0.02835,1
5.583,546200,11589,8341,4,61,12,19,105,0.10934,5.7706,396,0.053,1
4.798,64680,64679,2,0,0,0,0,1,0.38791,4.77839,0,0.03966,1
5.654,166084,2793,3155,4,36,9,14,24,0.26407,5.7213,378,0.11639,1
5.626,99242,2990,1583,1,9,0,23,368,0.29262,4.97221,49,0.05281,1
5.371,239,183,5,1,0,1,0,4,0.32636,5.0,0,0.06695,1
5.794,2846,2846,1,0,0,0,0,0,0.1142,6.375,4,0.08855,1
5.562,66761,436,1980,3,8,4,10,25,0.27654,6.45196,72,0.14732,1
6.014,93534,93127,17,1,0,2,0,0,0.03723,5.0,0,0.00033,1
5.672,1426784,91,17839,1,0,0,0,0,4e-05,9.0,0,0.01252,1
5.28,1254,316,42,2,0,0,0,4,0.5933,3.375,0,0.06778,1
4.279,1080,120,16,0,0,0,0,1,0.47778,5.36364,0,0.22315,1
5.196,1449,121,17,0,0,0,0,0,0.40304,2.73228,2,0.01242,1
5.749,126885,635,1612,0,0,0,0,0,0.04603,7.16667,7,0.01339,1
4.583,337,54,22,0,0,0,0,0,0.21365,7.0,0,0.26113,1
4.671,10396,953,79,1,0,0,0,2,0.35793,7.86774,0,0.03444,1
5.507,66108,785,1523,6,7,2,8,321,0.26693,4.91222,48,0.18247,1
6.003,29155,29155,1,1,0,2,0,0,0.03262,0.0,0,7e-05,1
4.984,116,58,5,0,0,0,0,2,0.33621,7.5,0,0.06034,1
5.272,852,161,33,0,0,0,0,5,0.28991,8.26316,6,0.14085,1
5.855,1943,94,22,0,0,0,0,0,0.38394,7.13793,9,0.1508,1
5.922,26106,251,335,0,0,0,0,6,0.18597,5.136,0,0.02467,1
5.22,307,94,8,0,0,0,1,4,0.44625,2.95652,0,0.15309,1
4.674,11133,1010,79,1,0,0,0,2,0.30836,7.83801,0,0.03216,1
5.896,1566,92,18,0,0,0,0,0,0.38442,6.72222,7,0.13985,1
6.012,99550,99340,10,0,0,0,0,0,0.03599,5.0,0,0.0003,1
4.162,21050,20756,9,1,0,1,1,4,0.25482,5.96429,0,0.02451,1
5.298,5436,178,205,1,0,1,0,6,0.18543,6.10256,0,0.195,1
5.821,102751,599,2189,4,7,6,9,405,0.29221,5.88098,89,0.1175,1
5.522,12828,384,366,1,1,0,2,40,0.28477,6.00722,8,0.10953,1
4.057,361,361,1,0,0,0,0,0,0.54294,3.89474,0,0.0,1
5.177,147,71,5,0,0,0,0,1,0.31293,5.57143,0,0.06122,1
4.133,6804,6510,9,1,0,1,0,5,0.26205,6.11111,0,0.0291,1
6.102,21191,609,255,1,0,2,0,6,0.0479,6.94118,0,0.01255,1
6.053,5172,4632,4,1,0,2,0,0,0.03558,10.0,0,0.00638,1
5.23,1466,125,18,0,0,0,0,0,0.50819,2.2735,0,0.01296,1
4.701,11446,10630,21,1,0,0,0,2,0.32011,8.91546,0,0.05889,1
5.534,73950,482,2136,2,8,4,10,30,0.28572,6.20679,76,0.14733,1
5.499,93274,941,2723,4,8,7,10,30,0.27876,6.33602,93,0.1614,1
5.107,1466,116,18,0,0,0,0,0,0.40314,2.89231,2,0.01296,1
5.19,1439,133,16,0,0,0,0,0,0.61501,2.15789,0,0.01181,1
5.408,2925,957,60,0,0,0,0,17,0.28342,6.72917,2,0.08786,1
5.301,5512,123,187,1,1,0,0,17,0.25272,7.65116,3,0.20809,1
4.963,11570,428,346,0,6,0,1,11,0.23829,4.35217,0,0.27986,1
5.347,9500,232,342,1,0,0,1,28,0.25653,7.09818,16,0.21895,1
6.02,63901,63227,15,0,0,2,0,0,0.03152,9.06667,4,0.00167,1
4.502,62,55,3,0,0,0,0,3,0.51613,5.0,0,0.09677,1
6.01,30504,30425,4,1,0,2,0,0,0.03472,6.66667,0,0.00033,1
5.89,111267,599,2370,4,10,4,12,425,0.29146,5.89453,95,0.13656,1
5.605,85733,5055,1672,12,8,8,9,318,0.25382,5.56553,133,0.1818,1
4.701,11446,10630,21,1,0,0,0,2,0.32011,8.91546,0,0.05889,1
5.205,1466,116,18,0,0,0,0,0,0.50819,2.1913,0,0.01296,1
5.131,86,77,3,0,0,0,0,1,0.2907,9.0,0,0.06977,1
5.681,1773,531,64,0,0,0,1,8,0.29836,4.88043,2,0.11732,1
4.716,98,30,7,0,0,0,0,2,0.33673,4.5,0,0.11224,1
5.503,4483,141,229,1,1,1,0,36,0.3085,5.825,4,0.13562,1
3.577,631,631,1,1,0,0,0,0,0.187,6.79167,0,0.46751,1
5.442,1494,1493,2,3,1,4,0,23,0.33333,5.5,8,0.00402,1
6.001,128984,128975,3,1,0,2,0,0,0.03275,0.0,0,2e-05,1
5.057,37922,388,1124,3,1,1,7,49,0.23002,6.44137,74,0.27886,1
4.611,243,86,7,1,0,1,0,0,0.35391,10.08333,4,0.107,1
6.152,335345,301498,1073,2,14,0,4,112,0.0557,7.35009,84,0.01343,1
6.016,27419,27374,9,1,0,0,0,0,0.03439,0.0,0,0.00047,1
4.698,77,52,4,2,0,0,0,1,0.32468,5.0,0,0.19481,1
5.999,211118,210787,15,1,0,4,0,0,0.03709,9.5,0,0.00017,1
6.025,24753,24589,8,1,0,0,0,0,0.03555,12.8,3,0.00069,1
5.733,117350,5859,2500,8,8,12,12,181,0.24545,7.79048,291,0.12207,1
5.397,20368,20367,2,1,0,0,0,0,0.21121,14.78571,23,0.0705,1
6.002,66717,66701,3,1,0,4,0,0,0.03293,0.0,0,3e-05,1
5.307,158612,991,7006,5,40,11,14,24,0.25092,5.73242,361,0.22724,1
5.436,8510,150,318,0,0,0,3,40,0.30306,5.15084,0,0.10975,1
4.945,80,21,7,1,0,0,0,1,0.35,3.0,0,0.1,1
5.278,221,53,8,0,0,0,0,2,0.29412,4.6,0,0.13575,1
5.316,211,87,10,0,0,0,0,1,0.32227,5.57143,0,0.12796,1
4.133,6804,6510,9,1,0,1,0,5,0.26205,6.11111,0,0.0291,1
5.598,56627,540,1635,1,6,1,8,30,0.2974,5.36667,42,0.14352,1
5.48,951,102,23,0,0,0,0,0,0.40273,5.9375,0,0.11041,1
4.934,1453,92,55,0,0,0,0,4,0.24708,6.36364,1,0.22161,1
6.075,171775,1024,3404,6,22,11,12,270,0.19747,5.91403,155,0.11952,1
4.116,75445,75151,9,1,32,3,5,27,0.25381,6.02913,0,0.02282,1
6.008,1225,87,15,0,0,0,0,0,0.40816,7.58824,5,0.09224,1
5.183,34655,2533,1034,1,0,0,4,57,0.23991,6.03738,20,0.24998,1
5.74,137851,5859,2884,8,8,11,13,222,0.24827,7.73469,339,0.11891,1
5.231,1476,104,19,0,0,0,0,0,0.40515,2.88636,1,0.01355,1
5.672,438827,91,5356,1,0,0,0,0,0.00013,9.0,0,0.01226,1
6.036,1563,1554,3,1,0,3,0,0,0.0499,0.0,0,0.00128,1
6.01,44351,44223,8,1,0,2,0,0,0.03195,6.66667,0,0.00077,1
5.797,2866,2866,1,0,0,0,0,0,0.1134,7.29167,6,0.08828,1
5.349,107,53,6,0,0,0,0,2,0.35514,6.5,0,0.1028,1
4.859,6006,380,65,3,0,12,0,0,0.17849,12.68511,193,0.14652,1
4.561,1591,106,45,0,1,1,0,1,0.17348,9.8125,7,0.31427,1
5.406,13041,203,349,0,1,0,1,10,0.30488,8.53947,15,0.20029,1
4.829,155,39,14,0,0,0,0,1,0.43226,4.08333,0,0.18065,1
5.692,65120,2932,1284,1,10,6,19,263,0.26382,6.06956,83,0.08555,1
5.468,46551,3049,564,3,11,0,7,161,0.2751,5.14788,5,0.08698,1
5.416,55750,553,1065,1,12,0,5,47,0.23672,6.16159,36,0.14535,1
4.657,26917,22385,11,1,154,1,0,0,0.25382,6.0,0,0.04232,1
5.126,481,232,10,0,0,0,0,2,0.28067,7.44444,0,0.11642,1
5.305,15991,187,501,0,1,0,3,40,0.23651,6.91457,22,0.20505,1
5.615,161909,2289,3149,4,36,9,14,24,0.26855,5.7213,378,0.11936,1
6.03,36825,36642,8,1,0,2,0,0,0.03362,6.5,0,0.00062,1
6.044,31097,120,266,1,0,2,0,0,0.03885,7.0,0,0.00945,1
6.055,1315,518,15,0,4,2,0,2,0.07376,8.2,0,0.01749,1
5.417,193,66,10,0,0,0,0,2,0.30052,6.83333,0,0.12435,1
5.32,149,61,5,2,0,1,1,2,0.39597,6.66667,0,0.07383,1
5.796,103286,599,2191,4,7,6,9,407,0.2928,5.93885,91,0.12322,1
5.757,192,88,10,2,0,0,0,1,0.36458,4.33333,0,0.08854,1
5.027,1456,123,17,0,0,0,0,0,0.50687,2.26357,0,0.01236,1
5.297,44552,410,1448,2,10,1,11,265,0.26919,5.58243,4,0.18197,1
5.268,5165,143,181,1,1,0,0,17,0.24724,7.71765,3,0.2153,1
5.717,49573,49573,1,2,0,0,0,0,0.03698,9.96,0,0.00012,1
5.641,159161,3543,3076,4,36,9,13,21,0.27628,5.72913,379,0.11679,1
5.56,219865,120043,1053,9,9,6,10,383,0.13716,6.32225,76,0.04812,1
4.646,294,146,4,1,0,0,0,1,0.56803,3.42857,0,0.01361,1
4.511,3965,289,135,6,0,7,1,25,0.62119,4.36364,0,0.08701,1
5.626,185422,11589,3276,6,56,12,20,61,0.23626,5.69261,366,0.13432,1
4.982,110,101,3,2,0,0,0,1,0.34545,5.66667,0,0.06364,1
4.89,68,49,4,1,0,0,0,0,0.35294,2.0,0,0.04412,1
4.666,179,74,6,1,1,0,0,0,0.17877,0.0,0,0.13408,1
6.01,44342,44223,7,1,0,2,0,0,0.03196,6.66667,0,0.00074,1
5.909,135603,39949,2488,6,9,3,21,317,0.19826,5.98401,55,0.0987,1
5.865,1593,93,18,0,0,0,0,0,0.35782,6.77941,11,0.14689,1
5.689,151507,3597,2928,3,15,13,12,16,0.26637,5.77084,381,0.11556,1
5.441,143062,2290,2832,3,44,10,13,81,0.28327,5.72147,358,0.13148,1
6.007,91810,91741,2,0,0,0,0,0,0.03359,6.57143,2,4e-05,1
2.423,626,120,24,0,0,0,0,0,0.91853,6.88889,0,0.04153,1
5.281,34821,629,1074,3,1,3,0,0,0.32153,4.4598,27,0.20433,1
4.54,165,32,10,0,0,0,0,1,0.27879,3.77778,0,0.30909,1
4.16,4711,152,96,0,0,0,0,10,0.1885,6.70755,18,0.47272,1
5.344,35670,424,1304,13,6,0,2,13,0.19352,6.24667,4,0.16431,1
5.839,43394,459,1273,1,14,4,5,97,0.20431,5.2739,5,0.12799,1
4.848,59,59,1,0,0,0,0,1,0.33898,9.0,0,0.01695,1
5.304,495,57,25,1,0,0,0,0,0.33535,3.87879,0,0.14141,1
5.347,292,79,11,1,0,0,0,1,0.25,6.0,0,0.11301,1
5.484,39645,380,606,5,15,0,3,151,0.29237,5.98667,16,0.08115,1
6.056,50309,49152,26,1,0,3,0,0,0.04144,10.0,0,0.0066,1
3.429,43639,43345,9,0,0,0,0,0,0.26951,0.0,0,0.00202,1
5.839,750,111,30,1,0,0,1,5,0.364,5.46154,0,0.084,1
5.269,6629,387,217,0,0,0,2,12,0.19505,8.93125,52,0.17378,1
5.159,1486,97,20,0,0,0,0,0,0.51077,2.17797,0,0.01413,1
5.27,3188,176,130,3,10,0,0,2,0.25565,5.71795,6,0.16844,1
6.079,883,88,11,1,0,0,0,0,0.33862,8.48,10,0.094,1
4.909,74,40,5,0,0,0,0,2,0.47297,5.0,0,0.08108,1
5.19,1476,104,19,0,0,0,0,0,0.40515,2.90076,1,0.01355,1
5.771,101330,5857,2273,8,8,12,11,156,0.23496,6.19239,115,0.12744,1
5.676,313748,91,3878,1,0,0,0,0,0.00018,9.0,0,0.01244,1
5.39,1311,1299,4,1,0,1,0,0,0.00839,0.0,0,0.00381,1
5.224,1476,103,19,0,0,0,0,0,0.50949,2.20455,0,0.01355,1
5.824,152718,565,3557,4,16,14,19,655,0.29703,5.80248,151,0.07022,1
4.659,1955,119,79,0,0,0,0,7,0.26138,4.31481,0,0.3555,1
5.447,118316,638,1495,1,0,0,0,0,0.04502,6.04348,2,0.01332,1
4.729,658,70,22,0,0,0,0,4,0.2462,6.43478,0,0.27204,1
6.006,112002,112002,1,1,0,2,0,0,0.03309,0.0,0,4e-05,1
5.411,294,55,11,1,0,0,0,1,0.2585,6.0,0,0.09864,1
5.269,1111,82,36,0,0,0,1,0,0.31413,6.60377,9,0.11161,1
4.614,115,49,4,0,0,0,0,2,0.21739,5.0,0,0.26957,1
4.775,126681,504,3842,0,15,0,14,55,0.13682,7.80944,258,0.31158,1
5.855,1964,93,22,0,0,0,0,0,0.37271,7.09677,7,0.1558,1
6.026,74548,50,1465,1,0,2,0,0,0.03312,8.33333,0,0.01964,1
5.122,482,232,10,0,0,0,0,2,0.28008,7.44444,0,0.11826,1
4.589,49,49,1,0,0,0,0,0,0.59184,2.0,0,0.06122,1
7.182,422813,133907,1805,65,1,4,5,612,0.51415,2.75363,50,0.03093,1
5.755,66591,369,1712,3,8,1,8,160,0.27932,5.6453,40,0.15793,1
5.631,78727,2793,2150,2,8,4,10,30,0.27432,6.23009,76,0.13938,1
4.796,90,34,7,0,0,0,0,1,0.27778,7.0,0,0.08889,1
5.426,3865,129,133,0,1,0,0,29,0.30323,5.52273,0,0.14463,1
5.657,57692,705,1626,4,8,5,11,177,0.30807,6.11931,98,0.15623,1
4.16,4711,152,96,0,0,0,0,10,0.1885,6.70755,18,0.47272,1
4.986,116,29,10,0,1,0,0,2,0.37069,6.5,0,0.12069,1
4.899,126,118,2,0,0,1,0,0,0.50794,2.0,0,0.02381,1
5.958,133535,39947,2211,6,9,9,14,406,0.20536,6.1853,44,0.06968,1
6.224,20979,279,434,1,0,2,0,12,0.09285,6.46032,0,0.05296,1
5.725,740,356,19,1,0,0,0,8,0.26757,8.875,0,0.08514,1
5.857,86594,599,1889,3,7,3,7,357,0.28336,5.60459,54,0.12102,1
5.329,9746,204,246,0,1,0,0,3,0.33193,8.5,6,0.20388,1
4.58,2421,94,74,0,2,0,0,0,0.22305,5.29762,3,0.31433,1
5.361,35246,359,1304,13,6,0,2,13,0.1956,6.24667,4,0.15537,1
5.218,1456,122,17,0,0,0,0,0,0.50687,2.14876,0,0.01236,1
5.678,249657,90,3088,1,0,0,0,0,0.00021,9.0,0,0.01246,1
4.975,228,71,8,0,0,0,1,2,0.39035,2.78571,0,0.18421,1
4.207,67178,66885,8,1,0,1,6,0,0.26613,6.0,0,0.03256,1
5.708,45033,91,554,1,0,0,0,0,0.00122,9.0,0,0.01284,1
5.325,1325,87,20,0,0,0,0,0,0.4566,2.36885,0,0.01585,1
5.351,17536,359,646,0,6,0,2,13,0.20444,6.27333,4,0.1826,1
3.714,38048,37754,9,0,1,0,0,2,0.2648,6.0,0,0.00862,1
5.869,128585,1753,2927,4,5,9,11,4,0.22818,5.66709,259,0.07901,1
5.503,4483,141,229,1,1,1,0,36,0.3085,5.825,4,0.13562,1
5.152,70500,1716,1461,3,10,6,17,283,0.21217,5.41096,71,0.25191,1
4.76,431,46,28,0,0,0,0,0,0.2413,5.94737,0,0.25058,1
4.597,33,32,2,1,0,0,0,1,0.51515,6.0,0,0.06061,1
6.495,1669,147,65,4,0,2,0,22,0.56621,4.65957,0,0.05992,1
5.407,6432,6431,2,1,0,0,0,0,0.19916,17.0,23,0.0541,1
5.905,306905,157038,838,20,13,39,18,64,0.32332,4.92618,764,0.05461,1
6.18,2556,255,16,1,0,0,0,0,0.12207,3.07895,0,0.00822,1
5.529,160973,1570,3112,5,39,11,14,24,0.26224,5.75618,377,0.15336,1
5.835,19853,19852,2,2,0,0,0,0,0.04186,9.96,0,0.00035,1
5.575,866,102,30,1,0,5,1,7,0.25866,5.0625,0,0.12702,1
6.01,77211,77210,2,0,0,0,0,0,0.03335,3.25,0,3e-05,1
6.005,210691,210145,17,1,0,4,0,0,0.03756,8.5,0,0.00078,1
5.2,74,45,6,1,0,0,0,1,0.51351,5.0,0,0.08108,1
5.607,114054,167,3708,5,16,4,19,264,0.25712,6.47064,208,0.16591,1
5.502,12651,466,334,1,5,0,0,16,0.2712,7.58065,17,0.11319,1
5.407,166987,638,2112,0,0,0,0,0,0.04364,6.5,3,0.01317,1
5.855,1287,111,45,0,0,0,1,9,0.31779,6.69231,0,0.08392,1
5.183,34654,2533,1033,1,0,0,4,57,0.23991,6.03738,20,0.24996,1
5.717,620,94,27,1,0,1,0,0,0.33226,3.97059,0,0.07258,1
5.599,31801,214,730,1,6,1,5,97,0.2566,5.4126,0,0.1693,1
5.935,40936,14043,767,2,8,4,7,80,0.15859,5.89641,19,0.08039,1
5.545,102640,2313,2067,2,34,27,29,318,0.24882,5.8327,54,0.14981,1
4.149,94,33,5,0,0,0,0,0,0.58511,2.0,0,0.24468,1
6.05,24937,238,118,0,0,0,0,1,0.04339,6.5,0,0.00493,1
5.556,74498,482,2136,2,8,4,10,30,0.29097,6.20679,76,0.14625,1
5.328,42854,343,1463,1,11,0,8,65,0.26383,6.00993,47,0.22658,1
5.373,76089,613,1695,1,0,6,8,17,0.2805,6.21881,206,0.19134,1
5.574,1717,114,60,0,1,0,4,7,0.26558,5.5,0,0.10483,1
5.796,8625,83,111,1,0,0,0,0,0.00591,9.0,0,0.01554,1
5.838,15255,15255,1,2,0,0,0,0,0.03946,9.96,0,0.00039,1
5.582,12974,1398,172,1,0,0,0,41,0.32681,2.97455,0,0.0955,1
4.902,114,45,7,1,0,0,0,2,0.34211,5.5,0,0.10526,1
2.962,1120,119,35,0,0,1,0,1,0.90893,3.01724,0,0.05446,1
5.684,166907,91,2040,1,0,0,0,0,0.00033,9.0,0,0.01237,1
5.688,174018,3699,6554,4,36,9,14,24,0.26194,5.72215,378,0.13092,1
5.301,5513,123,188,1,1,0,0,17,0.25268,7.65116,3,0.20824,1
4.851,104,57,4,0,0,0,0,2,0.31731,7.5,0,0.03846,1
6.01,44351,44223,8,1,0,2,0,0,0.03195,6.66667,0,0.00077,1
5.935,1325,89,16,0,0,0,0,0,0.37736,8.56522,15,0.10943,1
5.821,25208,25208,1,2,0,0,0,0,0.03904,9.96,0,0.00024,1
5.301,5513,123,188,1,1,0,0,17,0.25268,7.65116,3,0.20824,1
5.126,481,232,10,0,0,0,0,2,0.28067,7.44444,0,0.11642,1
5.371,192,76,9,0,0,0,0,2,0.29688,6.83333,0,0.14062,1
5.555,12599,289,514,1,7,0,4,26,0.27899,6.24597,12,0.13557,1
5.319,210,87,9,0,0,0,0,1,0.32381,5.57143,0,0.12381,1
5.237,1486,101,20,0,0,0,0,0,0.40713,2.5042,0,0.01413,1
5.984,441496,441495,2,1,0,0,0,0,0.14532,10.90244,23,0.03022,1
4.842,85,19,8,0,0,0,0,1,0.37647,3.28571,0,0.14118,1
5.89,111267,599,2370,4,10,4,12,425,0.29146,5.89453,95,0.13656,1
5.442,34391,180,1169,0,1,0,0,0,0.24916,7.22263,60,0.1562,1
5.464,14679,13268,52,1,0,0,0,1,0.26575,9.11628,29,0.02725,1
5.918,227649,31483,3579,5,56,13,16,90,0.20989,5.75166,386,0.092,1
5.922,287,168,8,2,0,2,1,2,0.2439,6.66667,0,0.04181,1
5.444,373115,373114,2,2,0,0,0,0,0.04269,9.96,0,2e-05,1
6.062,24931,24489,18,1,0,0,0,0,0.04308,0.0,0,0.00842,1
5.309,94,93,2,1,0,0,0,2,0.34043,3.66667,0,0.03191,1
5.229,1466,112,18,0,0,0,0,0,0.61323,2.11304,0,0.01296,1
4.838,55,55,1,0,0,0,0,1,0.36364,9.0,0,0.01818,1
4.777,243,28,17,0,0,0,0,1,0.27984,3.28571,0,0.23045,1
5.194,8686,93,260,1,1,0,0,26,0.20654,7.875,6,0.22669,1
4.984,116,58,5,0,0,0,0,2,0.33621,7.5,0,0.06034,1
5.228,1172,72,41,1,0,0,0,23,0.40358,5.21348,0,0.05375,1
3.595,76849,76556,8,0,0,0,0,4,0.26292,6.34783,0,0.00407,1
5.089,1456,125,17,0,0,0,0,0,0.50687,2.33333,0,0.01236,1
5.041,1456,121,17,0,0,0,0,1,0.61264,2.8956,2,0.01236,1
5.598,56627,540,1635,1,6,1,8,30,0.2974,5.36667,42,0.14352,1
5.813,134464,2657,2736,4,8,11,11,4,0.22782,5.59437,269,0.09693,1
4.877,50154,346,1521,1,11,0,8,68,0.2412,6.0082,47,0.31469,1
5.795,8640,82,110,1,0,0,0,0,0.0059,9.0,0,0.01539,1
6.044,25262,25262,1,0,0,0,0,0,0.04089,10.92308,18,0.00055,1
5.438,216,87,8,0,0,2,0,0,0.34722,4.33333,0,0.125,1
5.205,1466,116,18,0,0,0,0,0,0.50819,2.1913,0,0.01296,1
5.684,166907,91,2040,1,0,0,0,0,0.00033,9.0,0,0.01237,1
5.26,102,102,1,0,0,0,0,3,0.35294,6.0,0,0.01961,1
5.399,141134,4187,2556,3,36,5,12,82,0.28778,5.86096,406,0.11936,1
5.327,91703,1636,2370,3,12,17,22,245,0.24623,6.44028,99,0.2066,1
4.926,43,32,3,1,0,0,0,1,0.4186,6.0,0,0.09302,1
5.323,8944,365,234,3,2,0,3,12,0.28097,7.29231,50,0.14803,1
4.59,226,99,6,1,0,0,0,1,0.60619,3.42857,0,0.02655,1
5.587,129705,7487,3963,6,13,4,19,229,0.24436,5.59752,81,0.16057,1
4.393,26,26,1,1,0,0,0,1,0.46154,6.0,0,0.07692,1
5.676,264001,93,3224,1,0,0,0,0,0.00021,9.0,0,0.0123,1
4.628,76,42,5,0,0,0,0,1,0.34211,3.33333,0,0.22368,1
5.373,2800,158,72,0,2,0,1,15,0.24679,7.16667,8,0.17929,1
5.975,1605,101,19,0,0,0,0,0,0.37882,7.56923,16,0.11402,1
4.975,228,71,8,0,0,0,1,2,0.39035,2.78571,0,0.18421,1
5.506,65989,785,1519,6,7,2,8,320,0.26701,4.92015,49,0.18244,1
4.184,60,60,1,0,0,0,0,1,0.53333,3.33333,0,0.13333,1
6.01,44355,44223,7,1,0,2,0,0,0.03197,6.66667,0,0.00074,1
6.009,109547,109371,10,0,0,0,0,0,0.03417,4.85714,0,0.00018,1
6.02,61563,40,1503,1,0,2,0,0,0.03461,0.0,0,0.02443,1
5.181,1446,134,16,0,0,0,0,1,0.39903,2.82677,0,0.01176,1
4.631,56,46,4,0,0,0,0,1,0.33929,6.0,0,0.125,1
4.935,213,32,14,0,0,0,2,0,0.33333,5.0,2,0.13615,1
5.153,244,77,10,1,0,1,2,0,0.32377,2.0,0,0.08197,1
5.637,164483,2289,3147,5,36,10,14,24,0.26528,5.72722,378,0.11744,1
5.201,152,43,10,1,0,0,0,1,0.41447,4.07692,0,0.06579,1
5.912,1718,91,20,0,0,0,0,0,0.38591,7.76271,11,0.13271,1
4.441,581,43,24,0,1,0,0,2,0.22031,4.5,0,0.29088,1
5.007,595,61,22,0,0,0,1,3,0.39664,5.94595,0,0.18151,1
5.433,108,33,6,0,0,0,0,1,0.35185,8.0,0,0.06481,1
4.912,94,94,1,1,0,1,0,1,0.46809,4.66667,0,0.05319,1
5.349,107,53,6,0,0,0,0,2,0.35514,6.5,0,0.1028,1
3.517,195,59,5,0,0,0,0,0,0.89744,2.0,0,0.02051,1
6.087,21008,426,255,1,0,2,0,3,0.04384,7.13333,0,0.01261,1
4.347,76,44,5,0,0,0,0,1,0.48684,3.33333,0,0.19737,1
4.899,126,118,2,0,0,1,0,0,0.50794,2.0,0,0.02381,1
5.349,67332,183,2492,0,1,6,4,81,0.2681,6.1135,50,0.1638,1
4.884,103,40,5,0,0,1,0,2,0.34951,5.0,0,0.09709,1
5.855,1287,111,45,0,0,0,1,9,0.31779,6.69231,0,0.08392,1
4.517,45502,167,1712,1,0,0,1,4,0.16336,8.02241,150,0.35919,1
5.842,151437,39953,2557,9,9,6,10,372,0.1847,6.4075,98,0.09683,1
6.138,1247,84,16,0,0,0,0,0,0.4186,6.65217,6,0.07458,1
5.94,49731,6636,756,0,12,5,15,10,0.03853,6.20325,6,0.03461,1
5.685,19191,637,237,1,0,1,0,0,0.06373,6.28571,0,0.01657,1
5.484,79,29,10,1,0,0,0,1,0.60759,6.0,0,0.1519,1
5.319,210,87,9,0,0,0,0,1,0.32381,5.57143,0,0.12381,1
4.448,86,29,5,0,0,0,0,1,0.33721,4.33333,0,0.11628,1
5.66,621,100,9,0,0,0,0,0,0.16264,5.0,0,0.03543,1
5.496,342,65,14,2,0,0,0,2,0.27193,6.0,0,0.09942,1
5.176,62,61,2,1,0,1,0,0,0.22581,0.0,0,0.04839,1
4.89,68,49,4,1,0,0,0,0,0.35294,2.0,0,0.04412,1
5.535,66160,998,1523,8,8,1,8,271,0.26906,4.96489,48,0.16994,1
5.264,14162,492,553,1,5,0,4,69,0.25985,5.64103,13,0.18889,1
5.716,19821,18293,62,1,0,1,0,0,0.01549,6.72727,0,0.03542,1
5.903,1652,96,40,1,0,1,0,0,0.11683,0.0,0,0.04903,1
5.472,86,77,3,1,0,2,0,0,0.19767,0.0,0,0.02326,1
4.815,74,64,3,0,0,0,0,1,0.31081,9.5,0,0.13514,1
5.399,141238,4187,2517,3,36,5,12,82,0.28817,5.86096,406,0.11899,1
5.237,1456,132,17,0,0,0,0,0,0.4011,2.78295,1,0.01236,1
5.475,460,97,8,0,0,0,0,0,0.25652,6.0,0,0.06739,1
6.087,1647,1550,7,1,0,3,0,0,0.08075,0.0,0,0.00486,1
5.869,128585,1753,2927,4,5,9,11,4,0.22818,5.66709,259,0.07901,1
5.37,11552,200,486,1,0,15,1,3,0.221,6.46552,16,0.19823,1
5.612,112850,167,3671,5,16,4,19,257,0.25634,6.47196,208,0.16557,1
4.953,1010,135,38,0,0,2,0,2,0.2396,3.68627,0,0.28317,1
3.752,30450,134,854,1,8,4,1,8,0.16893,5.61711,40,0.51934,1
5.147,226,43,14,1,0,0,0,2,0.34956,5.05882,0,0.09292,1
5.79,100378,599,2188,4,7,4,9,405,0.30488,5.89274,89,0.12148,1
4.634,100871,100577,9,1,2,1,3,4,0.24954,5.99676,0,0.04177,1
4.58,2421,94,74,0,2,0,0,0,0.22305,5.29762,3,0.31433,1
5.225,431,116,24,0,0,0,0,0,0.32251,2.53333,0,0.13457,1
5.522,12828,384,366,1,1,0,2,40,0.28477,6.00722,8,0.10953,1
5.085,10828,548,258,1,4,0,0,29,0.34706,6.42623,11,0.26838,1
5.61,44204,509,1309,1,7,0,9,144,0.31137,6.22434,85,0.15809,1
5.512,12879,908,755,0,3,0,2,19,0.27487,5.65031,4,0.17859,1
5.298,217,73,8,0,0,0,0,1,0.32719,6.0,0,0.1106,1
5.499,34413,486,829,0,0,0,0,0,0.17973,0.0,0,0.12914,1
5.555,12599,289,514,1,7,0,4,26,0.27899,6.24597,12,0.13557,1
5.484,703,146,17,0,0,0,0,8,0.23613,7.64706,2,0.07397,1
5.402,131446,1458,2906,3,43,10,13,84,0.28867,5.71393,357,0.14111,1
5.115,1248,128,52,0,0,0,0,2,0.31811,4.37037,0,0.1859,1
6.125,27621,24489,104,1,0,0,0,0,0.05232,0.0,0,0.01792,1
6.006,134818,134563,7,1,0,0,0,0,0.03238,10.0,0,0.00028,1
5.467,19534,295,659,0,7,0,6,37,0.29999,7.27809,46,0.15737,1
5.697,67176,2932,1337,1,10,6,19,268,0.26699,6.06111,85,0.08865,1
5.849,21574,485,568,2,8,4,6,61,0.15384,7.10284,17,0.1531,1
5.367,193,76,10,0,0,0,0,2,0.29534,6.83333,0,0.14508,1
5.1,190,65,12,1,0,1,0,3,0.34737,4.42857,0,0.14737,1
5.228,1172,72,41,1,0,0,0,23,0.40358,5.21348,0,0.05375,1
4.77,275394,275384,4,2,14,2,21,153,0.31476,8.59961,290,0.01047,1
5.999,211118,210787,15,1,0,4,0,0,0.03709,9.5,0,0.00017,1
5.849,25868,329,641,0,10,6,4,0,0.21339,9.46835,86,0.13538,1
4.977,90,40,7,0,1,0,0,0,0.46667,3.33333,0,0.11111,1
5.503,4485,141,231,1,1,1,0,36,0.30836,5.825,4,0.13601,1
4.702,2885,261,103,0,0,0,2,0,0.25823,5.69388,4,0.28631,1
5.765,157791,565,3302,6,13,18,19,656,0.29315,5.81193,135,0.1067,1
5.507,66032,785,1519,6,7,2,8,320,0.26686,4.92015,49,0.1824,1
5.908,225710,31483,3608,4,56,12,16,90,0.21126,5.75628,386,0.09292,1
5.414,18949,393,640,1,1,0,6,53,0.28534,5.37783,0,0.14455,1
5.751,160361,160361,1,2,0,0,0,0,0.03619,9.96,0,4e-05,1
5.016,842,55,32,1,0,1,0,2,0.25059,5.08696,4,0.21259,1
6.014,93545,93127,17,1,0,2,0,0,0.03721,5.0,0,0.0003,1
5.218,891,151,21,1,0,0,0,10,0.23793,9.0,6,0.19641,1
5.528,160812,1570,3110,5,39,11,14,24,0.2622,5.75618,377,0.15347,1
5.538,81945,960,2467,1,9,1,11,84,0.22214,7.30115,177,0.16319,1
6.038,14427,84,195,1,0,2,0,0,0.03313,5.0,0,0.01365,1
5.55,174,113,6,0,0,2,1,0,0.23563,0.0,0,0.03448,1
4.829,11901,234,416,1,1,2,1,14,0.16108,6.89723,30,0.29619,1
5.839,80992,5859,1627,6,7,10,10,229,0.25123,6.02524,30,0.12709,1
5.544,102539,2313,2064,2,34,27,29,317,0.24872,5.82979,54,0.1499,1
5.399,141166,4187,2558,3,36,5,12,82,0.28777,5.86096,406,0.11938,1
4.583,447,361,7,0,0,0,0,0,0.59955,3.89474,0,0.02013,1
5.38,494,353,8,0,0,0,0,6,0.40081,6.83333,0,0.05466,1
5.422,174,122,4,0,0,0,0,2,0.21264,6.0,0,0.02874,1
5.517,116725,1212,3087,0,23,0,19,21,0.25181,5.85025,159,0.1428,1
5.914,226800,31483,3578,5,56,13,16,90,0.21001,5.75166,386,0.09233,1
4.831,54,45,3,0,0,0,0,1,0.33333,9.0,0,0.07407,1
5.278,117,81,4,0,0,1,0,2,0.26496,5.0,0,0.13675,1
5.076,235,61,18,0,0,0,0,0,0.49787,2.36842,0,0.22128,1
6.144,340270,64246,4556,7,29,31,36,316,0.1372,5.95452,126,0.05563,1
6.101,63224,281,1411,0,20,5,14,45,0.11654,6.24453,47,0.08582,1
4.986,144,58,8,1,0,0,0,1,0.29167,5.875,0,0.11111,1
4.63,104,40,6,0,0,0,0,2,0.41346,4.5,0,0.21154,1
5.041,1456,121,17,0,0,0,0,1,0.61264,2.8956,2,0.01236,1
5.517,66125,785,1523,6,7,2,8,323,0.26854,4.90246,48,0.18184,1
5.733,580,177,13,1,0,2,0,2,0.25517,8.25,0,0.06034,1
4.401,3576,289,115,5,0,6,1,23,0.63898,4.5977,0,0.08809,1
4.959,61,52,3,0,0,0,0,1,0.39344,9.0,0,0.13115,1
6.062,22979,243,1039,0,0,1,0,12,0.18495,9.03594,268,0.12681,1
5.869,59110,855,1627,4,8,5,11,177,0.32656,6.11931,98,0.15255,1
4.297,530,57,25,0,0,0,0,1,0.26038,3.58824,0,0.45094,1
5.454,4904,106,177,0,2,2,0,0,0.21656,8.46575,14,0.14091,1
5.224,1476,103,19,0,0,0,0,0,0.50949,2.20455,0,0.01355,1
5.202,10842,163,305,0,7,4,0,0,0.17432,8.65152,43,0.1936,1
5.354,17540,359,647,0,6,0,2,13,0.20445,6.27333,4,0.18261,1
5.422,174,122,4,0,0,0,0,2,0.21264,6.0,0,0.02874,1
5.725,740,356,19,1,0,0,0,8,0.26757,8.875,0,0.08514,1
5.211,60315,3847,327,0,0,0,0,0,0.2547,0.0,0,0.02988,1
5.591,189911,11591,3310,6,44,12,17,56,0.23207,5.79995,408,0.14216,1
5.524,134395,134394,2,1,0,0,0,0,0.00551,10.0,0,0.00011,1
5.369,88,78,3,0,0,1,0,1,0.23864,5.0,0,0.10227,1
4.839,5233,5230,2,1,0,2,0,2,0.36136,8.70968,10,0.00134,1
6.005,24899,24890,3,1,0,4,0,0,0.03374,0.0,0,8e-05,1
4.765,51,41,4,0,0,0,0,1,0.35294,6.0,0,0.13725,1
5.03,80,50,4,0,0,0,0,2,0.325,5.5,0,0.075,1
5.819,86604,130,1192,0,0,0,0,2,0.04651,8.0,0,0.04152,1
4.783,56,56,1,0,0,0,0,1,0.35714,9.0,0,0.01786,1
5.618,77344,1240,1620,10,8,6,9,385,0.26567,5.00068,50,0.16287,1
4.923,107567,1394,2018,9,9,2,8,294,0.27877,5.26574,53,0.27666,1
4.484,25,25,1,1,0,0,0,1,0.4,6.0,0,0.04,1
4.175,226,53,10,0,0,0,0,2,0.64159,3.14286,0,0.25221,1
6.033,63408,62549,32,1,0,0,0,4,0.04162,7.6,2,0.00211,1
5.386,131588,3543,2652,3,36,8,13,20,0.2918,5.71041,371,0.13155,1
6.119,5050,5050,1,0,0,1,1,1,0.16218,3.46853,0,0.00297,1
5.264,14162,492,553,1,5,0,4,69,0.25985,5.64103,13,0.18889,1
5.326,41249,1925,749,16,5,1,5,69,0.26136,6.61243,9,0.16189,1
6.023,66455,65859,22,1,0,2,0,0,0.03703,5.33333,0,0.00086,1
5.447,118317,635,1502,1,0,0,0,0,0.04519,5.3913,0,0.01338,1
5.919,98533,1073,1884,3,7,3,7,354,0.28936,5.6024,54,0.10614,1
5.478,22928,22927,2,1,0,0,0,0,0.26609,12.90625,23,0.0806,1
4.345,37,37,1,0,0,0,0,2,0.64865,3.75,0,0.02703,1
5.969,29011,20362,108,0,0,0,0,0,0.0344,6.04167,1,0.00679,1
6.022,43132,42906,12,1,0,0,0,0,0.03533,4.55556,0,0.00081,1
6.009,27964,27724,7,1,0,1,0,0,0.03304,4.0,0,0.00036,1
5.251,178,86,7,0,0,0,0,2,0.3427,5.875,0,0.10674,1
5.619,77915,1240,1624,10,8,6,9,385,0.26526,5.00068,50,0.16189,1
5.407,166987,638,2112,0,0,0,0,0,0.04364,6.5,3,0.01317,1
4.903,99,36,5,0,0,1,0,2,0.35354,4.5,0,0.12121,1
5.36,98199,2105,2120,3,15,6,20,213,0.27813,5.91933,128,0.26164,1
5.04,17659,126,419,0,1,0,2,8,0.22884,5.69207,6,0.24469,1
5.193,1486,96,20,1,0,0,0,0,0.51077,2.31092,0,0.01413,1
5.329,91006,1636,2348,3,12,17,22,243,0.24643,6.44646,99,0.20692,1
5.238,1446,137,16,0,0,0,0,1,0.50553,2.20183,0,0.01176,1
5.225,1469,106,19,0,0,0,0,0,0.40708,2.91729,2,0.01361,1
5.025,1476,104,19,0,0,0,0,0,0.50949,2.21186,0,0.01355,1
5.909,135598,39949,2488,6,9,3,21,317,0.19825,5.98401,55,0.09871,1
4.625,32,32,1,1,0,0,0,1,0.40625,9.0,0,0.0625,1
5.707,13639,13639,1,1,0,0,0,0,0.01958,10.0,0,0.00059,1
4.683,39,29,4,1,0,0,0,1,0.35897,8.0,0,0.07692,1
4.915,33366,110,1381,0,6,0,7,50,0.20608,7.62412,88,0.31119,1
5.472,876,854,3,0,0,0,0,8,0.33447,8.34375,2,0.02854,1
5.856,2808,2808,1,0,0,0,0,0,0.11574,7.375,5,0.06481,1
5.766,298771,298707,4,1,0,1,0,0,0.00231,2.0,0,3e-05,1
5.946,223978,35948,4584,8,9,4,8,23,0.21503,6.25448,207,0.08661,1
5.382,85932,177,2554,8,3,6,12,16,0.26257,4.25115,36,0.20281,1
5.515,160573,1570,3121,4,39,9,14,27,0.26336,5.76576,384,0.15424,1
5.532,541,55,22,0,1,0,1,1,0.24214,4.68421,0,0.08872,1
6.096,1190,86,15,1,0,0,0,0,0.38739,8.23404,11,0.07311,1
4.384,40,20,4,0,0,0,0,1,0.5,3.33333,0,0.075,1
5.824,152718,565,3557,4,16,14,19,655,0.29703,5.80248,151,0.07022,1
4.719,10378,922,79,1,0,0,0,2,0.3308,7.91361,0,0.0345,1
5.116,1479,99,20,0,0,0,0,1,0.40906,2.81343,0,0.0142,1
3.485,63292,62998,9,0,0,0,0,0,0.26384,6.0,0,0.00289,1
6.138,1247,84,16,0,0,0,0,0,0.4186,6.65217,6,0.07458,1
5.273,3916,136,125,0,0,0,1,0,0.25026,6.43182,0,0.1264,1
5.657,57692,705,1626,4,8,5,11,177,0.30807,6.11931,98,0.15623,1
5.444,373115,373114,2,2,0,0,0,0,0.04269,9.96,0,2e-05,1
6.056,50310,49152,27,1,0,3,0,0,0.04144,10.0,0,0.00662,1
5.713,19790,18293,59,1,0,1,0,0,0.01521,6.72727,0,0.03507,1
5.524,134395,134394,2,1,0,0,0,0,0.00551,10.0,0,0.00011,1
4.752,102535,102242,8,1,3,3,3,4,0.24666,5.99713,0,0.04732,1
5.355,11991,162,755,0,3,0,2,19,0.27262,5.65031,4,0.19273,1
4.929,10432,87,406,0,1,1,9,8,0.25613,4.29306,8,0.31135,1
4.727,57,57,1,1,0,0,0,1,0.49123,6.0,0,0.03509,1
5.186,1466,121,18,0,0,0,0,0,0.40314,2.74615,1,0.01296,1
5.218,1456,122,17,0,0,0,0,0,0.50687,2.14876,0,0.01236,1
5.896,1566,92,18,0,0,0,0,0,0.38442,6.72222,7,0.13985,1
6.1,21746,609,261,1,0,2,0,6,0.04764,6.94118,0,0.01251,1
5.388,86084,177,2553,8,3,6,12,0,0.2623,4.32941,53,0.20244,1
5.679,159452,3543,3070,4,36,9,13,20,0.27631,5.72674,379,0.11671,1
5.642,16304,452,503,2,0,0,4,54,0.31342,6.16384,39,0.07685,1
5.477,36742,190,1152,7,0,1,0,54,0.28433,5.35188,26,0.1636,1
5.811,103564,599,2227,5,7,6,9,412,0.29022,5.95128,93,0.11614,1
5.303,1292,118,16,0,0,0,0,0,0.56579,2.15888,0,0.01316,1
5.224,55673,2220,1308,2,1,0,7,95,0.29774,6.28931,85,0.2715,1
4.618,54,27,3,0,1,0,0,1,0.27778,6.0,0,0.14815,1
4.844,51,51,1,0,0,0,0,1,0.31373,6.0,0,0.01961,1
5.448,2051,68,87,0,0,0,0,0,0.23111,5.65625,0,0.14237,1
5.702,69486,91,873,1,0,0,0,0,0.00079,9.0,0,0.01291,1
5.509,36874,339,1211,1,7,0,10,56,0.28888,6.76728,93,0.17476,1
5.21,1469,104,19,0,0,0,0,0,0.51191,2.17797,0,0.01361,1
5.05,180,44,13,1,0,0,0,1,0.29444,4.25,0,0.18333,1
4.981,108,50,6,0,0,0,0,2,0.25926,5.5,0,0.07407,1
5.325,1325,87,20,0,0,0,0,0,0.4566,2.36885,0,0.01585,1
5.553,66803,998,1533,8,8,1,8,275,0.26867,4.97531,48,0.16908,1
5.899,135612,39949,2474,6,9,3,21,317,0.19743,5.98439,55,0.10317,1
5.697,381,381,1,0,0,3,0,1,0.35958,4.14286,0,0.03675,1
5.042,199,123,5,2,0,0,0,1,0.31156,3.27273,0,0.1005,1
5.776,27559,26920,3,1,0,1,0,0,0.03774,10.0,0,0.0008,1
5.407,40979,544,927,1,12,0,5,47,0.27438,6.16667,36,0.13046,1
5.152,70500,1716,1461,3,10,6,17,283,0.21217,5.41096,71,0.25191,1
5.031,90,90,1,0,0,0,0,1,0.27778,5.0,0,0.04444,1
5.587,41883,1784,603,6,15,1,3,151,0.281,5.98004,16,0.07733,1
4.59,104,34,5,0,0,0,0,2,0.28846,7.66667,0,0.19231,1
3.595,76849,76556,8,0,0,0,0,4,0.26292,6.34783,0,0.00407,1
5.292,12415,424,755,0,3,0,2,19,0.26404,5.65031,4,0.21716,1
4.98,10477,10184,8,0,2,2,0,0,0.24053,6.0,0,0.06452,1
5.025,1476,104,19,0,0,0,0,0,0.50949,2.21186,0,0.01355,1
4.948,110,101,3,2,0,0,0,1,0.33636,5.66667,0,0.04545,1
5.745,153,102,7,1,0,1,0,1,0.3268,3.33333,0,0.0915,1
5.231,144,67,8,0,0,0,0,1,0.29167,9.0,0,0.125,1
5.75,20044,91,255,1,0,0,0,0,0.00274,9.0,0,0.01392,1
4.944,6560,90,204,0,2,0,3,0,0.20579,6.27586,47,0.29055,1
5.618,86919,3144,1413,1,10,0,22,306,0.30128,5.30988,75,0.05917,1
5.426,3865,129,133,0,1,0,0,29,0.30323,5.52273,0,0.14463,1
4.667,1862,78,55,0,0,0,0,0,0.07465,0.0,0,0.18851,1
5.406,295,55,11,1,0,0,0,1,0.25763,6.0,0,0.10169,1
5.356,43533,570,1455,1,11,0,8,65,0.26192,6.00993,47,0.22293,1
5.496,342,65,14,2,0,0,0,2,0.27193,6.0,0,0.09942,1
4.517,36,26,4,1,0,0,0,0,0.33333,0.0,0,0.08333,1
4.607,60,30,2,0,0,0,0,2,0.46667,6.0,0,0.03333,1
5.612,112850,167,3671,5,16,4,19,257,0.25634,6.47196,208,0.16557,1
5.451,14444,1299,199,0,14,0,1,5,0.2662,5.95033,21,0.08876,1
5.112,1476,104,19,0,0,0,0,0,0.50949,2.35338,0,0.01355,1
4.322,40,31,3,0,0,0,0,2,0.475,9.0,0,0.05,1
5.768,195872,578,4136,5,14,12,12,714,0.30325,6.01001,208,0.10526,1
5.351,358,80,14,0,0,1,0,3,0.29609,6.66667,0,0.09777,1
6.01,44355,44223,7,1,0,2,0,0,0.03197,6.66667,0,0.00074,1
5.935,121604,39949,1955,5,7,5,12,353,0.19601,6.0256,34,0.07954,1
5.118,5159,116,140,0,2,2,0,0,0.20508,8.46575,14,0.2264,1
6.001,128984,128975,3,1,0,2,0,0,0.03275,0.0,0,2e-05,1
6.127,8156,3154,77,1,0,2,0,0,0.12298,8.0,0,0.02415,1
4.961,110,101,3,2,0,0,0,1,0.33636,5.66667,0,0.06364,1
5.184,1449,139,17,0,0,0,0,0,0.40304,2.85156,1,0.01242,1
5.465,8870,150,333,0,1,0,3,40,0.29966,5.07895,0,0.10936,1
6.135,25983,24524,6,0,0,1,0,0,0.05888,0.0,0,0.00054,1
4.691,89,88,2,0,0,0,0,1,0.39326,5.6,0,0.08989,1
5.355,11991,162,755,0,3,0,2,19,0.27262,5.65031,4,0.19273,1
5.691,611,99,10,0,0,0,0,0,0.16694,5.0,0,0.03764,1
5.535,66160,998,1523,8,8,1,8,271,0.26906,4.96489,48,0.16994,1
4.945,23152,164,622,1,1,0,1,32,0.19065,7.30405,30,0.26253,1
5.07,1325,103,34,0,8,0,0,2,0.25358,6.0,0,0.07547,1
5.464,14679,13268,52,1,0,0,0,1,0.26575,9.11628,29,0.02725,1
5.814,98732,599,2115,4,9,6,10,417,0.27338,5.94504,94,0.11817,1
5.983,1517,89,18,0,0,0,0,0,0.37245,7.30909,10,0.11206,1
5.814,98732,599,2115,4,9,6,10,417,0.27338,5.94504,94,0.11817,1
4.945,271,53,12,0,0,0,0,1,0.40959,4.14815,0,0.08487,1
5.448,18289,174,586,10,0,0,3,11,0.28126,7.87406,86,0.13019,1
5.818,85773,117,1182,0,0,0,0,2,0.04674,6.46154,0,0.04155,1
5.863,87741,599,1917,3,7,3,7,357,0.2848,5.61653,56,0.12449,1
5.195,1449,121,17,0,0,0,0,0,0.50932,2.14655,0,0.01242,1
5.549,66418,998,1524,8,8,1,8,271,0.26854,4.9663,48,0.16965,1
6.075,171775,1024,3404,6,22,11,12,270,0.19747,5.91403,155,0.11952,1
5.218,1456,123,17,0,0,0,0,0,0.61264,2.13514,0,0.01236,1
5.171,1456,124,17,0,0,0,0,0,0.4011,2.82171,1,0.01236,1
5.549,43782,578,1264,1,7,0,9,144,0.30202,6.22629,85,0.14839,1
5.56,219865,120043,1053,9,9,6,10,383,0.13716,6.32225,76,0.04812,1
5.626,100205,2990,1616,2,11,0,23,369,0.29249,4.97227,49,0.05285,1
6.525,368770,82886,1902,71,1,6,6,631,0.40776,2.71658,50,0.03458,1
5.564,7817,210,179,0,0,0,0,37,0.29052,6.36513,15,0.1136,1
6.06,301363,116036,3717,6,52,10,27,107,0.15063,5.61335,354,0.09055,1
5.591,17665,448,583,0,10,0,4,38,0.23142,6.52362,23,0.13609,1
5.688,174018,3699,6554,4,36,9,14,24,0.26194,5.72215,378,0.13092,1
6.782,738,397,11,0,0,0,0,0,0.65854,0.0,0,0.07046,1
5.61,44204,509,1309,1,7,0,9,144,0.31137,6.22434,85,0.15809,1
5.711,38636,91,482,1,0,0,0,0,0.00137,9.0,0,0.0131,1
5.01,9622,128,295,0,0,3,2,39,0.25837,5.32597,0,0.24652,1
4.874,3467,93,90,0,1,0,0,2,0.10701,8.0,0,0.19152,1
5.728,108212,18185,274,4,24,8,21,258,0.28237,5.6383,54,0.05964,1
4.767,112,42,6,0,0,1,0,2,0.3125,4.5,0,0.19643,1
5.926,1542,91,18,0,0,0,0,0,0.38586,7.03448,11,0.12711,1
5.629,1940,121,77,0,0,0,0,2,0.22577,7.27273,2,0.11804,1
5.842,1379,95,16,0,0,0,0,0,0.36766,6.78846,7,0.15011,1
5.356,66890,183,2502,0,1,6,4,81,0.28738,6.17529,52,0.16107,1
4.558,34,34,1,1,0,0,0,1,0.41176,6.0,0,0.05882,1
4.517,36,26,4,1,0,0,0,0,0.33333,0.0,0,0.08333,1
5.976,24675,175,618,0,6,0,2,31,0.19688,5.30502,15,0.09743,1
5.819,86593,119,1192,0,0,0,0,2,0.04648,7.0,0,0.04153,1
4.535,6820,458,222,0,0,0,0,3,0.14355,7.56164,24,0.34663,1
4.924,100,67,4,0,0,0,0,1,0.32,5.66667,0,0.11,1
5.823,138063,2657,2901,4,8,11,13,4,0.22978,5.6167,275,0.10112,1
5.122,3955,120,128,0,0,0,0,10,0.22174,5.8,0,0.22099,1
6.05,26186,25687,21,1,0,2,0,0,0.04132,12.8,10,0.00229,1
5.268,5164,143,180,1,1,0,0,17,0.24729,7.71765,3,0.21514,1
5.065,32300,174,1067,15,6,0,13,19,0.24028,5.70227,18,0.27548,1
5.272,347,72,17,0,1,0,0,3,0.29107,6.0,0,0.13545,1
5.377,76089,613,1695,1,0,6,8,17,0.2805,6.21881,206,0.19134,1
5.511,65950,785,1517,6,7,2,8,320,0.26758,4.86192,44,0.18226,1
6.017,89670,89154,23,1,0,2,0,0,0.03878,4.42857,0,0.0005,1
6.047,25546,25546,1,0,0,0,0,0,0.03934,7.30769,6,0.00059,1
5.935,40936,14043,767,2,8,4,7,80,0.15859,5.89641,19,0.08039,1
5.507,9827,291,317,0,2,2,0,0,0.20179,8.54167,14,0.18124,1
5.196,212,47,11,1,0,0,0,1,0.26887,8.4,2,0.08491,1
5.371,192,76,9,0,0,0,0,2,0.29688,6.83333,0,0.14062,1
4.209,118,25,20,0,0,0,0,0,0.55085,2.13333,0,0.16102,1
5.542,60446,10905,188,6,7,2,8,321,0.29198,4.91222,48,0.10578,1
5.37,10320,240,365,1,0,0,1,30,0.27558,6.94276,16,0.20843,1
5.679,159452,3543,3070,4,36,9,13,20,0.27631,5.72674,379,0.11671,1
5.446,118275,637,1488,1,0,1,0,0,0.0448,6.28571,0,0.01327,1
5.706,153269,3600,2931,3,15,13,12,16,0.27296,5.77084,381,0.11451,1
4.796,188,123,7,2,0,0,0,1,0.2234,5.85714,0,0.15426,1
5.498,89077,1123,2021,2,29,4,22,130,0.27554,5.98246,42,0.15261,1
5.195,1446,135,16,0,0,0,0,0,0.39903,2.55455,1,0.01176,1
4.579,216,205,4,3,0,0,0,1,0.375,6.0,0,0.02778,1
6.05,24937,238,118,0,0,0,0,1,0.04339,6.5,0,0.00493,1
5.487,805,89,25,0,0,0,0,5,0.24099,6.42857,0,0.11677,1
5.678,142598,80,1763,1,0,0,0,0,0.00023,9.0,0,0.01236,1
6.04,5777,5719,4,1,0,2,0,0,0.03497,8.0,1,0.00173,1
5.857,86594,599,1889,3,7,3,7,357,0.28336,5.60459,54,0.12102,1
5.601,15834,424,503,2,0,0,4,46,0.31369,6.22581,39,0.07686,1
4.959,46647,189,1272,0,1,6,4,83,0.23796,5.97361,32,0.2612,1
6.01,44342,44223,7,1,0,2,0,0,0.03196,6.66667,0,0.00074,1
4.671,131627,348,4044,1,0,2,0,0,0.14443,7.53134,584,0.3395,1
4.399,126,58,4,0,0,0,0,1,0.48413,4.0,0,0.11111,1
5.621,3858,2738,30,0,0,0,2,13,0.21721,3.8932,0,0.15086,1
5.681,1773,531,64,0,0,0,1,8,0.29836,4.88043,2,0.11732,1
4.517,45502,167,1712,1,0,0,1,4,0.16336,8.02241,150,0.35919,1
4.815,59,59,1,1,0,1,0,2,0.42373,5.0,0,0.01695,1
5.042,327,68,11,0,0,0,0,0,0.31193,3.77778,0,0.10092,1
4.604,74,18,7,1,0,1,0,1,0.44595,2.57143,0,0.14865,1
5.929,308744,30070,6147,9,32,15,21,840,0.24568,5.88262,287,0.10391,1
5.869,1678,93,19,0,0,0,0,0,0.35995,7.49091,12,0.14779,1
5.42,1494,1493,2,3,1,4,0,23,0.33333,5.5,8,0.00402,1
5.561,219891,120043,1054,9,9,6,10,383,0.13722,6.32225,76,0.04815,1
6.056,57396,55438,42,1,0,3,0,0,0.04208,8.4,3,0.00118,1
4.567,132,132,1,0,0,0,1,0,0.21212,0.0,0,0.01515,1
5.317,416,116,23,0,0,0,0,0,0.33413,2.53333,0,0.10337,1
6.099,1183,85,15,1,0,0,0,0,0.39814,7.1,8,0.07946,1
4.837,57249,57245,3,1,1,0,6,53,0.32811,8.89078,88,0.00678,1
5.31,315,59,19,1,0,0,0,1,0.29206,5.7,0,0.18095,1
5.175,1459,116,18,0,0,0,0,1,0.40507,2.64885,1,0.01302,1
4.399,126,58,4,0,0,0,0,1,0.48413,4.0,0,0.11111,1
4.726,1095,68,37,0,1,0,1,0,0.19726,5.29412,1,0.30502,1
6.013,36745,36642,6,1,0,2,0,0,0.03211,6.5,0,0.00044,1
5.319,42538,343,1454,1,11,0,8,65,0.26374,6.00993,47,0.22787,1
6.125,27621,24489,104,1,0,0,0,0,0.05232,0.0,0,0.01792,1
4.087,34,27,3,0,0,0,0,2,0.5,5.0,0,0.17647,1
4.738,160,26,13,1,0,1,0,1,0.225,7.0,0,0.24375,1
3.516,582,582,1,1,0,0,0,0,0.20275,5.20833,0,0.48797,1
5.247,1479,96,20,0,0,0,0,0,0.40906,2.77612,0,0.0142,1
5.206,226,50,10,0,0,1,0,4,0.34513,5.5,0,0.11504,1
5.015,14632,12748,53,0,0,0,0,2,0.27139,9.62136,2,0.05406,1
6.06,301363,116036,3717,6,52,10,27,107,0.15063,5.61335,354,0.09055,1
5.208,1446,136,16,0,0,0,0,0,0.39903,2.64815,0,0.01176,1
5.433,8126,150,294,0,0,0,2,39,0.3063,5.12281,0,0.10645,1
5.319,42538,343,1454,1,11,0,8,65,0.26374,6.00993,47,0.22787,1
5.673,49405,49404,2,2,0,0,0,0,0.02807,9.96,0,0.00014,1
4.909,74,40,5,0,0,0,0,2,0.47297,5.0,0,0.08108,1
5.528,74747,482,2144,2,8,4,10,30,0.28705,6.23009,76,0.14651,1
5.097,1446,137,16,0,0,0,0,0,0.50553,2.09821,0,0.01176,1
5.983,79356,372,1908,3,7,3,7,236,0.32688,5.92161,59,0.12549,1
5.672,229305,120,1901,1,0,0,0,0,0.00016,9.0,0,0.00829,1
6.477,865,96,64,0,0,1,0,7,0.52832,3.85294,0,0.11445,1
5.795,261187,261180,3,1,0,1,0,0,0.00859,0.0,0,1e-05,1
5.57,1763,105,63,0,0,0,0,4,0.32104,9.15625,27,0.16336,1
5.023,138,85,7,0,0,0,0,1,0.36232,5.33333,0,0.05072,1
4.749,5793,71,194,1,0,0,0,3,0.18298,7.37931,11,0.36855,1
5.765,137137,5859,2900,8,8,13,13,53,0.245,7.18613,312,0.12151,1
5.38,494,353,8,0,0,0,0,6,0.40081,6.83333,0,0.05466,1
5.441,34501,118,1303,0,1,0,0,0,0.24837,7.22263,60,0.15878,1
4.484,25,25,1,1,0,0,0,1,0.44,6.0,0,0.04,1
5.57,227833,227759,7,1,0,0,0,0,0.00089,23.0,33,8e-05,1
5.528,160884,1570,3107,5,39,11,14,24,0.2621,5.75618,377,0.15332,1
5.395,13352,415,289,1,0,1,0,55,0.23015,6.92157,9,0.14747,1
5.729,81112,8885,2136,4,19,7,27,268,0.25867,5.56978,109,0.11589,1
5.506,66083,785,1524,6,7,6,8,322,0.26701,4.91965,49,0.18236,1
5.315,4469,187,119,1,1,1,1,5,0.23495,4.73529,0,0.1987,1
6.013,25911,25791,5,1,0,2,0,0,0.03408,3.5,0,0.00023,1
5.207,575,71,19,1,0,1,0,1,0.27304,2.57143,0,0.10609,1
4.762,68,67,2,2,0,0,0,1,0.32353,6.0,0,0.02941,1
5.768,169300,168160,4,1,0,0,0,0,0.02138,10.0,0,3e-05,1
5.842,1379,95,16,0,0,0,0,0,0.36766,6.78846,7,0.15011,1
6.028,74558,50,1466,1,0,2,0,0,0.03325,8.33333,0,0.01965,1
5.577,87919,1081,2120,0,31,4,26,173,0.24132,5.89308,117,0.17228,1
4.776,52387,465,1233,0,21,0,6,10,0.23065,5.76661,85,0.31057,1
4.682,47,47,1,1,0,0,0,1,0.59574,4.5,0,0.02128,1
4.116,75445,75151,9,1,32,3,5,27,0.25381,6.02913,0,0.02282,1
5.869,56072,1385,1223,1,13,5,7,182,0.21685,5.6731,43,0.11867,1
5.819,86593,119,1192,0,0,0,0,2,0.04648,7.0,0,0.04153,1
4.991,203,125,5,2,0,0,0,1,0.30542,3.27273,0,0.12808,1
5.99,41155,41146,3,1,0,0,0,0,0.04464,0.0,0,5e-05,1
5.407,55429,550,1128,1,12,0,5,47,0.24045,6.16159,36,0.14814,1
5.673,654798,91,8189,1,0,0,0,0,8e-05,9.0,0,0.01254,1
4.901,225,193,3,1,0,0,0,0,0.17333,0.0,0,0.03556,1
3.252,556,556,1,0,0,0,0,0,0.18345,6.14286,0,0.53237,1
6.504,1594,147,63,4,0,2,0,20,0.56775,4.76744,0,0.05834,1
6.05,26180,25687,21,1,0,2,0,0,0.04144,12.8,10,0.00229,1
4.502,60,25,4,0,0,0,0,1,0.3,7.0,0,0.2,1
5.849,25868,329,641,0,10,6,4,0,0.21339,9.46835,86,0.13538,1
6.012,38266,38178,6,1,0,2,0,0,0.03222,6.66667,0,0.00047,1
4.901,225,193,3,1,0,0,0,0,0.17333,0.0,0,0.03556,1
5.345,316,53,12,0,0,0,0,2,0.73101,3.14286,0,0.18354,1
5.155,1456,126,17,0,0,0,0,0,0.50687,2.10345,0,0.01236,1
4.916,33190,110,1205,0,6,0,7,50,0.20717,7.62412,88,0.30753,1
5.447,118317,635,1502,1,0,0,0,0,0.04519,5.3913,0,0.01338,1
5.974,21673,175,521,0,5,0,1,31,0.18225,5.2235,7,0.08771,1
4.467,141,73,4,0,0,0,0,1,0.4539,4.0,0,0.10638,1
4.76,67,58,3,0,0,0,0,1,0.31343,9.0,0,0.0597,1
5.632,69014,1603,1973,4,8,5,10,31,0.28115,6.46252,76,0.14216,1
4.491,217,217,1,1,0,0,0,0,0.56682,2.9,0,0.09217,1
6.043,73150,71832,27,2,0,0,0,0,0.03738,9.85714,12,0.00051,1
6.022,130152,128725,51,1,0,2,0,8,0.03945,7.84211,1,0.00148,1
6.183,347849,134959,1632,48,4,7,2,644,0.37979,2.73801,16,0.04425,1
5.115,1248,128,52,0,0,0,0,2,0.31811,4.37037,0,0.1859,1
5.867,3750,3750,1,2,0,0,0,0,0.09147,9.96,0,0.0016,1
6.012,130587,90125,27,1,0,5,0,0,0.03283,3.0,0,0.00095,1
5.253,93328,5859,1612,4,7,10,10,196,0.21162,5.96813,25,0.2566,1
4.934,87,55,4,0,0,0,0,2,0.41379,5.5,0,0.05747,1
4.558,35,26,3,1,0,0,0,0,0.4,6.0,0,0.17143,1
5.2,9034,111,206,1,1,0,4,0,0.33097,7.25275,16,0.10306,1
6.055,1315,518,15,0,4,2,0,2,0.07376,8.2,0,0.01749,1
4.973,239,111,6,0,0,0,0,0,0.25523,0.0,0,0.06695,1
5.293,198,73,6,0,0,0,0,1,0.29798,6.66667,0,0.10101,1
5.796,108318,599,2296,4,7,6,9,464,0.29556,5.80978,84,0.12942,1
5.347,126,59,7,1,0,0,0,2,0.27778,5.5,0,0.11905,1
5.657,166863,3543,3157,4,36,9,14,24,0.26373,5.72396,378,0.11613,1
6.131,166202,61286,1593,9,10,9,9,118,0.08811,5.95063,39,0.04984,1
5.112,1058,118,48,0,0,0,1,2,0.2344,8.4375,2,0.14934,1
5.386,131590,3543,2654,3,36,8,13,20,0.2918,5.71041,371,0.13156,1
5.328,630,161,21,0,0,0,0,4,0.29365,8.11765,5,0.1,1
5.849,21574,485,568,2,8,4,6,61,0.15384,7.10284,17,0.1531,1
6.055,267573,21548,1806,64,1,4,5,605,0.37936,2.7043,48,0.031,1
5.676,25059,413,1213,0,0,0,0,128,0.27048,5.99834,8,0.18624,1
4.441,632,44,47,0,0,0,0,0,0.15981,5.0,0,0.34494,1
5.631,415,60,13,6,0,0,0,12,0.46747,6.35714,0,0.08193,1
5.537,30376,2315,694,1,6,0,4,95,0.30221,5.24823,8,0.09801,1
5.237,1486,101,20,0,0,0,0,0,0.40713,2.5042,0,0.01413,1
5.208,1466,118,18,0,0,0,0,0,0.40314,2.88462,2,0.01296,1
5.8,2412,2412,1,2,0,1,0,0,0.017,5.0,0,0.00083,1
3.537,13410,13116,9,0,0,0,0,0,0.26585,6.0,0,0.00768,1
5.658,69346,1172,1569,8,8,3,8,272,0.27246,5.00811,54,0.13975,1
5.354,17540,359,647,0,6,0,2,13,0.20445,6.27333,4,0.18261,1
5.013,3047,71,120,0,0,0,3,6,0.234,6.24658,1,0.21497,1
5.311,360,360,1,0,0,0,0,6,0.34444,6.83333,0,0.04722,1
5.194,8686,93,260,1,1,0,0,26,0.20654,7.875,6,0.22669,1
5.59,190669,11591,3324,6,44,13,17,56,0.23204,5.8001,408,0.14207,1
4.17,44284,43990,9,1,0,1,0,55,0.26088,6.01942,0,0.0226,1
5.551,58708,695,1420,1,11,0,14,172,0.29739,4.97248,52,0.08692,1
5.96,134430,39947,2234,6,9,9,14,407,0.20553,6.18643,44,0.06984,1
5.87,229103,31483,3595,4,56,12,16,90,0.2078,5.75628,386,0.10741,1
5.901,111444,7566,2112,4,4,5,5,525,0.29469,5.92977,132,0.09655,1
5.499,31671,231,1125,2,0,0,2,39,0.27621,5.05421,36,0.15143,1
6.102,10729,3112,152,1,0,0,0,22,0.11977,7.875,25,0.08659,1
4.929,10432,87,406,0,1,1,9,8,0.25613,4.29306,8,0.31135,1
5.688,100403,100402,2,1,0,0,0,0,0.0062,9.71429,0,4e-05,1
5.344,8100,454,222,0,4,0,0,2,0.19852,6.0,0,0.15148,1
5.796,9622,1315,180,1,3,1,0,12,0.19435,5.90909,4,0.08314,1
5.727,19673,637,234,2,0,1,0,0,0.06735,4.64444,0,0.02897,1
4.674,11133,1010,79,1,0,0,0,2,0.30836,7.83801,0,0.03216,1
4.887,66920,15694,1414,2,2,3,6,25,0.21361,6.87766,54,0.3406,1
5.496,21389,303,908,0,3,0,8,40,0.22605,6.51948,10,0.1533,1
5.645,29145,29144,2,2,0,0,0,0,0.034,9.96,0,0.00024,1
4.916,33190,110,1205,0,6,0,7,50,0.20717,7.62412,88,0.30753,1
5.982,2048,89,24,0,0,0,0,0,0.37939,7.51316,19,0.11963,1
5.677,266562,87,3337,1,0,0,0,0,0.00019,9.0,0,0.0126,1
5.983,1517,89,18,0,0,0,0,0,0.37245,7.30909,10,0.11206,1
4.667,43593,43584,4,1,0,0,18,32,0.30351,7.27273,6,0.00934,1
6.008,115921,143,1607,1,0,1,0,2,0.05133,5.75,0,0.01499,1
4.582,2975,92,103,0,10,1,0,0,0.25143,6.19298,0,0.3442,1
5.91,25858,251,327,0,0,0,0,6,0.18625,5.12903,0,0.02347,1
5.607,114054,167,3708,5,16,4,19,264,0.25712,6.47064,208,0.16591,1
5.188,24633,310,597,0,0,0,3,0,0.22125,6.94318,2,0.17428,1
6.024,13774,13772,3,1,0,0,0,0,0.03282,13.0,1,0.00036,1
5.519,1694,86,60,0,1,0,6,6,0.25325,5.5082,0,0.08973,1
5.625,79573,1264,1635,10,8,6,9,389,0.26552,5.00477,50,0.15922,1
5.936,98937,1073,1888,3,7,3,7,365,0.29002,5.59912,54,0.10151,1
4.294,33,32,2,1,0,0,0,1,0.33333,6.0,0,0.06061,1
5.06,631,55,27,1,0,0,0,0,0.26149,4.88889,4,0.20127,1
5.561,219895,120043,1054,9,9,6,10,383,0.13718,6.32225,76,0.04814,1
4.634,100871,100577,9,1,2,1,3,4,0.24954,5.99676,0,0.04177,1
5.311,182,81,7,1,0,1,0,4,0.3022,5.25,0,0.15385,1
5.736,478336,478336,1,2,0,0,0,0,0.03992,9.96,0,1e-05,1
5.678,177324,91,2194,1,0,0,0,0,0.0003,9.0,0,0.01251,1
3.664,14,14,1,0,0,0,0,1,0.71429,5.0,0,0.0,1
4.401,3576,289,115,5,0,6,1,23,0.63898,4.5977,0,0.08809,1
4.073,362,362,1,0,0,0,0,0,0.5442,3.89474,0,0.0,1
6.027,74549,50,1465,1,0,2,0,0,0.03315,8.33333,0,0.01964,1
4.583,447,361,7,0,0,0,0,0,0.59955,3.89474,0,0.02013,1
5.025,72804,1133,1488,8,8,3,8,237,0.22028,4.91905,46,0.28191,1
4.671,10396,953,79,1,0,0,0,2,0.35793,7.86774,0,0.03444,1
5.706,153269,3600,2931,3,15,13,12,16,0.27296,5.77084,381,0.11451,1
6.01,44353,44223,8,1,0,2,0,0,0.03195,6.66667,0,0.00077,1
5.969,882,90,11,1,0,0,0,0,0.36281,6.56,4,0.12132,1
5.729,80801,8885,2107,4,19,7,27,267,0.25897,5.56771,109,0.11563,1
4.874,3467,93,90,0,1,0,0,2,0.10701,8.0,0,0.19152,1
5.178,1190,76,88,2,0,0,0,0,0.2958,3.81667,2,0.2,1
5.601,13050,602,514,1,7,0,4,34,0.28008,6.12721,12,0.1331,1
5.658,1988,121,77,0,0,0,0,2,0.24396,7.27273,2,0.11519,1
5.765,137137,5859,2900,8,8,13,13,53,0.245,7.18613,312,0.12151,1
5.419,818,114,36,1,0,0,0,1,0.34719,3.84783,0,0.1357,1
5.2,9034,111,206,1,1,0,4,0,0.33097,7.25275,16,0.10306,1
4.48,549,65,18,0,0,0,0,1,0.65938,2.33333,0,0.04007,1
5.28,623,105,22,0,0,1,0,3,0.26003,5.82609,0,0.11236,1
5.228,1274,134,52,0,0,0,0,2,0.32967,4.37037,0,0.18289,1
5.895,139821,2657,2901,4,8,11,13,12,0.23792,5.6171,275,0.10001,1
6.36,257441,53564,1355,47,1,1,2,556,0.40196,2.6941,16,0.03316,1
4.901,1770,153,76,0,2,0,0,4,0.20508,5.25,0,0.29831,1
6.036,1563,1554,3,1,0,3,0,0,0.0499,0.0,0,0.00128,1
5.673,42338,228,1367,1,8,4,21,58,0.24033,5.24018,14,0.11538,1
4.884,103,40,5,0,0,1,0,2,0.34951,5.0,0,0.09709,1
4.323,120,19,9,1,0,0,0,0,0.825,2.75,0,0.11667,1
5.863,87741,599,1917,3,7,3,7,357,0.2848,5.61653,56,0.12449,1
5.405,94931,998,2019,9,9,2,8,294,0.31556,5.26866,53,0.18308,1
5.345,1292,117,16,0,0,0,0,0,0.44659,2.6063,1,0.01316,1
5.398,76,67,3,1,0,2,0,0,0.23684,0.0,0,0.02632,1
4.996,1044,65,35,1,0,0,1,0,0.341,6.67857,0,0.25958,1
5.79,100378,599,2188,4,7,4,9,405,0.30488,5.89274,89,0.12148,1
5.55,32731,415,1033,1,10,0,7,63,0.27662,5.26324,8,0.13669,1
5.276,670,111,11,0,0,0,0,0,0.40299,2.375,0,0.0209,1
6.151,1804,1804,1,0,0,0,0,0,0.12084,8.30769,2,0.00776,1
6.123,26555,26120,26,0,0,1,0,0,0.05453,0.0,0,0.00218,1
5.178,3801,115,147,0,2,2,0,0,0.23257,8.54167,14,0.2031,1
5.713,73656,2104,1722,1,2,1,3,18,0.26022,5.44915,83,0.12575,1
4.657,10939,935,79,1,0,0,0,2,0.35698,8.01341,0,0.03273,1
4.541,50,40,4,1,0,0,0,0,0.32,0.0,0,0.08,1
5.549,43782,578,1264,1,7,0,9,144,0.30202,6.22629,85,0.14839,1
5.281,34821,629,1074,3,1,3,0,0,0.32153,4.4598,27,0.20433,1
5.618,4934,451,229,1,1,1,0,44,0.30867,5.66087,4,0.1291,1
5.766,298770,298708,7,1,0,0,0,0,0.00233,2.0,0,3e-05,1
6.152,335345,301498,1073,2,14,0,4,112,0.0557,7.35009,84,0.01343,1
5.185,1446,135,16,0,0,0,0,1,0.61203,2.18018,0,0.01176,1
4.637,446,46,19,0,0,0,0,0,0.287,3.76,0,0.22422,1
5.361,2455,110,70,0,2,0,0,10,0.31609,8.59375,10,0.11487,1
5.186,1466,121,18,0,0,0,0,0,0.40314,2.74615,1,0.01296,1
6.093,15005,14107,39,1,0,2,0,2,0.04419,6.71429,0,0.00686,1
5.839,43396,459,1275,1,14,4,5,97,0.2043,5.2739,5,0.12803,1
4.688,32,23,3,0,0,0,0,1,0.4375,5.0,0,0.0625,1
4.144,370,164,7,0,0,0,0,0,0.52973,3.89474,0,0.01622,1
6.031,34574,34231,21,1,0,2,0,0,0.03552,6.0,0,0.00159,1
5.671,971659,91,12150,1,0,0,0,0,6e-05,9.0,0,0.01253,1
6.102,21192,609,256,1,0,2,0,6,0.04837,6.94118,0,0.0126,1
5.468,46551,3049,564,3,11,0,7,161,0.2751,5.14788,5,0.08698,1
5.397,20368,20367,2,1,0,0,0,0,0.21121,14.78571,23,0.0705,1
3.344,386,171,12,0,0,0,0,0,0.96373,3.90196,0,0.0285,1
6.12,1281,85,16,0,0,0,0,0,0.3872,7.03846,6,0.07338,1
5.696,4387,4380,3,1,0,0,0,0,0.03807,7.0,0,0.00068,1
4.021,489401,492,11475,28,22,3,1,16,0.12353,6.65533,287,0.46033,1
5.183,9405,233,341,1,0,0,1,28,0.25657,7.09818,16,0.22031,1
6.013,76738,76738,1,0,0,0,0,0,0.03432,7.92308,0,7e-05,1
4.829,155,39,14,0,0,0,0,1,0.43226,4.08333,0,0.18065,1
4.297,530,57,25,0,0,0,0,1,0.26038,3.58824,0,0.45094,1
4.526,68,58,4,0,0,0,0,0,0.33824,0.0,0,0.11765,1
4.945,80,21,7,1,0,0,0,1,0.35,3.0,0,0.1,1
5.791,91880,90098,33,0,0,2,0,1,0.10795,10.9,7,0.00704,1
4.706,120,45,6,0,0,0,0,2,0.36667,4.5,0,0.20833,1
5.208,1446,136,16,0,0,0,0,0,0.39903,2.64815,0,0.01176,1
5.36,861,849,4,1,0,0,0,0,0.19396,7.0,0,0.00581,1
6.006,66028,66027,2,3,0,2,0,0,0.0318,21.0,4,5e-05,1
6.044,31097,120,266,1,0,2,0,0,0.03885,7.0,0,0.00945,1
5.976,24679,175,620,0,6,0,2,31,0.19693,5.30502,15,0.09749,1
5.14,1155,121,54,0,4,0,1,1,0.23117,7.7,0,0.14545,1
6.097,170854,40328,2460,11,8,13,13,58,0.18736,7.07252,289,0.08599,1
4.639,92,92,1,0,0,0,0,1,0.56522,4.2,0,0.09783,1
5.138,103749,1565,3410,11,1,1,4,12,0.19055,6.038,105,0.25545,1
5.588,129481,7487,3738,6,13,4,19,229,0.24478,5.59752,81,0.15912,1
5.407,2363,90,81,0,4,0,0,0,0.20398,5.97403,0,0.146,1
5.623,42672,1505,662,5,15,1,3,152,0.28182,5.97783,16,0.07794,1
5.794,3721,1024,5,1,0,1,0,0,0.00699,0.0,0,0.00161,1
5.648,621,98,10,0,0,0,0,0,0.16586,5.0,0,0.03704,1
6.122,17092,714,338,0,0,0,0,2,0.33893,6.57333,23,0.10051,1
6.005,110834,110655,10,0,0,0,0,0,0.03671,5.71429,0,0.00017,1
4.941,3748,91,130,0,0,0,0,3,0.14248,6.9,4,0.24787,1
4.608,11042,927,79,1,0,0,0,2,0.34278,8.05325,0,0.03242,1
4.676,51800,51507,8,1,3,1,6,63,0.25162,6.15972,0,0.04759,1
4.826,47,47,1,1,0,1,0,0,0.40426,6.0,0,0.02128,1
5.723,80661,8885,2136,4,19,7,27,260,0.25838,5.57465,109,0.11618,1
4.614,115,49,4,0,0,0,0,2,0.21739,5.0,0,0.26957,1
5.77,13387,88,173,1,0,0,0,0,0.00403,9.0,0,0.01464,1
4.268,4746,4452,9,2,0,4,0,0,0.26064,6.0,0,0.03666,1
5.408,2925,957,60,0,0,0,0,17,0.28342,6.72917,2,0.08786,1
4.844,101,92,3,0,0,0,0,2,0.45545,4.5,0,0.12871,1
5.744,2941,2941,1,0,0,0,0,0,0.10949,7.70833,9,0.10813,1
4.703,109,41,9,0,0,0,0,1,0.36697,5.6,0,0.22018,1
4.829,90,57,4,0,0,0,0,1,0.31111,5.66667,0,0.07778,1
5.28,1254,316,42,2,0,0,0,4,0.5933,3.375,0,0.06778,1
5.2,1466,122,18,0,0,0,0,0,0.40314,2.85385,1,0.01296,1
4.637,446,46,19,0,0,0,0,0,0.287,3.76,0,0.22422,1
4.192,11482,11189,8,1,0,1,0,14,0.26424,7.05556,0,0.02561,1
5.056,83,83,1,1,0,1,0,2,0.40964,4.0,0,0.01205,1
5.183,1446,137,16,0,0,0,0,1,0.39903,2.84921,1,0.01176,1
5.081,103649,2121,2259,4,8,4,22,220,0.26011,5.86635,125,0.29005,1
5.201,25464,284,790,0,1,0,0,0,0.20354,0.0,0,0.22597,1
4.647,11744,1034,79,1,0,0,0,2,0.30799,7.90329,0,0.03048,1
5.122,1439,134,16,0,0,0,0,0,0.40097,2.95238,0,0.01181,1
4.475,169888,2055,2136,8,9,13,16,262,0.12041,5.11554,64,0.43438,1
5.251,1486,96,20,0,0,0,0,0,0.6144,2.14286,0,0.01413,1
5.131,121,41,8,1,0,1,0,2,0.36364,5.85714,0,0.17355,1
5.801,34089,1047,1034,0,7,1,7,48,0.26369,5.75638,36,0.09645,1
4.979,654,90,23,1,0,0,0,3,0.237,8.23077,1,0.23547,1
4.599,606,470,4,1,0,0,0,1,0.49835,6.0,0,0.0231,1
5.504,8233,2317,182,0,0,0,1,9,0.23199,4.75641,6,0.18778,1
5.147,5758,291,181,0,1,0,2,23,0.26572,5.65957,5,0.22925,1
5.199,1486,100,20,0,0,0,0,0,0.6144,2.16239,0,0.01413,1
5.87,147012,146937,6,1,0,2,0,0,0.08244,5.0,0,3e-05,1
5.423,8217,122,303,0,0,0,2,39,0.30741,5.12281,0,0.10515,1
5.681,2874,451,67,0,2,0,1,22,0.31907,5.5814,0,0.1016,1
5.793,90797,16271,1768,6,7,6,9,324,0.28807,4.98736,60,0.16235,1
5.434,8541,150,319,0,0,0,3,40,0.30277,5.15084,0,0.11041,1
5.175,1232,125,42,2,0,3,1,0,0.31575,6.7,0,0.21753,1
4.991,166,75,6,0,0,0,0,1,0.18072,4.2,0,0.15663,1
6.025,24753,24589,8,1,0,0,0,0,0.03555,12.8,3,0.00069,1
5.238,1446,137,16,0,0,0,0,1,0.50553,2.20183,0,0.01176,1
6.043,73150,71832,27,2,0,0,0,0,0.03738,9.85714,12,0.00051,1
5.696,24955,144,935,1,3,0,10,20,0.31629,6.08844,32,0.16922,1
5.674,347327,91,4293,1,0,0,0,0,0.00016,9.0,0,0.01243,1
5.329,9746,204,246,0,1,0,0,3,0.33193,8.5,6,0.20388,1
5.753,2898,2898,1,0,0,0,0,0,0.11215,6.45833,0,0.10559,1
4.95,289,86,8,2,0,1,0,1,0.33564,9.76923,4,0.11073,1
5.745,190502,15451,3185,5,13,12,16,56,0.22025,5.89566,432,0.13542,1
5.688,85664,3916,1556,2,11,11,23,255,0.29744,4.87412,10,0.09238,1
5.673,654798,91,8189,1,0,0,0,0,8e-05,9.0,0,0.01254,1
5.484,39645,380,606,5,15,0,3,151,0.29237,5.98667,16,0.08115,1
5.021,231963,340,5377,15,7,2,40,42,0.23293,5.83352,522,0.26752,1
5.853,3194,228,73,0,0,3,1,4,0.34126,5.03306,3,0.07483,1
5.618,3115,349,74,0,6,0,0,17,0.28475,6.45556,1,0.08218,1
5.596,41823,1505,661,5,15,1,3,152,0.28396,5.97783,16,0.07945,1
4.922,86280,86276,3,15,6,0,13,19,0.35814,7.7303,110,0.00253,1
5.614,935,846,9,0,0,0,0,8,0.32513,8.34375,2,0.04064,1
6.008,23327,23271,7,1,0,2,0,0,0.03241,5.0,0,0.00034,1
5.75,20044,91,255,1,0,0,0,0,0.00274,9.0,0,0.01392,1
5.141,5491,111,193,0,2,0,0,0,0.14751,6.62195,7,0.17811,1
6.006,51543,51454,4,1,0,2,0,0,0.03323,7.0,0,0.00033,1
5.339,870,135,32,0,0,0,0,10,0.29425,5.6,0,0.16667,1
5.311,694,87,25,1,0,0,0,3,0.29827,8.23077,1,0.21758,1
4.756,101145,100852,8,0,3,2,3,4,0.24773,5.99712,0,0.04792,1
5.704,1264,593,21,0,0,0,0,8,0.28481,4.96721,0,0.09177,1
5.454,4904,106,177,0,2,2,0,0,0.21656,8.46575,14,0.14091,1
5.436,133221,2283,2822,3,42,10,13,71,0.29412,5.72656,357,0.12943,1
5.887,5956,5751,14,1,0,2,0,0,0.11132,4.42857,0,0.00453,1
3.75,16,15,2,0,0,0,0,1,0.6875,5.0,0,0.0625,1
2.749,419,419,1,0,0,0,0,0,0.14081,6.0,0,0.63962,1
5.677,117,88,4,1,0,0,0,1,0.44444,5.0,0,0.03419,1
5.298,11463,236,749,2,0,2,0,18,0.21295,5.89809,0,0.24269,1
6.013,38202,38092,5,1,0,2,0,0,0.03343,6.66667,0,0.00047,1
5.081,103649,2121,2259,4,8,4,22,220,0.26011,5.86635,125,0.29005,1
5.79,33638,1047,1034,0,7,1,7,40,0.26307,5.77459,36,0.09688,1
5.783,1030,145,61,3,0,4,4,4,0.25631,8.25,0,0.0932,1
5.286,15269,89,486,0,0,0,1,0,0.28096,7.05934,127,0.23525,1
5.614,935,846,9,0,0,0,0,8,0.32513,8.34375,2,0.04064,1
5.616,161907,2289,3150,4,36,9,14,24,0.26858,5.7213,378,0.11937,1
5.445,234,72,8,0,0,0,0,2,0.32906,6.5,0,0.09402,1
5.387,520,88,24,0,0,0,0,5,0.29808,6.85714,0,0.09808,1
5.945,233634,31483,3854,4,56,12,16,90,0.21206,5.75628,386,0.09087,1
4.399,38,37,2,0,0,0,0,1,0.47368,3.33333,0,0.18421,1
5.517,66125,785,1523,6,7,2,8,323,0.26854,4.90246,48,0.18184,1
3.953,33,33,1,0,0,0,0,2,0.75758,3.5,0,0.0,1
4.895,47,38,3,1,0,1,0,0,0.40426,6.0,0,0.04255,1
5.471,2807,279,67,0,1,0,0,9,0.25472,6.4359,0,0.09797,1
5.263,181,44,8,0,0,1,0,2,0.29834,6.0,0,0.07735,1
4.803,175021,175018,2,0,1,6,4,81,0.35362,8.75421,159,0.00713,1
5.528,160812,1570,3110,5,39,11,14,24,0.2622,5.75618,377,0.15347,1
2.883,1108,119,36,0,0,0,0,1,0.91787,3.01724,0,0.05596,1
5.109,97,55,12,1,0,0,0,1,0.35052,6.0,0,0.17526,1
5.723,80664,8885,2136,4,19,7,27,260,0.25837,5.57465,109,0.11617,1
5.187,1476,105,19,0,0,0,0,0,0.50949,2.13559,0,0.01355,1
6.102,10729,3112,152,1,0,0,0,22,0.11977,7.875,25,0.08659,1
5.536,19371,1980,564,1,0,0,3,41,0.26132,5.70344,15,0.17258,1
6.782,738,397,11,0,0,0,0,0,0.65854,0.0,0,0.07046,1
5.534,74554,482,2144,3,8,4,10,31,0.28456,6.22997,76,0.14693,1
4.453,58735,508,597,6,0,15,1,39,0.26907,8.90877,80,0.26444,1
4.756,101145,100852,8,0,3,2,3,4,0.24773,5.99712,0,0.04792,1
4.944,80,28,6,1,0,1,0,1,0.3375,3.0,0,0.1625,1
4.922,58,49,3,0,0,0,0,1,0.41379,9.0,0,0.08621,1
5.004,328,64,18,0,1,0,0,2,0.2439,6.5,0,0.2439,1
5.396,141288,4179,2522,3,36,5,12,82,0.28709,5.86096,406,0.11959,1
4.718,12363,11354,36,0,0,0,0,2,0.32905,6.20113,0,0.05347,1
5.527,15834,424,503,2,0,0,4,46,0.30952,6.22581,39,0.10111,1
5.477,121,121,1,0,0,2,1,0,0.21488,0.0,0,0.00826,1
6.023,9012,7613,5,1,0,0,0,0,0.0334,13.0,1,0.00078,1
5.141,11181,155,331,0,0,3,2,49,0.25597,5.6875,4,0.22994,1
6.01,44353,44223,8,1,0,2,0,0,0.03195,6.66667,0,0.00077,1
5.729,80801,8885,2107,4,19,7,27,267,0.25897,5.56771,109,0.11563,1
5.766,298783,298708,5,1,0,0,0,0,0.00234,2.0,0,3e-05,1
6.061,5292,5292,1,0,0,4,0,0,0.04327,3.54545,0,0.00038,1
5.385,131452,3541,2652,3,36,8,13,20,0.29187,5.71041,371,0.1316,1
5.796,8625,83,111,1,0,0,0,0,0.00591,9.0,0,0.01554,1
5.325,856,108,41,0,0,0,0,3,0.27103,6.66667,0,0.12033,1
5.963,1718,118,58,0,6,1,1,0,0.18685,4.7381,2,0.07043,1
5.483,7205,106,297,0,2,0,4,24,0.28161,5.71429,27,0.17779,1
5.934,121405,39949,1928,5,7,6,12,353,0.19616,6.0299,34,0.07943,1
4.657,26917,22385,11,1,154,1,0,0,0.25382,6.0,0,0.04232,1
5.77,208538,208496,5,1,0,1,0,0,0.00653,34.0,2,3e-05,1
4.297,21,21,1,1,0,0,0,1,0.57143,6.0,0,0.0,1
5.723,80664,8885,2136,4,19,7,27,260,0.25837,5.57465,109,0.11617,1
5.745,83762,6715,3866,2,20,4,18,169,0.25528,5.06967,27,0.14835,1
5.206,226,50,10,0,0,1,0,4,0.34513,5.5,0,0.11504,1
4.088,27,27,1,0,0,0,0,2,0.55556,5.0,0,0.03704,1
5.849,3779,3779,1,2,0,0,0,0,0.08812,9.96,0,0.00159,1
4.184,225,53,10,0,0,0,0,2,0.64444,3.14286,0,0.24889,1
4.896,163194,163191,2,7,7,3,9,240,0.32624,7.89055,178,0.00555,1
6.006,12040,12013,4,1,0,3,0,0,0.03389,0.0,0,0.00033,1
5.511,65950,785,1517,6,7,2,8,320,0.26758,4.86192,44,0.18226,1
5.231,1476,104,19,0,0,0,0,0,0.40515,2.88636,1,0.01355,1
4.999,330,64,20,0,1,0,0,2,0.24242,6.5,0,0.24848,1
5.825,78395,372,1926,3,7,3,7,236,0.2922,5.91749,59,0.1273,1
5.218,1469,104,19,1,0,0,0,0,0.40708,2.82443,2,0.01361,1
5.212,31895,173,1074,2,1,2,0,0,0.27475,4.45088,27,0.22768,1
5.171,1930,153,45,0,0,0,1,11,0.28394,5.8,0,0.16528,1
5.207,1439,135,16,0,0,0,0,0,0.40097,2.66129,1,0.01181,1
5.63,163277,2289,3146,5,36,10,14,24,0.26579,5.72624,377,0.11812,1
5.529,160973,1570,3112,5,39,11,14,24,0.26224,5.75618,377,0.15336,1
5.207,1439,135,16,0,0,0,0,0,0.40097,2.66129,1,0.01181,1
5.84,112509,2793,2302,4,7,6,9,463,0.2881,5.81597,84,0.12451,1
5.671,948460,91,11714,1,0,0,0,0,6e-05,9.0,0,0.01238,1
5.821,102751,599,2189,4,7,6,9,405,0.29221,5.88098,89,0.1175,1
4.994,168,38,11,2,0,0,0,1,0.375,5.0,0,0.08929,1
5.299,216,73,7,0,0,0,0,1,0.3287,6.0,0,0.10648,1
4.862,38705,487,935,0,4,0,3,8,0.22741,6.21712,45,0.29097,1
5.742,25974,394,675,0,7,0,9,21,0.31582,6.57262,51,0.13691,1
6.06,323,106,18,1,0,0,0,4,0.37461,6.0,0,0.08359,1
5.238,1486,99,20,0,0,0,0,0,0.40713,2.76296,1,0.01413,1
5.992,136834,39949,2489,6,9,3,21,317,0.2053,5.98401,55,0.09783,1
5.827,138514,2657,2901,4,8,11,13,12,0.23004,5.61226,275,0.101,1
4.975,23607,177,506,0,5,1,15,40,0.12501,4.52877,0,0.34435,1
6.039,123078,39949,1957,5,7,5,12,353,0.20565,6.0256,34,0.0786,1
6.15,1262,84,16,0,0,0,0,0,0.38669,7.95918,10,0.06022,1
5.19,1439,133,16,0,0,0,0,0,0.61501,2.15789,0,0.01181,1
4.72,343,342,2,1,0,0,0,0,0.25073,8.0,0,0.00875,1
6.039,123078,39949,1957,5,7,5,12,353,0.20565,6.0256,34,0.0786,1
5.296,117,70,7,1,0,0,0,1,0.2906,3.33333,0,0.10256,1
5.131,86,77,3,0,0,0,0,1,0.2907,9.0,0,0.06977,1
5.62,78051,1264,1630,10,8,6,9,385,0.2641,5.00068,50,0.1618,1
5.377,76089,613,1695,1,0,6,8,17,0.2805,6.21881,206,0.19134,1
6.096,1190,86,15,1,0,0,0,0,0.38739,8.23404,11,0.07311,1
4.655,10129,888,80,1,0,0,0,2,0.3413,8.00858,0,0.03544,1
5.974,86594,599,1889,3,7,3,7,357,0.28336,5.60459,54,0.12102,1
5.478,22928,22927,2,1,0,0,0,0,0.26609,12.90625,23,0.0806,1
5.696,24955,144,935,1,3,0,10,20,0.31629,6.08844,32,0.16922,1
5.021,123,70,6,0,0,0,0,1,0.29268,3.75,0,0.08943,1
4.461,1204,108,66,0,0,1,0,0,0.25166,3.24324,0,0.36047,1
5.045,21583,338,646,1,6,25,3,29,0.23732,6.12604,67,0.27665,1
5.799,103892,599,2206,4,7,5,9,407,0.29685,5.93806,91,0.12342,1
4.702,2885,261,103,0,0,0,2,0,0.25823,5.69388,4,0.28631,1
5.194,1476,108,19,0,0,0,0,0,0.50949,2.18103,0,0.01355,1
4.218,539,46,26,1,0,2,0,2,0.2115,5.92857,0,0.42486,1
6.034,74711,78,1469,0,0,0,0,0,0.0342,7.46154,0,0.01965,1
5.827,138514,2657,2901,4,8,11,13,12,0.23004,5.61226,275,0.101,1
5.444,373127,373126,2,2,0,0,0,0,0.0427,9.96,0,2e-05,1
6.079,68300,65037,201,1,0,2,0,0,0.04225,6.14286,1,0.00782,1
5.32,38849,559,1013,0,0,0,0,0,0.18111,0.0,0,0.10265,1
4.985,4121,91,143,0,0,0,0,6,0.14754,7.30769,8,0.24873,1
5.73,105847,105604,10,1,0,1,0,0,0.00546,0.0,0,0.00027,1
5.904,111839,7566,2030,4,4,5,5,533,0.2949,5.91744,132,0.09597,1
5.25,6472,100,264,0,0,0,0,21,0.2928,5.47134,3,0.14122,1
5.328,359,353,2,0,0,0,0,6,0.3454,6.83333,0,0.04735,1
5.348,30371,634,988,1,7,2,5,16,0.27013,6.13347,75,0.16404,1
5.365,1028,348,46,1,0,0,0,2,0.26265,5.0,0,0.14591,1
5.017,13275,101,409,1,1,0,0,17,0.19284,7.20958,6,0.2461,1
5.382,85932,177,2554,8,3,6,12,16,0.26257,4.25115,36,0.20281,1
4.891,38280,487,935,0,4,0,3,8,0.2297,6.21712,45,0.28412,1
4.615,64,54,3,0,0,0,0,0,0.3125,0.0,0,0.0625,1
5.388,87016,3174,2481,2,7,4,6,166,0.15712,6.08983,39,0.26392,1
5.839,80992,5859,1627,6,7,10,10,229,0.25123,6.02524,30,0.12709,1
5.183,79,78,2,1,0,1,0,0,0.26582,0.0,0,0.03797,1
5.795,261187,261180,3,1,0,1,0,0,0.00859,0.0,0,1e-05,1
3.517,195,59,5,0,0,0,0,0,0.89744,2.0,0,0.02051,1
5.69,150551,3604,2887,3,15,13,12,16,0.26674,5.76835,380,0.11376,1
4.934,107177,1002,2019,9,9,2,8,294,0.2795,5.26866,53,0.27657,1
5.556,74498,482,2136,2,8,4,10,30,0.29097,6.20679,76,0.14625,1
5.099,341,303,4,0,0,0,0,4,0.35777,6.25,0,0.05865,1
5.125,115,81,4,1,0,0,0,1,0.37391,5.0,0,0.06957,1
5.507,66108,785,1523,6,7,2,8,321,0.26693,4.91222,48,0.18247,1
5.437,5733,2305,92,0,0,0,1,4,0.21019,6.18182,6,0.15699,1
5.042,199,123,5,2,0,0,0,1,0.31156,3.27273,0,0.1005,1
4.537,473,54,26,0,0,0,0,0,0.20296,6.63636,0,0.27484,1
5.146,303,39,20,1,0,0,0,1,0.34983,4.11765,0,0.09901,1
5.278,221,53,8,0,0,0,0,2,0.29412,4.6,0,0.13575,1
4.699,5069,458,157,0,0,0,0,3,0.14973,5.92045,2,0.31486,1
5.23,1466,125,18,0,0,0,0,0,0.50819,2.2735,0,0.01296,1
4.458,33081,459,1078,0,0,2,4,8,0.17578,7.60388,120,0.38759,1
5.621,162802,3543,3158,4,36,9,14,32,0.26836,5.71893,378,0.11906,1
5.529,160964,1570,3112,5,39,11,14,24,0.26222,5.75618,377,0.15337,1
5.653,2046,114,71,0,1,0,4,9,0.26491,5.47059,0,0.10899,1
4.496,67,31,4,1,0,0,0,1,0.34328,6.0,0,0.23881,1
5.537,226465,2240,6241,6,47,27,50,578,0.23196,6.28883,197,0.16899,1
5.245,3785,118,125,1,0,0,0,0,0.19974,4.5375,0,0.18653,1
5.234,1449,122,17,0,0,0,0,0,0.40304,2.86822,2,0.01242,1
4.608,32507,458,1141,0,0,0,2,45,0.1731,6.36538,42,0.33233,1
5.059,1258,86,50,0,0,0,0,9,0.2504,4.25,0,0.23847,1
6.015,60244,60018,12,1,0,0,0,0,0.03197,4.6,0,0.00058,1
5.178,1479,99,20,0,0,0,0,0,0.40906,2.69403,2,0.0142,1
5.674,587321,91,7255,1,0,0,0,0,9e-05,9.0,0,0.01239,1
3.517,195,195,1,0,0,0,0,0,0.89744,2.0,0,0.02051,1
5.385,82,28,7,0,0,0,0,1,0.56098,3.75,0,0.12195,1
5.116,1479,99,20,0,0,0,0,1,0.40906,2.81343,0,0.0142,1
4.44,110,57,4,0,0,0,0,1,0.57273,5.33333,0,0.06364,1
5.91,25858,251,327,0,0,0,0,6,0.18625,5.12903,0,0.02347,1
4.495,567,97,14,0,0,0,0,0,0.61023,5.84,0,0.02293,1
4.48,549,65,18,0,0,0,0,1,0.65938,2.33333,0,0.04007,1
5.268,5164,143,180,1,1,0,0,17,0.24729,7.71765,3,0.21514,1
5.03,80,50,4,0,0,0,0,2,0.325,5.5,0,0.075,1
5.023,138,85,7,0,0,0,0,1,0.36232,5.33333,0,0.05072,1
5.019,156,23,12,2,0,0,0,1,0.28205,5.875,0,0.08974,1
4.835,48779,1190,1216,2,10,1,11,266,0.23381,5.57846,4,0.29232,1
6.038,14427,84,195,1,0,2,0,0,0.03313,5.0,0,0.01365,1
3.434,246,117,6,0,0,0,0,0,0.87398,2.0,0,0.03659,1
5.009,62,20,6,1,0,0,0,1,0.37097,4.33333,0,0.09677,1
6.102,1923,84,24,0,0,0,0,0,0.39678,7.90541,21,0.06708,1
6.062,24931,24489,18,1,0,0,0,0,0.04308,0.0,0,0.00842,1
5.434,8541,150,319,0,0,0,3,40,0.30277,5.15084,0,0.11041,1
4.842,85,19,8,0,0,0,0,1,0.37647,3.28571,0,0.14118,1
4.483,142,41,14,2,0,0,0,0,0.49296,3.25,0,0.09155,1
4.318,107,54,5,0,0,0,0,1,0.58879,4.0,0,0.07477,1
5.22,307,94,8,0,0,0,1,4,0.44625,2.95652,0,0.15309,1
5.202,1449,130,17,0,0,0,0,0,0.50932,2.10435,0,0.01242,1
5.332,1302,111,17,0,0,0,0,0,0.44854,2.5969,1,0.01382,1
5.833,79445,5859,1612,4,7,10,10,196,0.2486,5.96813,25,0.12669,1
5.959,30960,16491,100,0,6,2,2,17,0.03362,6.19,1,0.02603,1
5.978,1180,91,14,0,0,0,0,0,0.38644,7.88571,10,0.11441,1
5.79,33638,1047,1034,0,7,1,7,40,0.26307,5.77459,36,0.09688,1
4.614,53,52,2,0,0,0,0,1,0.33962,7.0,0,0.09434,1
4.941,15245,145,455,0,5,0,1,22,0.24126,5.7449,45,0.30725,1
4.884,160,125,4,0,0,0,1,0,0.20625,0.0,0,0.03125,1
5.992,136834,39949,2489,6,9,3,21,317,0.2053,5.98401,55,0.09783,1
5.215,97,49,6,0,1,0,0,2,0.3299,8.0,0,0.1134,1
5.648,5733,2305,92,0,0,0,1,4,0.2217,6.18182,6,0.09001,1
4.903,99,36,5,0,0,1,0,2,0.35354,4.5,0,0.12121,1
5.583,546200,11589,8341,4,61,12,19,105,0.10934,5.7706,396,0.053,1
5.935,40978,14043,772,2,8,4,8,80,0.15894,5.90147,21,0.08043,1
4.158,125,44,7,0,0,0,0,0,0.896,2.0,0,0.056,1
4.659,1955,119,79,0,0,0,0,7,0.26138,4.31481,0,0.3555,1
4.89,141,54,7,0,0,0,0,1,0.52482,4.77778,0,0.12057,1
5.648,272,106,15,1,0,0,0,4,0.31618,6.0,0,0.08456,1
4.718,12363,11354,36,0,0,0,0,2,0.32905,6.20113,0,0.05347,1
5.609,119367,117602,33,0,0,2,0,1,0.00209,10.0,8,0.00542,1
6.026,74548,50,1465,1,0,2,0,0,0.03312,8.33333,0,0.01964,1
4.416,262,37,14,1,0,1,0,1,0.22901,4.33333,0,0.34351,1
4.911,12972,138,644,0,7,0,0,13,0.26218,6.24528,5,0.28592,1
6.047,31772,641,268,2,0,3,0,0,0.0384,9.0,0,0.00941,1
5.345,1292,117,16,0,0,0,0,0,0.44659,2.6063,1,0.01316,1
5.3,2732,347,94,0,9,0,0,15,0.20608,6.08929,4,0.18119,1
5.372,13640,228,368,0,2,0,8,3,0.30242,6.9894,31,0.14677,1
5.429,340,122,8,0,0,0,0,4,0.22353,6.0,0,0.03235,1
5.763,99408,636,2126,5,7,8,10,477,0.26459,5.62581,93,0.1373,1
5.999,251850,251571,14,1,0,4,0,0,0.03707,9.33333,0,0.00013,1
4.467,94,23,6,0,0,0,0,0,0.24468,7.0,0,0.26596,1
5.354,33796,180,1166,0,1,0,0,0,0.25237,7.22263,60,0.1457,1
5.724,95101,3144,1670,1,10,0,22,306,0.29573,5.30988,75,0.05695,1
5.617,77394,1172,1628,10,8,6,9,395,0.26613,4.97536,49,0.16341,1
5.18,1446,135,16,0,0,0,0,0,0.50553,2.34906,0,0.01176,1
5.356,43533,570,1455,1,11,0,8,65,0.26192,6.00993,47,0.22293,1
5.57,398597,398409,10,0,0,0,0,0,0.00016,4.75,0,3e-05,1
6.055,325339,114707,1501,48,5,8,2,666,0.36052,2.75341,16,0.04172,1
4.079,56,56,1,0,0,0,0,1,0.60714,3.33333,0,0.08929,1
5.319,1285,123,16,0,0,0,0,0,0.44903,2.59524,0,0.01323,1
4.716,88,88,1,1,0,0,0,0,0.38636,5.0,0,0.01136,1
4.294,33,32,2,1,0,0,0,1,0.33333,6.0,0,0.06061,1
5.378,4086,806,99,1,0,0,0,26,0.26211,7.06452,4,0.19873,1
4.844,43252,43252,1,6,0,15,1,39,0.36539,8.90877,80,0.00113,1
5.319,1305,102,18,0,0,0,0,1,0.45287,2.52308,1,0.01456,1
6.024,252175,251951,11,1,0,0,0,0,0.03984,5.05882,15,0.00101,1
5.771,101330,5857,2273,8,8,12,11,156,0.23496,6.19239,115,0.12744,1
6.035,1394,87,17,0,0,0,0,0,0.41607,7.36585,4,0.09541,1
5.991,42795,14043,773,2,8,4,8,80,0.16462,5.90147,21,0.07709,1
5.696,4387,4380,3,1,0,0,0,0,0.03807,7.0,0,0.00068,1
5.243,1456,123,17,0,0,0,0,0,0.4011,2.42056,0,0.01236,1
6.164,1497,84,19,0,0,0,0,0,0.39345,7.06452,11,0.06413,1
4.508,7011,506,81,0,0,0,2,20,0.1907,16.20339,84,0.07973,1
5.319,1305,102,18,0,0,0,0,1,0.45287,2.52308,1,0.01456,1
4.569,1405,74,56,0,4,0,0,2,0.19786,6.23529,0,0.36655,1
5.197,1446,143,16,0,0,0,0,1,0.39903,2.76,0,0.01176,1
5.596,5308,2305,91,0,0,0,1,4,0.22532,6.18182,6,0.09683,1
5.104,88431,1243,1625,10,8,6,9,393,0.2333,5.00476,50,0.26566,1
5.44,214,87,6,0,0,2,0,0,0.35047,4.33333,0,0.11682,1
4.958,98,46,3,0,0,0,0,2,0.2551,5.0,0,0.14286,1
5.083,92,48,6,1,0,0,0,2,0.41304,6.0,0,0.06522,1
4.608,32507,458,1141,0,0,0,2,45,0.1731,6.36538,42,0.33233,1
6.042,1522,1511,2,1,0,3,0,0,0.04074,0.0,0,0.00197,1
5.505,16317,1200,283,1,6,0,2,37,0.29074,5.43767,4,0.08592,1
5.332,1305,99,18,0,0,0,0,1,0.57088,2.22034,0,0.01456,1
6.033,63408,62549,32,1,0,0,0,4,0.04162,7.6,2,0.00211,1
5.287,2342,2342,1,0,7,0,0,13,0.27412,7.44681,11,0.08881,1
5.327,1325,86,20,0,0,0,0,0,0.4566,2.46667,0,0.01585,1
5.016,763,78,30,0,0,0,0,9,0.30931,6.91667,0,0.16645,1
5.402,131446,1458,2906,3,43,10,13,84,0.28867,5.71393,357,0.14111,1
4.995,37684,485,951,0,4,0,3,8,0.23418,6.24402,45,0.26507,1
5.699,191866,578,7759,5,14,12,12,714,0.29989,6.01001,208,0.12632,1
5.513,66091,785,1531,6,7,2,8,321,0.2681,4.90849,48,0.18217,1
5.153,244,77,10,1,0,1,2,0,0.32377,2.0,0,0.08197,1
5.824,174864,7477,2151,11,49,15,35,678,0.23563,5.54268,96,0.12974,1
5.699,82890,8885,4266,4,19,7,27,260,0.2519,5.57465,109,0.13857,1
5.84,112509,2793,2302,4,7,6,9,463,0.2881,5.81597,84,0.12451,1
5.662,189,188,2,1,0,1,0,0,0.05291,0.0,0,0.01058,1
5.503,2044,136,78,0,0,0,0,12,0.26859,10.24324,12,0.09687,1
4.051,31,31,1,0,0,0,0,2,0.6129,6.0,0,0.0,1
6.009,110080,109903,11,0,0,0,0,0,0.03384,4.85714,0,0.00019,1
5.214,1449,121,17,0,0,0,0,1,0.40304,2.83721,1,0.01242,1
5.18,1486,102,20,1,0,0,0,0,0.40713,2.77612,1,0.01413,1
6.14,344130,64246,4709,6,29,30,36,327,0.13835,5.95574,126,0.05921,1
4.683,565,204,9,2,0,0,0,1,0.40177,6.175,5,0.07788,1
5.027,1456,123,17,0,0,0,0,0,0.50687,2.26357,0,0.01236,1
5.414,18949,393,640,1,1,0,6,53,0.28534,5.37783,0,0.14455,1
5.638,12816,560,372,1,8,0,1,36,0.29877,5.6236,6,0.109,1
6.002,65652,65616,3,1,0,2,0,0,0.0313,0.0,0,6e-05,1
5.648,621,98,10,0,0,0,0,0,0.16586,5.0,0,0.03704,1
5.648,22693,594,748,13,0,0,1,202,0.33632,5.4875,3,0.06584,1
6.126,5018,3090,67,0,0,1,2,4,0.13432,4.06731,0,0.06457,1
4.739,97,63,3,0,0,0,0,1,0.40206,6.0,0,0.03093,1
5.774,91258,90098,32,0,0,2,0,0,0.10841,11.05263,7,0.00137,1
5.272,134,73,4,1,0,1,0,4,0.38806,5.33333,0,0.05224,1
5.563,15427,309,501,2,0,0,4,46,0.3173,6.22581,39,0.07915,1
4.607,60,30,2,0,0,0,0,2,0.46667,6.0,0,0.03333,1
6.01,44342,44223,7,1,0,2,0,0,0.03196,6.66667,0,0.00074,1
5.831,13853,12688,3,1,0,0,0,0,0.0309,10.0,0,0.00051,1
6.131,168152,61286,1595,9,10,9,9,118,0.08724,5.95063,39,0.0493,1
5.87,147012,146937,6,1,0,2,0,0,0.08244,5.0,0,3e-05,1
4.986,144,58,8,1,0,0,0,1,0.29167,5.875,0,0.11111,1
5.728,108637,18177,278,4,24,8,23,258,0.28145,5.63397,54,0.06008,1
4.533,27,27,1,1,0,0,0,1,0.51852,6.0,0,0.03704,1
4.279,1080,120,16,0,0,0,0,1,0.47778,5.36364,0,0.22315,1
6.008,63840,63592,19,1,0,2,0,0,0.03501,6.0,0,0.00089,1
5.503,8826,231,250,0,0,0,0,32,0.29311,5.3741,0,0.10707,1
5.96,1330,89,16,0,0,0,0,0,0.39398,6.91489,14,0.11429,1
6.039,2977,1164,35,2,0,10,0,0,0.15385,7.07143,19,0.07356,1
5.13,5104,459,141,0,1,0,0,2,0.25686,8.18519,3,0.15889,1
5.765,298742,298707,4,1,0,1,0,0,0.00228,5.0,0,2e-05,1
5.831,13853,12688,3,1,0,0,0,0,0.0309,10.0,0,0.00051,1
4.858,993,122,29,1,0,0,0,0,0.29507,3.80556,0,0.29204,1
6.012,38266,38178,6,1,0,2,0,0,0.03222,6.66667,0,0.00047,1
4.97,91,91,1,1,0,0,0,1,0.43956,6.0,0,0.04396,1
6.008,62771,62567,7,1,0,0,0,0,0.03188,3.66667,0,0.0001,1
4.597,33,32,2,1,0,0,0,1,0.51515,6.0,0,0.06061,1
5.186,1439,137,16,0,0,0,0,1,0.50799,2.12963,0,0.01181,1
4.76,67,58,3,0,0,0,0,1,0.31343,9.0,0,0.0597,1
4.502,60,25,4,0,0,0,0,1,0.3,7.0,0,0.2,1
5.626,99242,2990,1583,1,9,0,23,368,0.29262,4.97221,49,0.05281,1
5.333,9757,204,246,0,1,0,0,3,0.33268,8.5,6,0.20447,1
5.653,2046,114,71,0,1,0,4,9,0.26491,5.47059,0,0.10899,1
5.693,358757,358757,1,2,0,0,0,0,0.03195,9.96,0,2e-05,1
5.585,1637,353,10,0,0,0,0,0,0.06231,3.44444,0,0.01466,1
4.172,3879,3585,9,1,1,1,0,2,0.26527,7.0,0,0.03583,1
3.41,29631,29338,8,0,0,0,0,0,0.26398,0.0,0,0.0027,1
5.193,1486,96,20,1,0,0,0,0,0.51077,2.31092,0,0.01413,1
4.172,71,39,5,0,0,0,0,1,0.57746,3.33333,0,0.21127,1
6.131,168152,61286,1595,9,10,9,9,118,0.08724,5.95063,39,0.0493,1
5.122,482,232,10,0,0,0,0,2,0.28008,7.44444,0,0.11826,1
5.672,204549,4755,1434,46,5,8,2,646,0.35206,2.75399,16,0.02894,1
4.634,93,28,9,0,0,0,0,0,0.39785,2.0,0,0.12903,1
4.835,48779,1190,1216,2,10,1,11,266,0.23381,5.57846,4,0.29232,1
4.802,33,32,2,1,0,0,0,1,0.42424,9.0,0,0.06061,1
5.615,161909,2289,3149,4,36,9,14,24,0.26855,5.7213,378,0.11936,1
5.668,92156,89944,36,1,0,1,0,0,0.00574,3.0,0,0.00087,1
4.554,115,43,8,1,0,0,0,1,0.1913,6.0,0,0.28696,1
4.313,58,26,5,0,0,0,0,1,0.36207,3.33333,0,0.2931,1
5.221,183,42,8,0,0,0,0,1,0.36612,4.16667,0,0.08197,1
5.507,66109,785,1522,6,7,2,8,321,0.26695,4.91222,48,0.18246,1
6.009,25160,25130,2,1,0,2,0,0,0.03541,0.0,0,0.00032,1
4.84,68,23,5,0,0,0,0,1,0.32353,9.0,0,0.07353,1
5.174,1476,107,19,0,0,0,0,0,0.40515,2.82443,1,0.01355,1
5.289,216,53,7,0,0,0,0,2,0.30093,4.33333,0,0.12963,1
5.442,1494,1493,2,3,1,4,0,23,0.33333,5.5,8,0.00402,1
6.056,57396,55438,42,1,0,3,0,0,0.04208,8.4,3,0.00118,1
5.796,9622,1315,180,1,3,1,0,12,0.19435,5.90909,4,0.08314,1
5.624,68535,1603,1963,4,8,5,10,25,0.28097,6.43978,70,0.14267,1
5.169,1456,127,17,1,0,0,0,0,0.50687,2.18584,0,0.01236,1
6.14,343734,64246,4501,5,29,29,36,327,0.13839,5.95571,126,0.05867,1
6.039,24597,24590,2,0,0,0,0,0,0.03964,6.85185,0,8e-05,1
5.183,34654,2533,1033,1,0,0,4,57,0.23991,6.03738,20,0.24996,1
6.017,53491,8192,30,1,0,2,0,0,0.03601,6.0,0,0.00058,1
5.702,69486,91,873,1,0,0,0,0,0.00079,9.0,0,0.01291,1
6.039,110266,107909,108,1,0,2,0,0,0.03595,9.0,0,0.00285,1
5.732,99516,1313,2130,5,7,5,9,405,0.2682,5.8901,89,0.13536,1
5.057,90,44,5,0,0,0,0,2,0.31111,5.5,0,0.08889,1
6.026,8972,8971,2,1,0,0,0,0,0.03411,12.0,1,0.00045,1
5.82,86598,131,1192,0,0,0,0,2,0.04651,7.69231,0,0.04153,1
6.006,12040,12013,4,1,0,3,0,0,0.03389,0.0,0,0.00033,1
4.055,12151,114,326,0,3,0,0,7,0.14024,5.65116,0,0.46893,1
6.027,74549,50,1465,1,0,2,0,0,0.03315,8.33333,0,0.01964,1
5.853,3194,228,73,0,0,3,1,4,0.34126,5.03306,3,0.07483,1
4.891,107,41,5,0,0,0,0,2,0.41121,4.5,0,0.11215,1
4.948,114,24,8,1,0,0,0,1,0.45614,2.63636,0,0.0614,1
6.14,344130,64246,4709,6,29,30,36,327,0.13835,5.95574,126,0.05921,1
5.202,780,312,18,0,1,0,0,4,0.16667,6.0,0,0.13718,1
5.329,358,68,15,0,0,1,0,2,0.32961,4.85714,0,0.2067,1
4.441,581,43,24,0,1,0,0,2,0.22031,4.5,0,0.29088,1
5.784,100712,599,2206,4,7,5,9,407,0.27464,5.93639,91,0.12731,1
5.865,1593,93,18,0,0,0,0,0,0.35782,6.77941,11,0.14689,1
5.128,165,58,5,1,0,0,1,0,0.40606,5.0,0,0.06667,1
5.795,8640,82,110,1,0,0,0,0,0.0059,9.0,0,0.01539,1
4.192,11482,11189,8,1,0,1,0,14,0.26424,7.05556,0,0.02561,1
5.755,227911,227904,3,1,0,1,0,0,0.00446,0.0,0,1e-05,1
5.601,511,102,15,2,0,0,0,6,0.31703,5.375,0,0.08415,1
6.144,340270,64246,4556,7,29,31,36,316,0.1372,5.95452,126,0.05563,1
5.713,19790,18293,59,1,0,1,0,0,0.01521,6.72727,0,0.03507,1
5.519,1694,86,60,0,1,0,6,6,0.25325,5.5082,0,0.08973,1
5.431,44446,359,1523,1,11,0,8,68,0.27724,6.0082,47,0.22402,1
5.839,43394,459,1273,1,14,4,5,97,0.20431,5.2739,5,0.12799,1
4.738,160,26,13,1,0,1,0,1,0.225,7.0,0,0.24375,1
5.195,1446,135,16,0,0,0,0,0,0.39903,2.55455,1,0.01176,1
5.992,136806,39949,2488,6,9,3,21,317,0.20533,5.98401,55,0.09784,1
4.399,150336,150042,9,2,6,5,21,58,0.24975,6.08046,0,0.03158,1
4.666,179,74,6,1,1,0,0,0,0.17877,0.0,0,0.13408,1
6.03,36825,36642,8,1,0,2,0,0,0.03362,6.5,0,0.00062,1
5.373,2800,158,72,0,2,0,1,15,0.24679,7.16667,8,0.17929,1
6.027,74550,50,1465,1,0,2,0,0,0.03315,8.33333,0,0.01964,1
6.034,74711,78,1469,0,0,0,0,0,0.0342,7.46154,0,0.01965,1
5.441,16353,310,576,3,9,0,2,50,0.27188,5.85836,20,0.16125,1
5.922,287,168,8,2,0,2,1,2,0.2439,6.66667,0,0.04181,1
5.73,105847,105604,10,1,0,1,0,0,0.00546,0.0,0,0.00027,1
5.354,6729,322,168,1,6,0,1,27,0.28756,5.62893,4,0.09853,1
5.598,56079,540,1616,1,6,1,8,26,0.29719,5.36881,42,0.14387,1
4.729,658,70,22,0,0,0,0,4,0.2462,6.43478,0,0.27204,1
4.68,109,39,6,0,0,1,0,2,0.3211,4.5,0,0.20183,1
5.637,164483,2289,3147,5,36,10,14,24,0.26528,5.72722,378,0.11744,1
5.053,208,52,9,0,0,1,0,1,0.28846,2.5,0,0.06731,1
4.418,1304,74,45,0,4,0,0,2,0.20475,6.23529,0,0.38344,1
5.784,100712,599,2206,4,7,5,9,407,0.27464,5.93639,91,0.12731,1
5.677,264068,89,3305,1,0,0,0,0,0.0002,9.0,0,0.01261,1
5.245,3785,118,125,1,0,0,0,0,0.19974,4.5375,0,0.18653,1
3.308,217559,108907,57,0,4,0,6,2,0.2503,3.82609,0,0.00103,1
6.056,1610,1573,4,1,0,3,0,1,0.04472,5.0,0,0.00497,1
5.673,614693,91,7688,1,0,0,0,0,9e-05,9.0,0,0.01255,1
5.429,340,122,8,0,0,0,0,4,0.22353,6.0,0,0.03235,1
2.464,1008,114,36,0,0,0,0,0,0.96131,3.01765,0,0.03571,1
4.963,101,46,4,0,0,0,0,1,0.24752,5.0,0,0.14851,1
5.738,11069,120,97,1,0,0,0,0,0.00316,9.0,0,0.00876,1
5.82,9705,9704,2,2,0,0,0,0,0.0475,9.96,0,0.00072,1
5.557,1019,114,28,0,0,0,0,6,0.31305,6.65,0,0.09715,1
4.986,116,29,10,0,1,0,0,2,0.37069,6.5,0,0.12069,1
5.657,166863,3543,3157,4,36,9,14,24,0.26373,5.72396,378,0.11613,1
5.998,82439,885,687,1,0,2,0,6,0.01823,12.77778,30,0.00847,1
5.673,49405,49404,2,2,0,0,0,0,0.02807,9.96,0,0.00014,1
4.582,456,49,20,0,0,0,0,0,0.26316,4.71429,0,0.25658,1
5.215,97,49,6,0,1,0,0,2,0.3299,8.0,0,0.1134,1
4.699,5069,458,157,0,0,0,0,3,0.14973,5.92045,2,0.31486,1
5.512,12879,908,755,0,3,0,2,19,0.27487,5.65031,4,0.17859,1
6.017,53490,8192,29,1,0,2,0,0,0.03601,6.0,0,0.00056,1
5.201,5057,341,103,0,1,0,0,3,0.29187,6.94737,1,0.1052,1
5.813,90788,5857,1915,7,8,14,9,160,0.24764,5.93723,61,0.13204,1
6.019,70620,40,1724,1,0,2,0,0,0.03476,0.0,0,0.02443,1
4.911,12972,138,644,0,7,0,0,13,0.26218,6.24528,5,0.28592,1
6.005,210691,210145,17,1,0,4,0,0,0.03756,8.5,0,0.00078,1
6.025,24753,24589,8,1,0,0,0,0,0.03555,12.8,3,0.00069,1
6.018,57537,57312,10,0,0,0,0,0,0.0349,5.0,0,0.00059,1
4.455,34,34,1,0,0,0,0,1,0.52941,3.33333,0,0.08824,1
4.923,107566,1394,2017,9,9,2,8,294,0.27877,5.26574,53,0.27665,1
5.37,11552,200,486,1,0,15,1,3,0.221,6.46552,16,0.19823,1
5.407,13039,205,350,0,1,0,1,10,0.30493,8.53947,15,0.2004,1
3.876,41,40,2,0,0,0,0,0,0.97561,2.0,0,0.02439,1
4.683,565,204,9,2,0,0,0,1,0.40177,6.175,5,0.07788,1
2.869,1106,119,36,0,0,0,0,1,0.91772,3.01724,0,0.05606,1
4.737,78,53,4,2,0,0,0,1,0.32051,6.0,0,0.19231,1
5.796,50263,703,995,17,2,8,13,158,0.32141,5.55368,2,0.11026,1
5.436,8510,150,318,0,0,0,3,40,0.30306,5.15084,0,0.10975,1
5.134,54,53,2,0,0,1,0,1,0.40741,3.33333,0,0.03704,1
6.066,135600,39947,2209,6,9,9,14,408,0.21545,6.21386,46,0.06854,1
4.207,284,40,15,2,0,0,0,2,0.23239,6.66667,0,0.41197,1
5.697,67176,2932,1337,1,10,6,19,268,0.26699,6.06111,85,0.08865,1
5.585,164313,3117,3300,4,39,10,14,38,0.26053,5.74599,373,0.13691,1
5.978,1180,91,14,0,0,0,0,0,0.38644,7.88571,10,0.11441,1
5.386,240,137,4,0,0,0,0,3,0.27083,9.0,0,0.025,1
6.007,23749,23715,7,1,0,2,0,0,0.0331,5.0,0,0.00034,1
5.292,65648,1403,1783,3,11,15,13,194,0.24395,6.32987,53,0.2197,1
5.796,50263,703,995,17,2,8,13,158,0.32141,5.55368,2,0.11026,1
5.769,150,102,6,1,0,1,0,1,0.33333,3.33333,0,0.07333,1
6.031,31218,114,275,2,0,0,0,0,0.03469,3.66667,0,0.00923,1
6.136,1529,85,19,0,0,0,0,0,0.414,6.8,4,0.0739,1
4.712,67,31,4,2,0,0,0,1,0.49254,6.0,0,0.16418,1
6.018,57537,57312,10,0,0,0,0,0,0.0349,5.0,0,0.00059,1
5.62,162335,2289,3155,4,36,10,14,24,0.26799,5.72291,378,0.11884,1
5.205,1466,111,62,0,3,0,1,3,0.24011,7.37037,0,0.13984,1
5.027,106,97,3,1,0,1,0,1,0.41509,6.66667,0,0.07547,1
5.422,2221,115,68,0,3,0,0,14,0.28321,8.63158,5,0.11481,1
5.11,72716,189,2492,0,1,6,4,81,0.25173,6.1135,50,0.22221,1
6.039,2977,1164,35,2,0,10,0,0,0.15385,7.07143,19,0.07356,1
5.501,50779,1243,1239,7,8,0,6,184,0.28079,4.77915,40,0.14504,1
5.21,1469,104,19,0,0,0,0,0,0.51191,2.17797,0,0.01361,1
5.605,370648,365208,46,1,0,1,0,0,0.00473,7.0,0,0.00468,1
5.315,4469,187,119,1,1,1,1,5,0.23495,4.73529,0,0.1987,1
4.016,27834,27540,9,1,3,3,0,0,0.26051,6.0,0,0.01965,1
5.246,1466,118,18,0,0,0,0,0,0.50819,2.17094,0,0.01296,1
5.494,164,153,5,0,0,0,1,4,0.35366,8.0,0,0.03049,1
5.424,11667,172,440,0,1,1,0,22,0.21522,5.69388,10,0.17845,1
4.683,39,29,4,1,0,0,0,1,0.35897,8.0,0,0.07692,1
5.437,13776,424,289,1,0,1,0,55,0.22851,6.92157,9,0.143,1
5.023,122,70,5,0,0,0,0,1,0.29508,3.75,0,0.08197,1
4.934,107177,1002,2019,9,9,2,8,294,0.2795,5.26866,53,0.27657,1
5.613,8996,1000,181,0,1,0,2,21,0.29424,5.3547,0,0.09782,1
5.045,40437,40144,8,2,8,1,1,36,0.24243,6.11453,0,0.06598,1
5.642,74987,436,2165,3,39,4,10,33,0.2852,6.49068,88,0.14885,1
0.859,1883,1879,3,0,0,0,0,0,0.03877,4.69231,0,0.9145,1
5.289,216,53,7,0,0,0,0,2,0.30093,4.33333,0,0.12963,1
4.198,575,575,1,1,0,1,0,0,0.05913,2.0,0,0.44174,1
5.678,299793,91,3752,1,0,0,0,0,0.00018,9.0,0,0.0126,1
5.076,95,47,5,0,0,0,0,2,0.31579,5.5,0,0.08421,1
5.934,31636,3925,880,0,4,11,6,119,0.24105,4.97417,7,0.09793,1
5.122,92,39,4,0,0,0,0,1,0.3913,7.66667,0,0.03261,1
5.359,435,94,18,0,0,0,1,4,0.30805,5.0,0,0.08966,1
5.532,74225,482,2141,2,8,4,10,30,0.28498,6.20427,76,0.14713,1
4.614,72,32,4,0,0,0,0,1,0.27778,9.0,2,0.18056,1
5.819,4119,4119,1,2,0,0,0,0,0.08546,9.96,0,0.00146,1
5.018,232,69,15,0,0,1,0,3,0.33621,3.76923,0,0.15948,1
2.644,653,123,24,0,0,0,0,0,0.90812,6.88889,0,0.03982,1
5.39,1311,1299,4,1,0,1,0,0,0.00839,0.0,0,0.00381,1
5.216,869,72,36,0,2,0,0,5,0.28193,6.05882,0,0.13003,1
4.461,1204,108,66,0,0,1,0,0,0.25166,3.24324,0,0.36047,1
5.205,1439,133,16,0,0,0,0,0,0.50799,2.25197,0,0.01181,1
4.692,344,45,17,2,0,0,0,1,0.25,5.46154,0,0.27326,1
5.272,134,73,4,1,0,1,0,4,0.38806,5.33333,0,0.05224,1
5.369,206,51,7,0,0,0,0,2,0.31553,4.33333,0,0.08738,1
4.395,60,30,4,1,1,0,0,0,0.28333,7.0,0,0.21667,1
5.446,118275,637,1488,1,0,1,0,0,0.0448,6.28571,0,0.01327,1
6.055,325339,114707,1501,48,5,8,2,666,0.36052,2.75341,16,0.04172,1
5.872,2498,2255,3,1,0,1,0,0,0.19376,5.37975,8,0.01121,1
5.631,415,60,13,6,0,0,0,12,0.46747,6.35714,0,0.08193,1
4.941,3748,91,130,0,0,0,0,3,0.14248,6.9,4,0.24787,1
5.506,65989,785,1519,6,7,2,8,320,0.26701,4.92015,49,0.18244,1
5.388,267,55,12,1,0,0,0,1,0.25843,6.0,0,0.13109,1
4.863,13485,447,430,0,3,1,3,53,0.20897,6.8513,12,0.29262,1
4.835,385,57,14,1,0,0,1,2,0.2,8.33333,2,0.3013,1
5.259,490,126,10,0,0,0,0,3,0.32245,6.66667,0,0.10204,1
5.04,1486,97,20,0,0,0,0,0,0.51077,2.90189,3,0.01413,1
5.183,1446,137,16,0,0,0,0,1,0.39903,2.84921,1,0.01176,1
4.636,27637,198,746,0,0,1,4,57,0.22159,6.04635,22,0.3373,1
5.248,874,59,36,1,0,1,5,4,0.32151,3.82353,0,0.23684,1
4.796,56,25,4,0,0,0,0,1,0.30357,7.66667,0,0.10714,1
5.472,876,854,3,0,0,0,0,8,0.33447,8.34375,2,0.02854,1
5.433,8125,150,293,0,0,0,2,39,0.30634,5.12281,0,0.10634,1
4.278,72,25,6,1,0,0,0,0,0.51389,2.0,0,0.29167,1
5.969,882,90,11,1,0,0,0,0,0.36281,6.56,4,0.12132,1
5.141,663,122,16,1,0,0,0,0,0.20814,12.38095,10,0.09955,1
5.609,264436,2922,7923,5,46,11,27,265,0.2664,5.70738,460,0.14067,1
3.756,41,40,2,0,0,0,0,0,0.87805,2.0,0,0.04878,1
5.027,106,97,3,1,0,1,0,1,0.41509,6.66667,0,0.07547,1
4.399,38,37,2,0,0,0,0,1,0.47368,3.33333,0,0.18421,1
5.654,166084,2793,3155,4,36,9,14,24,0.26407,5.7213,378,0.11639,1
5.621,78059,1240,1629,10,8,6,9,389,0.26554,5.00477,50,0.16192,1
5.19,1476,104,19,0,0,0,0,0,0.40515,2.90076,1,0.01355,1
5.441,143062,2290,2832,3,44,10,13,81,0.28327,5.72147,358,0.13148,1
5.322,3958,737,98,0,0,0,0,9,0.19303,8.46875,8,0.14351,1
5.489,13041,9392,111,0,0,1,4,3,0.04225,6.46479,9,0.11088,1
5.77,618475,618474,2,1,0,1,0,0,0.00386,0.0,0,0.0,1
5.723,80672,8886,2138,4,19,7,27,260,0.25823,5.57542,109,0.11622,1
5.952,156553,39948,2831,7,9,6,14,511,0.21526,6.25477,107,0.08301,1
4.934,87,55,4,0,0,0,0,2,0.41379,5.5,0,0.05747,1
2.423,626,120,24,0,0,0,0,0,0.91853,6.88889,0,0.04153,1
5.184,1449,139,17,0,0,0,0,0,0.40304,2.85156,1,0.01242,1
5.177,1466,119,18,0,0,0,0,0,0.40314,2.80769,1,0.01296,1
5.451,40101,548,929,1,12,0,5,47,0.2693,6.16667,36,0.11668,1
5.958,133535,39947,2211,6,9,9,14,406,0.20536,6.1853,44,0.06968,1
6.126,5018,3090,67,0,0,1,2,4,0.13432,4.06731,0,0.06457,1
5.481,36360,180,1118,0,0,0,0,0,0.24494,7.35698,80,0.15228,1
5.73,81096,8886,2138,4,19,7,27,260,0.25781,5.57542,109,0.11563,1
5.375,280,72,10,0,0,0,0,0,0.21786,9.0,0,0.08571,1
5.304,222,75,7,1,0,1,0,1,0.31532,3.2,0,0.09459,1
5.091,249,249,1,0,0,0,0,2,0.33735,7.0,0,0.04016,1
5.778,105416,599,2287,4,7,6,9,463,0.27755,5.81892,84,0.13267,1
5.112,1459,114,18,0,0,0,0,0,0.51062,2.30469,0,0.01302,1
5.183,9405,233,341,1,0,0,1,28,0.25657,7.09818,16,0.22031,1
4.608,11042,927,79,1,0,0,0,2,0.34278,8.05325,0,0.03242,1
5.96,134430,39947,2234,6,9,9,14,407,0.20553,6.18643,44,0.06984,1
5.089,1456,125,17,0,0,0,0,0,0.50687,2.33333,0,0.01236,1
5.135,1486,103,20,1,0,0,0,0,0.40713,2.7594,1,0.01413,1
5.745,153,102,7,1,0,1,0,1,0.3268,3.33333,0,0.0915,1
4.646,37882,10585,800,0,2,0,4,23,0.20495,6.99804,41,0.36598,1
6.18,2556,255,16,1,0,0,0,0,0.12207,3.07895,0,0.00822,1
4.59,226,99,6,1,0,0,0,1,0.60619,3.42857,0,0.02655,1
6.166,1500,84,20,0,0,0,0,0,0.394,7.06452,11,0.06467,1
5.183,34655,2533,1034,1,0,0,4,57,0.23991,6.03738,20,0.24998,1
4.931,81,28,7,1,0,1,0,1,0.33333,3.0,0,0.17284,1
4.585,77632,1461,1186,0,0,0,0,1,0.32309,4.80555,0,0.20322,1
5.755,227911,227904,3,1,0,1,0,0,0.00446,0.0,0,1e-05,1
5.529,379,111,11,0,0,0,1,2,0.30871,2.625,0,0.04222,1
6.009,115932,143,1607,1,0,1,0,2,0.05142,5.75,0,0.01499,1
5.05,180,44,13,1,0,0,0,1,0.29444,4.25,0,0.18333,1
5.122,1439,134,16,0,0,0,0,0,0.40097,2.95238,0,0.01181,1
5.325,292,66,17,2,0,0,0,1,0.22945,4.8,0,0.17123,1
5.541,227684,1531,4256,3,34,18,35,209,0.25978,5.7763,151,0.11354,1
6.076,90873,88066,104,1,0,1,0,0,0.03871,2.55,2,0.0111,1
5.083,92,48,6,1,0,0,0,2,0.41304,6.0,0,0.06522,1
5.351,17537,359,647,0,6,0,2,13,0.20442,6.27333,4,0.18264,1
4.884,92,41,4,1,0,0,0,0,0.3587,0.0,0,0.09783,1
5.159,1486,97,20,0,0,0,0,0,0.51077,2.17797,0,0.01413,1
6.071,23982,23037,26,0,0,0,0,0,0.08669,8.66667,3,0.00467,1
5.423,8217,122,303,0,0,0,2,39,0.30741,5.12281,0,0.10515,1
5.019,9666,159,294,0,0,1,2,40,0.25885,5.09195,0,0.24498,1
4.823,243,232,4,1,0,0,0,0,0.45679,3.20833,0,0.01646,1
5.042,327,68,11,0,0,0,0,0,0.31193,3.77778,0,0.10092,1
4.459,27,26,2,0,1,0,0,1,0.40741,5.0,0,0.11111,1
6.017,89670,89154,23,1,0,2,0,0,0.03878,4.42857,0,0.0005,1
4.665,51,35,2,1,0,0,0,1,0.29412,6.0,0,0.09804,1
5.678,299793,91,3752,1,0,0,0,0,0.00018,9.0,0,0.0126,1
5.303,1292,118,16,0,0,0,0,0,0.56579,2.15888,0,0.01316,1
5.717,61080,416,1772,1,38,5,19,220,0.29452,5.65157,137,0.11657,1
4.662,1554,73,70,0,0,0,0,1,0.23488,4.63014,3,0.3668,1
4.692,344,45,17,2,0,0,0,1,0.25,5.46154,0,0.27326,1
5.564,121099,2502,2616,2,11,0,25,450,0.29342,5.25496,77,0.06084,1
4.902,114,45,7,1,0,0,0,2,0.34211,5.5,0,0.10526,1
5.641,159161,3543,3076,4,36,9,13,21,0.27628,5.72913,379,0.11679,1
6.009,24899,24874,2,1,0,2,0,0,0.03434,0.0,0,0.00028,1
6.025,24756,79,322,1,0,2,0,0,0.03365,0.0,0,0.01301,1
4.667,66,65,2,1,0,1,0,0,0.27273,0.0,0,0.0303,1
4.175,226,53,10,0,0,0,0,2,0.64159,3.14286,0,0.25221,1
5.025,54344,2220,1308,2,1,0,7,95,0.28042,6.28931,85,0.27814,1
4.963,101,46,4,0,0,0,0,1,0.24752,5.0,0,0.14851,1
5.37,10320,240,365,1,0,0,1,30,0.27558,6.94276,16,0.20843,1
5.847,151388,39953,2558,9,9,6,10,372,0.18501,6.4075,98,0.09685,1
5.219,2346,106,79,0,1,0,0,4,0.25575,5.58511,5,0.19608,1
5.501,50779,1243,1239,7,8,0,6,184,0.28079,4.77915,40,0.14504,1
6.001,62055,62055,1,1,0,5,0,0,0.03795,0.0,0,3e-05,1
5.577,62707,349,1457,0,0,2,6,114,0.28349,5.77881,71,0.14102,1
5.687,150688,3621,2880,3,15,13,12,16,0.26553,5.76835,380,0.11355,1
3.505,117282,2055,1324,5,8,1,8,216,0.13836,4.92233,51,0.56778,1
6.104,1389,88,17,0,0,0,0,0,0.38661,7.71111,15,0.08063,1
4.995,198,197,2,1,0,0,0,1,0.46465,2.28571,0,0.0101,1
5.201,152,43,10,1,0,0,0,1,0.41447,4.07692,0,0.06579,1
5.328,42854,343,1463,1,11,0,8,65,0.26383,6.00993,47,0.22658,1
5.27,3188,176,130,3,10,0,0,2,0.25565,5.71795,6,0.16844,1
5.182,1439,133,16,0,0,0,0,0,0.50799,2.29921,0,0.01181,1
5.019,1486,98,20,0,0,0,0,0,0.40713,2.73881,1,0.01413,1
5.226,1476,105,19,0,0,0,0,0,0.50949,2.35537,0,0.01355,1
5.796,103286,599,2191,4,7,6,9,407,0.2928,5.93885,91,0.12322,1
5.057,1459,114,18,0,0,0,0,0,0.51062,2.93514,0,0.01302,1
5.44,214,87,6,0,0,2,0,0,0.35047,4.33333,0,0.11682,1
4.941,1137,91,32,1,0,0,0,1,0.10554,9.66667,0,0.17414,1
4.969,110,101,3,2,0,0,0,1,0.34545,5.66667,0,0.04545,1
5.507,66109,785,1522,6,7,2,8,321,0.26695,4.91222,48,0.18246,1
5.179,1449,123,17,0,0,0,0,0,0.50932,2.30357,0,0.01242,1
6.075,134735,39947,2203,7,9,9,14,411,0.2159,6.18885,44,0.06873,1
5.487,1356,99,43,0,0,0,1,6,0.32817,5.68,0,0.17109,1
5.197,1446,143,16,0,0,0,0,1,0.39903,2.76,0,0.01176,1
5.531,145,145,1,0,0,2,1,0,0.2069,0.0,0,0.0069,1
7.363,9129,658,141,1,0,2,0,6,0.47398,4.80952,0,0.07263,1
5.367,193,76,10,0,0,0,0,2,0.29534,6.83333,0,0.14508,1
3.537,13410,13116,9,0,0,0,0,0,0.26585,6.0,0,0.00768,1
5.188,24634,310,598,0,0,0,3,0,0.22124,6.94318,2,0.17431,1
5.309,94,93,2,1,0,0,0,2,0.34043,3.66667,0,0.03191,1
4.653,40,40,1,1,0,0,0,1,0.3,9.0,0,0.025,1
5.529,379,111,11,0,0,0,1,2,0.30871,2.625,0,0.04222,1
5.699,191866,578,7759,5,14,12,12,714,0.29989,6.01001,208,0.12632,1
6.044,31103,120,266,1,0,2,0,0,0.03868,7.0,0,0.00945,1
6.595,1444,482,39,1,0,1,0,6,0.3885,8.0,1,0.12673,1
3.755,327,233,4,0,0,0,0,0,0.86544,0.0,0,0.06116,1
5.872,2498,2255,3,1,0,1,0,0,0.19376,5.37975,8,0.01121,1
5.783,2880,2880,1,0,0,0,0,0,0.11181,6.79167,2,0.09653,1
5.688,85664,3916,1556,2,11,11,23,255,0.29744,4.87412,10,0.09238,1
5.893,144653,42491,678,5,6,3,8,329,0.22987,4.8744,48,0.06068,1
4.712,67,31,4,2,0,0,0,1,0.49254,6.0,0,0.16418,1
6.004,63931,63752,8,1,0,0,0,0,0.03765,13.0,1,0.00028,1
5.967,102105,101995,6,1,0,1,0,0,0.04796,4.2,0,0.00012,1
5.683,181661,91,2247,1,0,0,0,0,0.0003,9.0,0,0.0125,1
5.24,1486,99,20,0,0,0,0,1,0.51077,2.3629,0,0.01413,1
5.306,145,56,8,1,0,0,0,2,0.25517,4.75,0,0.12414,1
5.623,96370,2990,1552,1,9,0,23,363,0.29081,5.01891,46,0.05308,1
5.537,226465,2240,6241,6,47,27,50,578,0.23196,6.28883,197,0.16899,1
6.026,8972,8971,2,1,0,0,0,0,0.03411,12.0,1,0.00045,1
5.214,1449,121,17,0,0,0,0,1,0.40304,2.83721,1,0.01242,1
5.674,587321,91,7255,1,0,0,0,0,9e-05,9.0,0,0.01239,1
5.918,227649,31483,3579,5,56,13,16,90,0.20989,5.75166,386,0.092,1
5.907,1697,90,20,0,0,0,0,0,0.39305,6.3871,8,0.12669,1
5.626,185422,11589,3276,6,56,12,20,61,0.23626,5.69261,366,0.13432,1
5.99,292461,292308,10,1,0,2,0,0,0.04528,3.16667,0,7e-05,1
5.979,87316,2107,2248,3,8,4,22,220,0.33666,5.86635,125,0.13342,1
5.532,66701,785,1520,7,7,3,8,320,0.26442,4.92904,51,0.18057,1
5.528,160884,1570,3107,5,39,11,14,24,0.2621,5.75618,377,0.15332,1
5.388,267,55,12,1,0,0,0,1,0.25843,6.0,0,0.13109,1
5.94,968,967,2,3,0,2,0,0,0.06198,21.0,4,0.0093,1
4.786,3136,77,131,0,1,1,1,0,0.1773,5.37705,0,0.26722,1
3.893,35,34,2,0,0,0,0,2,0.62857,5.0,0,0.02857,1
5.128,165,58,5,1,0,0,1,0,0.40606,5.0,0,0.06667,1
4.016,27834,27540,9,1,3,3,0,0,0.26051,6.0,0,0.01965,1
4.806,117,63,5,0,0,0,0,1,0.32479,5.6,0,0.1453,1
5.624,68535,1603,1963,4,8,5,10,25,0.28097,6.43978,70,0.14267,1
5.737,620977,620977,1,2,0,0,0,0,0.03866,9.96,0,1e-05,1
5.682,146438,91,1812,1,0,0,0,0,0.00038,9.0,0,0.01254,1
5.677,117,88,4,1,0,0,0,1,0.44444,5.0,0,0.03419,1
5.203,1486,101,20,0,0,0,0,0,0.51077,2.2782,0,0.01413,1
6.024,36644,36418,12,1,0,0,0,0,0.03452,4.55556,0,0.00096,1
5.732,99516,1313,2130,5,7,5,9,405,0.2682,5.8901,89,0.13536,1
6.006,134818,134563,7,1,0,0,0,0,0.03238,10.0,0,0.00028,1
3.358,193441,192794,24,0,0,0,0,0,0.25595,9.8,2,0.00057,1
5.603,26201,1362,554,1,10,0,2,60,0.23934,8.5098,113,0.11259,1
5.587,41883,1784,603,6,15,1,3,151,0.281,5.98004,16,0.07733,1
5.768,169047,167784,3,1,0,0,0,0,0.00489,10.0,0,0.00012,1
5.678,305198,91,3772,1,0,0,0,0,0.00018,9.0,0,0.01244,1
5.74,116935,5859,2507,8,8,10,12,185,0.24603,7.79527,294,0.12191,1
5.016,763,78,30,0,0,0,0,9,0.30931,6.91667,0,0.16645,1
5.304,222,75,7,1,0,1,0,1,0.31532,3.2,0,0.09459,1
6.096,1232,138,49,0,0,0,0,0,0.40747,7.4,9,0.06981,1
6.059,3639,3241,9,1,0,2,0,0,0.0371,10.6,2,0.00385,1
5.252,185,185,1,1,0,1,0,4,0.31351,5.5,0,0.04865,1
6.013,136251,109,2358,6,14,22,33,22,0.04969,6.84238,45,0.03603,1
5.677,266562,87,3337,1,0,0,0,0,0.00019,9.0,0,0.0126,1
5.94,49731,6636,756,0,12,5,15,10,0.03853,6.20325,6,0.03461,1
5.627,185789,11589,3280,6,56,12,20,61,0.23591,5.69261,366,0.13433,1
6.05,26186,25687,21,1,0,2,0,0,0.04132,12.8,10,0.00229,1
4.703,291,138,9,1,0,0,0,0,0.38144,3.20833,0,0.17869,1
5.753,226923,226916,3,1,0,1,0,0,0.00414,0.0,0,1e-05,1
4.872,49413,1190,1216,2,10,1,11,266,0.24364,5.57846,4,0.28857,1
4.693,74,25,6,0,1,0,0,2,0.39189,4.5,0,0.14865,1
5.279,357,80,14,0,0,0,0,3,0.29132,6.66667,0,0.10644,1
4.981,75329,788,1514,6,7,2,8,320,0.23427,4.86192,44,0.28407,1
5.624,79544,1264,1634,10,8,6,9,389,0.26555,5.00477,50,0.15922,1
6.007,91810,91741,2,0,0,0,0,0,0.03359,6.57143,2,4e-05,1
5.378,4082,806,95,1,0,0,0,26,0.26237,7.06452,4,0.19794,1
4.399,87,24,8,0,0,0,0,1,0.25287,3.33333,0,0.33333,1
4.685,12488,1072,79,1,0,0,0,2,0.29733,7.98394,0,0.02867,1
5.969,29011,20362,108,0,0,0,0,0,0.0344,6.04167,1,0.00679,1
5.554,25533,314,811,0,7,0,8,63,0.30694,6.592,45,0.15126,1
5.328,1305,99,18,0,0,0,0,1,0.45287,2.54615,1,0.01456,1
5.597,38849,449,1125,19,2,4,10,51,0.28469,7.61682,165,0.15625,1
5.185,1446,135,16,0,0,0,0,1,0.61203,2.18018,0,0.01176,1
4.982,110,101,3,2,0,0,0,1,0.34545,5.66667,0,0.06364,1
5.347,126,59,7,1,0,0,0,2,0.27778,5.5,0,0.11905,1
5.802,158375,158375,1,1,0,0,0,0,0.00757,9.55556,0,0.00013,1
5.949,222039,35948,4535,8,9,4,8,23,0.21471,6.24272,205,0.08645,1
5.503,4485,141,231,1,1,1,0,36,0.30836,5.825,4,0.13601,1
3.193,536,536,1,1,0,0,0,0,0.1903,5.7619,0,0.52985,1
5.125,115,81,4,1,0,0,0,1,0.37391,5.0,0,0.06957,1
2.883,1108,119,36,0,0,0,0,1,0.91787,3.01724,0,0.05596,1
5.238,191,191,1,1,0,1,0,4,0.33508,5.5,0,0.04712,1
5.945,233634,31483,3854,4,56,12,16,90,0.21206,5.75628,386,0.09087,1
5.66,63055,1172,1470,8,8,3,8,240,0.26618,4.95611,50,0.13664,1
5.064,78,38,4,0,0,0,0,1,0.30769,3.33333,0,0.11538,1
4.291,233,37,13,0,0,0,0,1,0.26609,3.45455,0,0.3691,1
5.023,131,52,7,0,0,2,0,1,0.29771,2.8,0,0.15267,1
5.724,95101,3144,1670,1,10,0,22,306,0.29573,5.30988,75,0.05695,1
5.562,15410,310,503,2,0,0,4,46,0.31746,6.22581,39,0.07891,1
4.502,983,404,21,1,0,0,0,0,0.5178,3.83333,0,0.04069,1
5.508,122249,1255,5604,0,25,0,18,29,0.23176,5.8116,147,0.14895,1
5.729,81112,8885,2136,4,19,7,27,268,0.25867,5.56978,109,0.11589,1
5.708,45033,91,554,1,0,0,0,0,0.00122,9.0,0,0.01284,1
6.121,4498,2999,74,0,0,1,1,7,0.09893,4.17308,0,0.07048,1
5.527,15834,424,503,2,0,0,4,46,0.30952,6.22581,39,0.10111,1
4.871,129,56,5,2,0,0,0,2,0.34884,7.33333,1,0.09302,1
6.012,130587,90125,27,1,0,5,0,0,0.03283,3.0,0,0.00095,1
4.665,51,35,2,1,0,0,0,1,0.29412,6.0,0,0.09804,1
5.322,3958,737,98,0,0,0,0,9,0.19303,8.46875,8,0.14351,1
5.697,64803,2932,1284,1,10,6,19,263,0.26553,6.06956,83,0.08555,1
4.78,121,73,6,0,0,0,0,1,0.42975,3.16667,0,0.04132,1
5.348,434,94,18,0,0,0,1,4,0.30645,5.0,0,0.08986,1
5.835,19853,19852,2,2,0,0,0,0,0.04186,9.96,0,0.00035,1
5.765,157791,565,3302,6,13,18,19,656,0.29315,5.81193,135,0.1067,1
5.688,65266,2932,1284,1,10,6,19,263,0.26504,6.06956,83,0.09064,1
5.523,13292,636,167,0,0,0,0,0,0.07629,6.125,0,0.01926,1
6.005,25066,25065,2,0,0,2,0,0,0.03223,0.0,0,0.00016,1
5.253,248,89,7,1,0,0,0,0,0.24597,9.0,2,0.12097,1
5.302,6331,557,170,0,3,0,2,8,0.20028,7.44318,33,0.16727,1
2.694,427,427,1,0,0,0,0,0,0.13817,5.66667,0,0.6534,1
5.406,295,55,11,1,0,0,0,1,0.25763,6.0,0,0.10169,1
5.165,192,56,9,0,0,0,3,2,0.31771,4.0,0,0.04688,1
5.316,211,87,10,0,0,0,0,1,0.32227,5.57143,0,0.12796,1
6.053,5172,4632,4,1,0,2,0,0,0.03558,10.0,0,0.00638,1
5.823,138063,2657,2901,4,8,11,13,4,0.22978,5.6167,275,0.10112,1
6.176,1492,84,20,0,0,0,0,0,0.39611,7.06452,11,0.05965,1
5.818,85779,123,1182,0,0,0,0,2,0.04678,6.92308,0,0.04155,1
4.975,23607,177,506,0,5,1,15,40,0.12501,4.52877,0,0.34435,1
4.944,80,28,6,1,0,1,0,1,0.3375,3.0,0,0.1625,1
5.836,2761,2761,1,0,0,0,0,0,0.11662,5.58333,0,0.06882,1
5.036,18692,1720,477,2,0,1,0,17,0.20233,5.10758,15,0.27461,1
5.439,8851,160,326,0,0,0,3,40,0.29771,5.15084,0,0.11603,1
4.762,68,67,2,2,0,0,0,1,0.32353,6.0,0,0.02941,1
5.997,210650,210463,7,1,0,4,0,0,0.03677,9.33333,0,6e-05,1
5.234,212,47,11,1,0,0,0,1,0.26887,8.4,2,0.08491,1
5.28,93,93,1,1,0,0,0,2,0.34409,3.66667,0,0.02151,1
4.407,86,24,7,1,0,0,0,1,0.25581,3.33333,0,0.32558,1
5.901,111444,7566,2112,4,4,5,5,525,0.29469,5.92977,132,0.09655,1
4.678,64,53,4,0,0,0,0,1,0.39062,9.0,0,0.17188,1
5.529,160964,1570,3112,5,39,11,14,24,0.26222,5.75618,377,0.15337,1
5.196,1449,121,17,0,0,0,0,0,0.40304,2.73228,2,0.01242,1
5.769,150,102,6,1,0,1,0,1,0.33333,3.33333,0,0.07333,1
4.959,46647,189,1272,0,1,6,4,83,0.23796,5.97361,32,0.2612,1
5.041,119,46,7,0,0,0,0,2,0.27731,5.5,0,0.07563,1
5.733,117350,5859,2500,8,8,12,12,181,0.24545,7.79048,291,0.12207,1
4.408,37,11,8,1,0,0,0,1,0.35135,6.0,0,0.24324,1
5.402,2969,175,98,0,0,0,0,17,0.27922,6.72917,2,0.10138,1
3.714,38048,37754,9,0,1,0,0,2,0.2648,6.0,0,0.00862,1
4.582,2975,92,103,0,10,1,0,0,0.25143,6.19298,0,0.3442,1
5.696,63664,2932,1266,1,10,6,19,263,0.2625,6.06956,83,0.0794,1
5.73,81096,8886,2138,4,19,7,27,260,0.25781,5.57542,109,0.11563,1
5.227,1449,124,17,0,0,0,0,0,0.6156,2.16364,0,0.01242,1
5.299,216,73,7,0,0,0,0,1,0.3287,6.0,0,0.10648,1
5.626,100205,2990,1616,2,11,0,23,369,0.29249,4.97227,49,0.05285,1
5.87,147027,147002,6,1,0,2,0,0,0.08247,5.0,0,3e-05,1
5.203,1486,101,20,0,0,0,0,0,0.51077,2.2782,0,0.01413,1
5.221,739,75,28,0,0,0,0,4,0.25846,6.43478,0,0.19621,1
4.775,67,66,2,1,0,0,0,1,0.47761,2.66667,0,0.04478,1
6.031,31218,114,275,2,0,0,0,0,0.03469,3.66667,0,0.00923,1
6.01,36738,36642,5,1,0,2,0,0,0.0319,6.5,0,0.00041,1
5.202,780,312,18,0,1,0,0,4,0.16667,6.0,0,0.13718,1
5.493,21396,303,908,0,3,0,8,40,0.22616,6.51948,10,0.15325,1
6.075,135460,39947,2211,6,9,9,14,406,0.21568,6.1853,44,0.06878,1
5.713,73656,2104,1722,1,2,1,3,18,0.26022,5.44915,83,0.12575,1
6.583,242427,64183,818,46,1,3,5,558,0.42612,2.69162,4,0.03386,1
5.579,2803,349,67,0,4,0,0,15,0.29147,6.26923,1,0.0792,1
5.541,227684,1531,4256,3,34,18,35,209,0.25978,5.7763,151,0.11354,1
5.178,1459,116,18,0,0,0,0,0,0.40507,2.57364,1,0.01302,1
4.702,2480,121,90,0,1,0,0,8,0.25161,5.64516,0,0.33992,1
6.06,323,106,18,1,0,0,0,4,0.37461,6.0,0,0.08359,1
5.943,1706,118,61,0,6,1,1,0,0.18523,4.7381,2,0.06858,1
5.84,103703,908,2191,4,7,6,9,405,0.29196,5.88098,89,0.11671,1
5.226,1476,105,19,0,0,0,0,0,0.50949,2.35537,0,0.01355,1
4.653,5062,597,169,0,0,0,0,0,0.14382,8.69792,19,0.33821,1
4.975,2244,141,94,0,0,0,0,3,0.27763,3.91753,0,0.29813,1
5.165,1439,134,16,1,0,0,0,0,0.50799,2.2037,0,0.01181,1
5.224,145,67,9,0,0,0,0,1,0.28966,9.0,0,0.13103,1
5.919,116105,39949,1856,5,7,5,10,299,0.18993,5.94386,71,0.07661,1
6.0,2002,87,24,0,0,0,0,0,0.3996,7.22857,12,0.09441,1
5.146,1459,116,18,0,0,0,0,0,0.40507,2.76154,0,0.01302,1
5.794,3721,1024,5,1,0,1,0,0,0.00699,0.0,0,0.00161,1
5.322,382,71,23,1,0,0,3,3,0.29843,4.4,0,0.07068,1
4.862,38705,487,935,0,4,0,3,8,0.22741,6.21712,45,0.29097,1
5.018,232,69,15,0,0,1,0,3,0.33621,3.76923,0,0.15948,1
5.872,129036,1753,2927,4,5,9,11,12,0.22847,5.66156,259,0.07896,1
4.278,1115,106,31,0,2,2,0,4,0.15964,7.0,0,0.39103,1
5.943,1706,118,61,0,6,1,1,0,0.18523,4.7381,2,0.06858,1
4.738,840,61,35,1,0,1,0,2,0.25952,2.61702,0,0.34405,1
5.642,74987,436,2165,3,39,4,10,33,0.2852,6.49068,88,0.14885,1
6.011,25172,25140,2,1,0,2,0,0,0.03544,0.0,0,0.00068,1
6.131,166202,61286,1593,9,10,9,9,118,0.08811,5.95063,39,0.04984,1
5.679,264722,85,3233,1,0,0,0,0,0.0002,9.0,0,0.0123,1
5.82,86604,130,1192,0,0,0,0,2,0.04655,8.0,0,0.04152,1
5.128,3775,232,168,0,2,5,0,7,0.33907,4.85714,0,0.21483,1
5.092,2976,78,128,0,2,0,0,0,0.33804,2.97059,0,0.13239,1
5.389,743,87,27,0,0,0,0,6,0.32436,6.46154,0,0.08345,1
5.817,3062,3061,2,2,0,0,0,0,0.10777,9.96,0,0.00229,1
4.953,1010,135,38,0,0,2,0,2,0.2396,3.68627,0,0.28317,1
4.65,59,50,3,0,0,0,0,1,0.44068,9.0,0,0.11864,1
5.218,1456,123,17,0,0,0,0,0,0.61264,2.13514,0,0.01236,1
5.527,31512,10901,109,5,7,1,6,182,0.31467,4.93726,40,0.09444,1
5.057,1459,114,18,0,0,0,0,0,0.51062,2.93514,0,0.01302,1
4.635,12968,1045,90,1,0,0,0,2,0.33336,7.91537,0,0.02923,1
5.509,36874,339,1211,1,7,0,10,56,0.28888,6.76728,93,0.17476,1
5.347,9500,232,342,1,0,0,1,28,0.25653,7.09818,16,0.21895,1
5.423,379,52,29,1,0,0,0,5,0.40897,5.66667,0,0.1715,1
6.027,74550,50,1465,1,0,2,0,0,0.03315,8.33333,0,0.01964,1
4.162,21050,20756,9,1,0,1,1,4,0.25482,5.96429,0,0.02451,1
5.507,66108,785,1523,6,7,2,8,321,0.26693,4.91222,48,0.18247,1
4.912,89,89,1,1,0,1,0,1,0.49438,3.33333,0,0.06742,1
5.905,306905,157038,838,20,13,39,18,64,0.32332,4.92618,764,0.05461,1
5.398,76,67,3,1,0,2,0,0,0.23684,0.0,0,0.02632,1
5.3,2732,347,94,0,9,0,0,15,0.20608,6.08929,4,0.18119,1
5.87,147027,147002,6,1,0,2,0,0,0.08247,5.0,0,3e-05,1
4.688,32,23,3,0,0,0,0,1,0.4375,5.0,0,0.0625,1
5.605,168390,1570,3365,5,39,11,14,24,0.26189,5.75618,377,0.14811,1
5.799,103892,599,2206,4,7,5,9,407,0.29685,5.93806,91,0.12342,1
5.2,74,45,6,1,0,0,0,1,0.51351,5.0,0,0.08108,1
5.899,135612,39949,2474,6,9,3,21,317,0.19743,5.98439,55,0.10317,1
5.328,630,161,21,0,0,0,0,4,0.29365,8.11765,5,0.1,1
5.701,21788,2793,652,0,6,0,2,13,0.1834,6.27333,4,0.14797,1
6.082,48668,428,1213,4,5,2,2,83,0.20171,6.08968,61,0.08217,1
5.507,66108,785,1523,6,7,2,8,321,0.26693,4.91222,48,0.18247,1
6.017,53491,8192,30,1,0,2,0,0,0.03601,6.0,0,0.00058,1
5.801,16239,2793,757,0,3,0,2,19,0.22711,5.65031,4,0.1433,1
5.468,111573,1255,4820,0,25,0,18,29,0.23083,5.92843,149,0.14856,1
5.938,41219,14043,780,2,8,4,8,80,0.15983,5.90147,21,0.08025,1
4.901,1770,153,76,0,2,0,0,4,0.20508,5.25,0,0.29831,1
5.691,611,99,10,0,0,0,0,0,0.16694,5.0,0,0.03764,1
4.647,11744,1034,79,1,0,0,0,2,0.30799,7.90329,0,0.03048,1
5.963,1718,118,58,0,6,1,1,0,0.18685,4.7381,2,0.07043,1
5.842,151437,39953,2557,9,9,6,10,372,0.1847,6.4075,98,0.09683,1
5.205,1439,133,16,0,0,0,0,0,0.50799,2.25197,0,0.01181,1
4.558,35,26,3,1,0,0,0,0,0.4,6.0,0,0.17143,1
5.498,89077,1123,2021,2,29,4,22,130,0.27554,5.98246,42,0.15261,1
4.685,12488,1072,79,1,0,0,0,2,0.29733,7.98394,0,0.02867,1
5.017,13275,101,409,1,1,0,0,17,0.19284,7.20958,6,0.2461,1
4.263,7028,208,184,1,1,0,13,14,0.15822,9.31429,52,0.43754,1
5.685,19191,637,237,1,0,1,0,0,0.06373,6.28571,0,0.01657,1
5.522,1073,67,42,0,1,0,3,3,0.24138,5.35135,0,0.10811,1
6.085,62795,58292,206,2,0,4,0,0,0.04257,5.5,0,0.00865,1
5.247,1479,96,20,0,0,0,0,0,0.40906,2.77612,0,0.0142,1
6.009,10276,10267,3,1,0,2,0,0,0.03328,0.0,0,0.00019,1
5.761,157366,565,3302,6,13,18,19,656,0.29347,5.81193,135,0.10697,1
5.389,87075,3174,2483,2,7,4,6,168,0.15727,6.08696,39,0.2639,1
5.38,76794,613,1747,1,0,6,8,107,0.28381,5.79988,132,0.18929,1
5.177,1466,119,18,0,0,0,0,0,0.40314,2.80769,1,0.01296,1
5.447,118316,638,1495,1,0,0,0,0,0.04502,6.04348,2,0.01332,1
4.418,1304,74,45,0,4,0,0,2,0.20475,6.23529,0,0.38344,1
6.14,343734,64246,4501,5,29,29,36,327,0.13839,5.95571,126,0.05867,1
5.555,66182,436,1990,3,8,4,10,25,0.28227,6.44363,70,0.14826,1
5.218,1469,104,19,1,0,0,0,0,0.40708,2.82443,2,0.01361,1
4.895,47,38,3,1,0,1,0,0,0.40426,6.0,0,0.04255,1
4.614,53,52,2,0,0,0,0,1,0.33962,7.0,0,0.09434,1
4.995,198,197,2,1,0,0,0,1,0.46465,2.28571,0,0.0101,1
5.177,147,71,5,0,0,0,0,1,0.31293,5.57143,0,0.06122,1
5.183,79,78,2,1,0,1,0,0,0.26582,0.0,0,0.03797,1
5.028,72979,1176,1417,8,8,3,8,237,0.22158,4.91905,46,0.28034,1
4.537,65,65,1,0,0,0,0,1,0.4,3.33333,0,0.06154,1
5.672,540256,92,6758,1,0,0,0,0,9e-05,9.0,0,0.01255,1
5.3,198,72,7,0,0,0,0,1,0.29798,6.66667,0,0.10101,1
4.719,10378,922,79,1,0,0,0,2,0.3308,7.91361,0,0.0345,1
5.304,99004,1120,2605,0,1,6,4,81,0.48948,6.17529,52,0.116,1
5.137,1486,98,20,0,0,0,0,0,0.51077,2.2803,0,0.01413,1
5.304,99004,1120,2605,0,1,6,4,81,0.48948,6.17529,52,0.116,1
6.009,115932,143,1607,1,0,1,0,2,0.05142,5.75,0,0.01499,1
5.234,1449,122,17,0,0,0,0,0,0.40304,2.86822,2,0.01242,1
6.023,73854,107,962,1,0,2,0,0,0.03548,5.0,0,0.01305,1
5.025,72804,1133,1488,8,8,3,8,237,0.22028,4.91905,46,0.28191,1
4.857,274,96,10,1,0,1,0,1,0.20073,4.0,0,0.20803,1
5.386,131590,3543,2654,3,36,8,13,20,0.2918,5.71041,371,0.13156,1
5.937,308734,30070,6147,9,32,15,21,840,0.24691,5.88262,287,0.10267,1
5.174,1476,107,19,0,0,0,0,0,0.40515,2.82443,1,0.01355,1
5.205,76,75,2,0,1,0,0,0,0.23684,0.0,0,0.09211,1
5.532,541,55,22,0,1,0,1,1,0.24214,4.68421,0,0.08872,1
5.929,309084,30070,6486,9,32,15,21,840,0.2454,5.88262,287,0.10489,1
5.154,54844,54026,21,0,0,2,0,0,0.0025,7.0,1,0.00212,1
4.69,57,57,1,1,0,0,0,1,0.4386,6.0,0,0.03509,1
5.157,8100,454,222,0,4,0,0,2,0.19037,6.0,0,0.19889,1
5.931,97500,22861,1729,0,7,3,11,160,0.19228,7.34398,250,0.1325,1
5.155,1456,121,17,1,0,0,0,1,0.50687,2.30709,0,0.01236,1
4.693,21786,21783,2,1,1,0,0,6,0.32544,9.04286,20,0.0179,1
6.009,24899,24874,2,1,0,2,0,0,0.03434,0.0,0,0.00028,1
5.971,1655,93,19,0,0,0,0,0,0.35166,7.67797,7,0.13897,1
6.091,1094,92,14,0,0,0,0,0,0.40768,7.625,10,0.05941,1
5.935,40978,14043,772,2,8,4,8,80,0.15894,5.90147,21,0.08043,1
5.354,33797,180,1167,0,1,0,0,0,0.25236,7.22263,60,0.14572,1
4.979,654,90,23,1,0,0,0,3,0.237,8.23077,1,0.23547,1
4.105,15693,120,412,0,3,1,1,10,0.14242,5.47059,0,0.45313,1
5.608,64362,1014,1768,2,8,38,18,239,0.26241,4.64332,23,0.14092,1
5.621,3858,2738,30,0,0,0,2,13,0.21721,3.8932,0,0.15086,1
5.36,861,849,4,1,0,0,0,0,0.19396,7.0,0,0.00581,1
5.169,1456,127,17,1,0,0,0,0,0.50687,2.18584,0,0.01236,1
4.791,865,56,42,1,0,2,0,3,0.27052,6.09524,0,0.37803,1
5.137,69,69,1,1,0,0,0,2,0.43478,9.0,0,0.01449,1
5.385,35670,424,1304,13,6,0,2,13,0.19537,6.24667,4,0.15355,1
5.224,1479,96,20,0,0,0,0,0,0.51318,2.23881,0,0.0142,1
5.183,70500,1716,1461,3,10,6,17,283,0.21311,5.41096,71,0.24647,1
5.541,227683,1531,4255,3,34,18,35,209,0.25978,5.7763,151,0.11354,1
4.144,370,164,7,0,0,0,0,0,0.52973,3.89474,0,0.01622,1
5.235,773,94,24,0,0,0,1,3,0.22768,5.11111,0,0.08021,1
5.531,301638,301475,17,1,0,0,0,0,0.00863,9.72662,1,0.00012,1
5.159,218,64,7,1,0,4,0,0,0.27523,8.0,0,0.05046,1
5.601,15834,424,503,2,0,0,4,46,0.31369,6.22581,39,0.07686,1
5.298,5436,178,205,1,0,1,0,6,0.18543,6.10256,0,0.195,1
4.5,32,12,5,1,0,0,0,1,0.34375,6.0,0,0.125,1
4.918,38705,487,935,0,4,0,3,8,0.22912,6.21712,45,0.28105,1
5.183,1439,134,16,0,0,0,0,0,0.40097,2.84921,1,0.01181,1
5.862,471,246,11,1,0,1,0,0,0.13588,3.71429,0,0.05732,1
5.598,56627,540,1635,1,6,1,8,30,0.2974,5.36667,42,0.14352,1
5.738,99940,1313,2130,5,7,5,9,405,0.26781,5.8901,89,0.13479,1
5.997,210650,210463,7,1,0,4,0,0,0.03677,9.33333,0,6e-05,1
6.028,2457,2456,2,1,0,2,0,0,0.03704,0.0,0,0.00122,1
4.704,10821,999,79,1,0,0,0,2,0.3313,7.83402,0,0.03308,1
4.757,7229,2505,165,1,1,1,0,7,0.24927,6.11111,0,0.05561,1
2.677,423,423,1,1,0,0,0,0,0.13948,6.0,0,0.64303,1
5.712,24749,478,713,2,8,4,6,130,0.32902,6.23977,44,0.11629,1
5.344,35670,424,1304,13,6,0,2,13,0.19352,6.24667,4,0.16431,1
5.904,111919,7566,2110,4,4,5,5,533,0.29469,5.91744,132,0.09661,1
5.263,14136,187,343,0,1,0,0,0,0.24696,6.34937,25,0.13993,1
6.097,170854,40328,2460,11,8,13,13,58,0.18736,7.07252,289,0.08599,1
5.298,217,73,8,0,0,0,0,1,0.32719,6.0,0,0.1106,1
5.926,1542,91,18,0,0,0,0,0,0.38586,7.03448,11,0.12711,1
4.655,558,204,8,2,0,0,0,1,0.40681,6.175,5,0.07706,1
5.934,121600,39949,1954,5,7,5,12,353,0.19599,6.0256,34,0.07953,1
5.79,33642,1047,1034,0,7,1,7,40,0.26303,5.77459,36,0.09687,1
5.817,2865,2865,1,0,0,0,0,0,0.11344,7.33333,2,0.08377,1
5.523,31315,447,873,1,6,0,4,95,0.29535,5.24823,8,0.12077,1
6.023,9012,7613,5,1,0,0,0,0,0.0334,13.0,1,0.00078,1
5.259,232,137,4,0,0,0,0,3,0.29741,9.0,0,0.03879,1
5.259,490,126,10,0,0,0,0,3,0.32245,6.66667,0,0.10204,1
4.872,49413,1190,1216,2,10,1,11,266,0.24364,5.57846,4,0.28857,1
4.991,203,125,5,2,0,0,0,1,0.30542,3.27273,0,0.12808,1
5.761,97648,599,2155,4,7,3,9,423,0.27872,5.92608,91,0.12129,1
5.673,758495,91,9369,1,0,0,0,0,7e-05,9.0,0,0.01238,1
5.776,27559,26920,3,1,0,1,0,0,0.03774,10.0,0,0.0008,1
4.245,31,24,3,0,0,0,0,0,0.19355,0.0,0,0.12903,1
5.199,1486,100,20,0,0,0,0,0,0.6144,2.16239,0,0.01413,1
5.238,1486,99,20,0,0,0,0,0,0.40713,2.76296,1,0.01413,1
5.217,1479,96,20,0,0,0,0,0,0.40906,2.7594,0,0.0142,1
5.722,130208,130195,4,1,0,1,0,0,0.00319,2.0,0,5e-05,1
4.219,119654,113113,87,0,0,0,0,3,0.007,7.5,1,0.03656,1
5.058,6627,205,269,0,0,0,1,29,0.2271,6.86047,2,0.25607,1
6.038,100940,160,648,0,0,0,0,0,0.03612,5.0,0,0.00805,1
6.024,24852,24721,7,1,0,0,0,0,0.03384,12.8,3,0.00064,1
4.508,7011,506,81,0,0,0,2,20,0.1907,16.20339,84,0.07973,1
5.683,181661,91,2247,1,0,0,0,0,0.0003,9.0,0,0.0125,1
5.55,32731,415,1033,1,10,0,7,63,0.27662,5.26324,8,0.13669,1
5.605,370648,365208,46,1,0,1,0,0,0.00473,7.0,0,0.00468,1
4.698,64,64,1,0,0,0,0,3,0.5,6.0,0,0.04688,1
5.328,630,161,21,0,0,0,0,4,0.29365,8.11765,5,0.1,1
4.854,96,35,5,0,0,1,0,2,0.36458,4.5,0,0.09375,1
4.703,109,41,9,0,0,0,0,1,0.36697,5.6,0,0.22018,1
4.453,58735,508,597,6,0,15,1,39,0.26907,8.90877,80,0.26444,1
4.218,539,46,26,1,0,2,0,2,0.2115,5.92857,0,0.42486,1
5.405,94931,998,2019,9,9,2,8,294,0.31556,5.26866,53,0.18308,1
5.445,234,72,8,0,0,0,0,2,0.32906,6.5,0,0.09402,1
5.007,595,61,22,0,0,0,1,3,0.39664,5.94595,0,0.18151,1
5.94,968,967,2,3,0,2,0,0,0.06198,21.0,4,0.0093,1
5.625,79573,1264,1635,10,8,6,9,389,0.26552,5.00477,50,0.15922,1
6.127,8156,3154,77,1,0,2,0,0,0.12298,8.0,0,0.02415,1
6.025,24756,79,322,1,0,2,0,0,0.03365,0.0,0,0.01301,1
4.986,830,70,51,0,1,0,0,0,0.25542,7.275,2,0.17711,1
4.547,26,26,1,1,0,0,0,1,0.46154,6.0,0,0.03846,1
5.436,177,177,1,1,0,1,0,0,0.27119,5.0,0,0.02825,1
5.96,1330,89,16,0,0,0,0,0,0.39398,6.91489,14,0.11429,1
5.137,1486,98,20,0,0,0,0,0,0.51077,2.2803,0,0.01413,1
5.639,83922,2504,1635,10,8,6,9,384,0.2611,4.99863,50,0.15287,1
5.616,99706,98836,27,1,0,1,0,0,0.0061,8.0,1,0.00253,1
3.642,205,65,7,0,0,0,0,0,0.87805,2.0,0,0.03902,1
4.871,129,56,5,2,0,0,0,2,0.34884,7.33333,1,0.09302,1
4.637,19828,248,476,0,5,0,1,65,0.2205,5.03472,3,0.35067,1
4.508,71,39,5,0,0,0,0,1,0.38028,3.33333,0,0.21127,1
5.11,72716,189,2492,0,1,6,4,81,0.25173,6.1135,50,0.22221,1
6.008,63840,63592,19,1,0,2,0,0,0.03501,6.0,0,0.00089,1
5.919,116105,39949,1856,5,7,5,10,299,0.18993,5.94386,71,0.07661,1
5.339,870,135,32,0,0,0,0,10,0.29425,5.6,0,0.16667,1
5.34,1302,108,17,0,0,0,0,0,0.44854,2.54264,0,0.01382,1
4.399,150336,150042,9,2,6,5,21,58,0.24975,6.08046,0,0.03158,1
5.493,21396,303,908,0,3,0,8,40,0.22616,6.51948,10,0.15325,1
5.612,8998,1000,181,0,1,0,2,21,0.29418,5.3547,0,0.0978,1
3.559,122359,2055,1369,6,7,2,8,321,0.14376,4.91222,48,0.55916,1
5.609,119367,117602,33,0,0,2,0,1,0.00209,10.0,8,0.00542,1
4.207,67178,66885,8,1,0,1,6,0,0.26613,6.0,0,0.03256,1
5.59,190669,11591,3324,6,44,13,17,56,0.23204,5.8001,408,0.14207,1
5.531,301638,301475,17,1,0,0,0,0,0.00863,9.72662,1,0.00012,1
4.823,243,232,4,1,0,0,0,0,0.45679,3.20833,0,0.01646,1
5.414,44213,908,1502,1,11,0,8,65,0.27071,6.00993,47,0.22195,1
6.024,13774,13772,3,1,0,0,0,0,0.03282,13.0,1,0.00036,1
5.097,1446,137,16,0,0,0,0,0,0.50553,2.09821,0,0.01176,1
6.038,123066,39949,1954,5,7,5,12,353,0.20559,6.0256,34,0.07858,1
5.411,294,55,11,1,0,0,0,1,0.2585,6.0,0,0.09864,1
5.388,86084,177,2553,8,3,6,12,0,0.2623,4.32941,53,0.20244,1
6.005,110834,110655,10,0,0,0,0,0,0.03671,5.71429,0,0.00017,1
5.767,298805,298711,7,1,0,0,0,0,0.00238,2.66667,0,5e-05,1
4.737,78,53,4,2,0,0,0,1,0.32051,6.0,0,0.19231,1
4.921,58,32,5,0,0,0,0,1,0.53448,3.0,0,0.10345,1
4.31,149,59,11,0,0,0,0,1,0.62416,9.0,0,0.07383,1
4.969,110,101,3,2,0,0,0,1,0.34545,5.66667,0,0.04545,1
5.19,1469,104,19,0,0,0,0,1,0.51191,2.17742,0,0.01361,1
5.456,1643,45,49,0,0,0,0,0,0.28728,3.21622,0,0.08521,1
5.229,1466,112,18,0,0,0,0,0,0.61323,2.11304,0,0.01296,1
5.345,316,53,12,0,0,0,0,2,0.73101,3.14286,0,0.18354,1
5.696,63664,2932,1266,1,10,6,19,263,0.2625,6.06956,83,0.0794,1
5.451,14444,1299,199,0,14,0,1,5,0.2662,5.95033,21,0.08876,1
5.893,144653,42491,678,5,6,3,8,329,0.22987,4.8744,48,0.06068,1
6.204,119583,38092,2085,4,15,8,20,213,0.22242,5.92043,128,0.09234,1
5.267,13373,206,349,0,1,0,1,10,0.29739,8.53947,15,0.22029,1
5.433,8126,150,294,0,0,0,2,39,0.3063,5.12281,0,0.10645,1
6.075,135460,39947,2211,6,9,9,14,406,0.21568,6.1853,44,0.06878,1
5.064,78,38,4,0,0,0,0,1,0.30769,3.33333,0,0.11538,1
3.755,327,233,4,0,0,0,0,0,0.86544,0.0,0,0.06116,1
4.923,107567,1394,2018,9,9,2,8,294,0.27877,5.26574,53,0.27666,1
6.166,1500,84,20,0,0,0,0,0,0.394,7.06452,11,0.06467,1
3.9,913,123,33,1,0,0,0,1,0.77108,6.35443,0,0.06134,1
5.673,762910,83,9541,1,0,0,0,0,7e-05,9.0,0,0.01254,1
5.839,750,111,30,1,0,0,1,5,0.364,5.46154,0,0.084,1
6.008,115921,143,1607,1,0,1,0,2,0.05133,5.75,0,0.01499,1
4.703,291,138,9,1,0,0,0,0,0.38144,3.20833,0,0.17869,1
5.635,17261,302,522,0,0,0,0,0,0.22936,7.22939,25,0.15434,1
5.734,189881,40328,2475,11,8,13,13,63,0.17008,7.06441,289,0.1772,1
5.123,430,55,26,0,0,1,0,0,0.23488,7.5,0,0.20465,1
5.131,5105,459,142,0,1,0,0,2,0.25681,8.18519,3,0.15906,1
5.187,1476,105,19,0,0,0,0,0,0.50949,2.13559,0,0.01355,1
5.148,5496,111,193,0,2,0,0,0,0.14738,6.62195,7,0.17795,1
5.353,44605,418,1195,0,0,2,0,0,0.17137,0.0,0,0.16601,1
5.414,53544,183,2062,0,1,6,3,81,0.26937,6.008,37,0.16594,1
5.763,99408,636,2126,5,7,8,10,477,0.26459,5.62581,93,0.1373,1
4.851,104,57,4,0,0,0,0,2,0.31731,7.5,0,0.03846,1
5.768,169300,168160,4,1,0,0,0,0,0.02138,10.0,0,3e-05,1
5.198,1466,116,18,0,0,0,0,0,0.40314,3.0155,1,0.01296,1
5.373,76089,613,1695,1,0,6,8,17,0.2805,6.21881,206,0.19134,1
5.263,181,44,8,0,0,1,0,2,0.29834,6.0,0,0.07735,1
5.417,171650,171649,2,1,0,0,0,0,0.22727,5.5618,37,0.03204,1
4.698,59,50,3,0,0,0,0,1,0.44068,9.0,0,0.08475,1
5.626,99189,2990,1582,1,9,0,23,368,0.29264,4.97221,49,0.05282,1
6.378,294,294,1,1,0,1,0,0,0.40476,0.0,0,0.02721,1
5.439,224,74,6,0,0,0,1,2,0.47768,3.0,0,0.05357,1
6.027,10988,10409,3,1,0,2,0,0,0.03203,10.0,0,0.00209,1
5.976,24675,175,618,0,6,0,2,31,0.19688,5.30502,15,0.09743,1
5.766,407096,407096,1,1,0,1,0,0,0.00229,0.0,0,0.0,1
4.475,54,53,2,1,0,0,0,0,0.72222,2.0,0,0.03704,1
5.625,79643,1264,1638,10,8,6,9,389,0.26577,5.00477,50,0.1591,1
5.311,1322,93,19,0,0,0,0,0,0.45234,2.31858,0,0.01513,1
6.526,344847,78238,1804,65,1,4,5,612,0.40729,2.71992,49,0.03494,1
4.829,11901,234,416,1,1,2,1,14,0.16108,6.89723,30,0.29619,1
6.061,504,294,3,1,0,0,0,1,0.59524,3.33333,0,0.02778,1
5.672,597621,91,7383,1,0,0,0,0,9e-05,9.0,0,0.01239,1
4.667,43593,43584,4,1,0,0,18,32,0.30351,7.27273,6,0.00934,1
5.313,1332,85,20,0,0,0,0,1,0.56982,2.22124,0,0.01577,1
4.988,102,39,5,0,0,1,0,2,0.34314,4.5,0,0.11765,1
4.291,233,37,13,0,0,0,0,1,0.26609,3.45455,0,0.3691,1
4.839,5233,5230,2,1,0,2,0,2,0.36136,8.70968,10,0.00134,1
5.194,1476,108,19,0,0,0,0,0,0.50949,2.18103,0,0.01355,1
4.802,33,32,2,1,0,0,0,1,0.42424,9.0,0,0.06061,1
4.418,24,24,1,1,0,0,0,1,0.45833,6.0,0,0.04167,1
5.598,56079,540,1616,1,6,1,8,26,0.29719,5.36881,42,0.14387,1
5.537,107,81,5,0,0,0,0,0,0.28037,0.0,0,0.13084,1
5.519,66198,785,1524,6,7,2,8,323,0.26871,4.93714,48,0.18158,1
4.961,100,45,5,0,0,0,0,2,0.25,5.0,0,0.16,1
5.728,108212,18185,274,4,24,8,21,258,0.28237,5.6383,54,0.05964,1
5.398,9446,193,344,1,2,0,1,17,0.22158,9.44167,50,0.18029,1
5.446,233,72,7,0,0,0,0,2,0.33047,6.5,0,0.09013,1
4.653,5062,597,169,0,0,0,0,0,0.14382,8.69792,19,0.33821,1
6.017,50675,50259,19,1,0,2,0,0,0.03564,6.0,0,0.00049,1
5.459,13465,424,352,0,1,0,1,10,0.30085,8.53947,15,0.19428,1
6.009,99422,99420,3,0,0,0,0,0,0.03588,5.0,0,8e-05,1
4.969,195,109,4,1,0,1,0,2,0.40513,7.8,0,0.0359,1
5.419,1912,66,76,0,1,0,6,6,0.2636,5.94203,0,0.10251,1
4.182,224,53,9,0,0,0,0,2,0.64732,3.14286,0,0.24554,1
5.019,1486,98,20,0,0,0,0,0,0.40713,2.73881,1,0.01413,1
5.751,7264,5173,57,0,0,22,0,14,0.3092,4.85,0,0.05548,1
5.208,1466,118,18,0,0,0,0,0,0.40314,2.88462,2,0.01296,1
5.153,1476,104,19,0,0,0,0,0,0.40515,2.44538,1,0.01355,1
3.213,740,123,27,1,0,0,0,1,0.83784,6.875,0,0.03919,1
5.025,54344,2220,1308,2,1,0,7,95,0.28042,6.28931,85,0.27814,1
6.253,294,50,25,1,1,0,0,2,0.56463,3.0,0,0.15306,1
5.296,356,89,9,2,0,1,0,0,0.22472,9.0,2,0.11798,1
5.147,226,43,14,1,0,0,0,2,0.34956,5.05882,0,0.09292,1
3.385,163172,162878,9,0,0,0,0,0,0.26183,0.0,0,0.00058,1
4.775,67,66,2,1,0,0,0,1,0.47761,2.66667,0,0.04478,1
4.589,77897,1422,1188,0,0,0,0,1,0.32209,4.77839,0,0.2026,1
5.176,62,61,2,1,0,1,0,0,0.22581,0.0,0,0.04839,1
5.756,64151,452,1576,1,6,12,12,169,0.27443,5.05459,34,0.11727,1
5.317,416,116,23,0,0,0,0,0,0.33413,2.53333,0,0.10337,1
3.434,246,117,6,0,0,0,0,0,0.87398,2.0,0,0.03659,1
5.813,134464,2657,2736,4,8,11,11,4,0.22782,5.59437,269,0.09693,1
4.796,56,25,4,0,0,0,0,1,0.30357,7.66667,0,0.10714,1
4.745,74,38,4,2,0,0,0,1,0.5,6.0,0,0.14865,1
4.688,32,32,1,1,0,0,0,1,0.40625,9.0,0,0.03125,1
5.165,192,56,9,0,0,0,3,2,0.31771,4.0,0,0.04688,1
4.496,67,31,4,1,0,0,0,1,0.34328,6.0,0,0.23881,1
3.999,37,37,1,0,0,0,0,3,0.51351,6.0,0,0.0,1
5.621,78059,1240,1629,10,8,6,9,389,0.26554,5.00477,50,0.16192,1
5.821,11893,2809,226,0,4,0,0,2,0.16346,6.0,0,0.10552,1
5.676,313748,91,3878,1,0,0,0,0,0.00018,9.0,0,0.01244,1
4.178,50,49,2,0,0,0,0,3,0.64,5.0,0,0.04,1
5.612,161917,2289,3168,4,36,9,14,24,0.26834,5.71725,376,0.12017,1
4.459,27,26,2,0,1,0,0,1,0.40741,5.0,0,0.11111,1
4.594,37,37,1,0,0,0,0,1,0.54054,3.33333,0,0.02703,1
4.721,87,22,9,0,0,0,0,0,0.42529,3.0,0,0.13793,1
4.932,106,41,5,0,0,1,0,2,0.33962,5.0,0,0.12264,1
6.05,24937,238,118,0,0,0,0,1,0.04339,6.5,0,0.00493,1
5.672,604827,83,7566,1,0,0,0,0,8e-05,9.0,0,0.01255,1
6.039,110266,107909,108,1,0,2,0,0,0.03595,9.0,0,0.00285,1
3.681,40,40,1,0,0,0,0,0,0.9,2.0,0,0.025,1
5.019,156,23,12,2,0,0,0,1,0.28205,5.875,0,0.08974,1
5.618,4934,451,229,1,1,1,0,44,0.30867,5.66087,4,0.1291,1
5.904,111839,7566,2030,4,4,5,5,533,0.2949,5.91744,132,0.09597,1
4.854,96,35,5,0,0,1,0,2,0.36458,4.5,0,0.09375,1
5.759,2906,2906,1,0,0,0,0,0,0.11184,6.625,1,0.10633,1
4.831,54,45,3,0,0,0,0,1,0.33333,9.0,0,0.07407,1
5.297,37240,256,1011,0,3,2,3,4,0.24782,6.47353,57,0.21071,1
5.231,144,67,8,0,0,0,0,1,0.29167,9.0,0,0.125,1
5.004,715,59,36,0,0,1,5,3,0.26573,3.75758,0,0.26014,1
5.672,597621,91,7383,1,0,0,0,0,9e-05,9.0,0,0.01239,1
4.78,121,73,6,0,0,0,0,1,0.42975,3.16667,0,0.04132,1
4.42,477,185,8,1,0,0,0,0,0.42348,5.89474,4,0.07757,1
5.449,2265,311,108,0,0,0,0,1,0.28433,7.71875,9,0.0989,1
5.018,358,54,22,1,0,0,0,0,0.27654,4.73684,0,0.18436,1
5.768,169047,167784,3,1,0,0,0,0,0.00489,10.0,0,0.00012,1
5.263,14136,187,343,0,1,0,0,0,0.24696,6.34937,25,0.13993,1
5.619,77915,1240,1624,10,8,6,9,385,0.26526,5.00068,50,0.16189,1
5.722,130208,130195,4,1,0,1,0,0,0.00319,2.0,0,5e-05,1
5.563,15526,310,503,2,0,0,4,46,0.31637,6.22581,39,0.0818,1
5.092,2976,78,128,0,2,0,0,0,0.33804,2.97059,0,0.13239,1
5.701,21788,2793,652,0,6,0,2,13,0.1834,6.27333,4,0.14797,1
5.131,1183,130,63,0,0,1,0,16,0.29924,5.2381,0,0.18681,1
6.015,11839,204,60,1,0,3,0,0,0.0408,0.0,0,0.00515,1
6.011,25172,25140,2,1,0,2,0,0,0.03544,0.0,0,0.00068,1
5.317,485,123,10,0,0,0,0,3,0.32577,6.66667,0,0.09072,1
5.944,153046,39948,2720,6,9,6,12,493,0.21298,6.26232,107,0.08182,1
6.097,171523,40328,2479,11,8,13,13,62,0.18784,7.06816,289,0.08603,1
5.02,87257,9100,2301,2,7,3,5,152,0.14361,5.99391,31,0.34076,1
5.483,22000,492,583,0,0,0,0,84,0.27314,5.46479,6,0.11873,1
5.398,9446,193,344,1,2,0,1,17,0.22158,9.44167,50,0.18029,1
5.738,11069,120,97,1,0,0,0,0,0.00316,9.0,0,0.00876,1
5.57,227833,227759,7,1,0,0,0,0,0.00089,23.0,33,8e-05,1
4.749,5793,71,194,1,0,0,0,3,0.18298,7.37931,11,0.36855,1
5.625,156895,3345,3030,4,36,9,13,20,0.27025,5.72339,378,0.11547,1
4.545,163,77,6,1,0,0,0,0,0.25153,0.0,0,0.33129,1
3.381,97429,97135,9,0,0,0,0,0,0.26744,0.0,0,0.00098,1
4.209,118,25,20,0,0,0,0,0,0.55085,2.13333,0,0.16102,1
6.022,130152,128725,51,1,0,2,0,8,0.03945,7.84211,1,0.00148,1
4.955,16453,1152,340,0,0,2,2,0,0.28086,8.94763,247,0.2312,1
5.23,1469,104,19,0,0,0,0,0,0.51191,2.13445,0,0.01361,1
4.589,58,58,1,0,1,0,0,2,0.44828,3.2,0,0.03448,1
5.389,743,87,27,0,0,0,0,6,0.32436,6.46154,0,0.08345,1
5.912,1718,91,20,0,0,0,0,0,0.38591,7.76271,11,0.13271,1
5.91,134087,134086,2,1,0,1,0,1,0.0281,8.93023,29,0.00045,1
5.507,66032,785,1519,6,7,2,8,320,0.26686,4.92015,49,0.1824,1
5.884,3568,1203,76,1,0,4,0,4,0.18778,5.66667,0,0.06278,1
4.755,88,87,2,0,0,0,0,1,0.39773,5.6,0,0.09091,1
5.909,135603,39949,2488,6,9,3,21,317,0.19826,5.98401,55,0.0987,1
5.796,228,72,12,1,0,0,0,4,0.44737,5.0,0,0.05263,1
4.969,46,14,7,1,0,0,0,1,0.52174,6.0,0,0.17391,1
5.344,8100,454,222,0,4,0,0,2,0.19852,6.0,0,0.15148,1
5.211,109825,34835,305,0,0,108,0,73,0.2369,25.99388,305,0.08654,1
5.975,1605,101,19,0,0,0,0,0,0.37882,7.56923,16,0.11402,1
5.435,9301,150,339,0,0,0,3,42,0.30438,5.17588,0,0.13826,1
4.986,830,70,51,0,1,0,0,0,0.25542,7.275,2,0.17711,1
5.292,65648,1403,1783,3,11,15,13,194,0.24395,6.32987,53,0.2197,1
4.655,558,204,8,2,0,0,0,1,0.40681,6.175,5,0.07706,1
4.994,168,38,11,2,0,0,0,1,0.375,5.0,0,0.08929,1
5.61,44204,509,1309,1,7,0,9,144,0.31137,6.22434,85,0.15809,1
5.458,11059,267,256,7,12,0,0,28,0.19577,6.57831,0,0.14613,1
5.929,309084,30070,6486,9,32,15,21,840,0.2454,5.88262,287,0.10489,1
6.01,77211,77210,2,0,0,0,0,0,0.03335,3.25,0,3e-05,1
4.614,72,32,4,0,0,0,0,1,0.27778,9.0,2,0.18056,1
6.102,21192,609,256,1,0,2,0,6,0.04837,6.94118,0,0.0126,1
5.351,3533,3532,2,1,0,0,0,0,0.21738,17.0,23,0.02689,1
5.2,1466,122,18,0,0,0,0,0,0.40314,2.85385,1,0.01296,1
5.259,232,137,4,0,0,0,0,3,0.29741,9.0,0,0.03879,1
5.009,62,20,6,1,0,0,0,1,0.37097,4.33333,0,0.09677,1
5.155,1456,126,17,0,0,0,0,0,0.50687,2.10345,0,0.01236,1
5.499,34413,486,829,0,0,0,0,0,0.17973,0.0,0,0.12914,1
6.002,74195,74186,3,1,0,4,0,0,0.03314,0.0,0,3e-05,1
5.337,242,113,3,0,1,0,0,2,0.30165,6.5,0,0.09917,1
5.458,11059,267,256,7,12,0,0,28,0.19577,6.57831,0,0.14613,1
5.322,115,114,2,0,0,0,0,3,0.38261,6.0,0,0.02609,1
5.69,55344,54880,16,1,0,2,0,0,0.00313,7.33333,0,0.00192,1
5.446,233,72,7,0,0,0,0,2,0.33047,6.5,0,0.09013,1
5.667,15268,15267,2,0,0,97,0,27,0.35152,4.84368,0,0.02089,1
4.757,7229,2505,165,1,1,1,0,7,0.24927,6.11111,0,0.05561,1
5.183,70500,1716,1461,3,10,6,17,283,0.21311,5.41096,71,0.24647,1
5.819,86604,130,1192,0,0,0,0,2,0.04651,8.0,0,0.04152,1
5.347,30416,634,989,1,7,2,5,16,0.26983,6.13347,75,0.16389,1
5.753,226923,226916,3,1,0,1,0,0,0.00414,0.0,0,1e-05,1
5.798,196056,194924,4,1,0,0,0,0,0.00577,10.0,0,2e-05,1
5.555,66182,436,1990,3,8,4,10,25,0.28227,6.44363,70,0.14826,1
4.554,6765,112,236,0,0,0,0,17,0.18684,5.74569,9,0.34664,1
3.437,417,97,11,0,0,0,0,0,0.93046,2.65333,0,0.06235,1
6.087,1647,1550,7,1,0,3,0,0,0.08075,0.0,0,0.00486,1
6.016,27419,27374,9,1,0,0,0,0,0.03439,0.0,0,0.00047,1
4.593,36,27,3,1,0,0,0,1,0.38889,9.0,0,0.16667,1
5.02,87257,9100,2301,2,7,3,5,152,0.14361,5.99391,31,0.34076,1
5.618,86919,3144,1413,1,10,0,22,306,0.30128,5.30988,75,0.05917,1
5.671,948460,91,11714,1,0,0,0,0,6e-05,9.0,0,0.01238,1
4.776,52387,465,1233,0,21,0,6,10,0.23065,5.76661,85,0.31057,1
4.922,58,49,3,0,0,0,0,1,0.41379,9.0,0,0.08621,1
5.55,174,113,6,0,0,2,1,0,0.23563,0.0,0,0.03448,1
5.878,762,272,6,0,0,0,0,0,0.62467,2.5,0,0.06693,1
4.698,59,50,3,0,0,0,0,1,0.44068,9.0,0,0.08475,1
3.365,153295,152971,10,1,0,1,0,0,0.25462,0.0,0,0.00062,1
5.411,147,78,4,1,0,1,0,3,0.30612,5.33333,0,0.10204,1
5.221,1469,105,19,0,0,0,0,1,0.40708,2.76692,1,0.01361,1
5.982,2262,977,46,1,0,4,0,2,0.14898,5.875,0,0.08046,1
6.013,25911,25791,5,1,0,2,0,0,0.03408,3.5,0,0.00023,1
5.959,133680,39947,2210,6,9,9,14,406,0.20518,6.1853,44,0.06975,1
5.528,74747,482,2144,2,8,4,10,30,0.28705,6.23009,76,0.14651,1
6.066,577856,66048,8131,6,155,39,195,658,0.14453,5.49822,100,0.05703,1
6.164,1497,84,19,0,0,0,0,0,0.39345,7.06452,11,0.06413,1
6.05,24937,238,118,0,0,0,0,1,0.04339,6.5,0,0.00493,1
4.278,72,25,6,1,0,0,0,0,0.51389,2.0,0,0.29167,1
5.112,2765,91,101,0,0,0,0,7,0.24159,5.71429,0,0.18662,1
5.322,382,71,23,1,0,0,3,3,0.29843,4.4,0,0.07068,1
5.09,9478,242,322,1,10,0,0,24,0.25026,7.13861,16,0.28782,1
4.021,489401,492,11475,28,22,3,1,16,0.12353,6.65533,287,0.46033,1
5.244,335,55,19,0,0,0,0,1,0.28657,5.0,0,0.10746,1
6.01,36738,36642,5,1,0,2,0,0,0.0319,6.5,0,0.00041,1
5.436,133221,2283,2822,3,42,10,13,71,0.29412,5.72656,357,0.12943,1
6.031,34574,34231,21,1,0,2,0,0,0.03552,6.0,0,0.00159,1
4.589,77897,1422,1188,0,0,0,0,1,0.32209,4.77839,0,0.2026,1
5.155,1456,121,17,1,0,0,0,1,0.50687,2.30709,0,0.01236,1
5.107,1466,116,18,0,0,0,0,0,0.40314,2.89231,2,0.01296,1
5.749,126885,635,1612,0,0,0,0,0,0.04603,7.16667,7,0.01339,1
5.126,1249,128,52,0,0,0,0,2,0.31705,4.37037,0,0.18575,1
4.902,107,41,10,0,0,1,0,1,0.37383,2.85714,0,0.1215,1
4.849,49,49,1,1,0,0,0,1,0.30612,6.0,0,0.02041,1
5.272,852,161,33,0,0,0,0,5,0.28991,8.26316,6,0.14085,1
5.672,438827,91,5356,1,0,0,0,0,0.00013,9.0,0,0.01226,1
6.101,63224,281,1411,0,20,5,14,45,0.11654,6.24453,47,0.08582,1
6.013,38202,38092,5,1,0,2,0,0,0.03343,6.66667,0,0.00047,1
5.293,198,73,6,0,0,0,0,1,0.29798,6.66667,0,0.10101,1
5.627,185789,11589,3280,6,56,12,20,61,0.23591,5.69261,366,0.13433,1
5.574,1717,114,60,0,1,0,4,7,0.26558,5.5,0,0.10483,1
5.499,93274,941,2723,4,8,7,10,30,0.27876,6.33602,93,0.1614,1
5.884,3568,1203,76,1,0,4,0,4,0.18778,5.66667,0,0.06278,1
5.673,758495,91,9369,1,0,0,0,0,7e-05,9.0,0,0.01238,1
4.37,121013,113112,292,0,0,0,0,35,0.01889,5.80392,0,0.00803,1
5.668,92156,89944,36,1,0,1,0,0,0.00574,3.0,0,0.00087,1
4.859,6006,380,65,3,0,12,0,0,0.17849,12.68511,193,0.14652,1
6.013,70660,70434,12,1,0,0,0,0,0.03368,4.6,0,0.0005,1
5.269,6629,387,217,0,0,0,2,12,0.19505,8.93125,52,0.17378,1
2.82,419,419,1,1,0,0,0,0,0.14081,6.33333,0,0.63246,1
6.082,48669,428,1214,4,5,2,2,83,0.20171,6.08968,61,0.08219,1
5.221,183,42,8,0,0,0,0,1,0.36612,4.16667,0,0.08197,1
6.038,100940,160,648,0,0,0,0,0,0.03612,5.0,0,0.00805,1
4.414,25942,138,634,0,0,0,6,0,0.20334,5.6413,11,0.41234,1
4.98,10477,10184,8,0,2,2,0,0,0.24053,6.0,0,0.06452,1
5.946,224027,35948,4584,8,9,4,8,23,0.21505,6.25448,207,0.0866,1
4.149,94,33,5,0,0,0,0,0,0.58511,2.0,0,0.24468,1
3.693,335,171,9,1,0,0,0,2,0.23881,4.0,0,0.48657,1
4.67,44,35,3,1,0,0,0,0,0.40909,8.0,0,0.13636,1
5.672,1426784,91,17839,1,0,0,0,0,4e-05,9.0,0,0.01252,1
5.564,121099,2502,2616,2,11,0,25,450,0.29342,5.25496,77,0.06084,1
3.774,15,14,2,0,0,0,0,1,0.66667,5.0,0,0.06667,1
5.618,77355,1240,1621,10,8,6,9,385,0.26567,5.00068,50,0.16287,1
4.942,99,38,5,0,0,1,0,2,0.35354,4.5,0,0.09091,1
5.855,1943,94,22,0,0,0,0,0,0.38394,7.13793,9,0.1508,1
6.044,31103,120,266,1,0,2,0,0,0.03868,7.0,0,0.00945,1
4.837,57248,57245,2,1,1,0,6,53,0.32812,8.89078,88,0.00676,1
4.467,141,73,4,0,0,0,0,1,0.4539,4.0,0,0.10638,1
6.062,22979,243,1039,0,0,1,0,12,0.18495,9.03594,268,0.12681,1
5.388,11627,162,378,0,3,0,2,19,0.28202,5.65031,4,0.16599,1
5.585,124944,7487,3871,6,13,7,19,229,0.24059,5.74274,81,0.16479,1
4.891,107,41,5,0,0,0,0,2,0.41121,4.5,0,0.11215,1
6.006,1307,87,16,0,0,0,0,0,0.39709,7.4,9,0.09717,1
4.066,1165,1165,1,0,0,0,0,0,0.49785,2.0,0,0.00343,1
5.793,584174,116024,6945,5,55,12,30,133,0.09254,5.68622,370,0.04554,1
5.671,666973,86,8139,1,0,0,0,0,8e-05,9.0,0,0.01224,1
5.519,66198,785,1524,6,7,2,8,323,0.26871,4.93714,48,0.18158,1
5.673,686,113,17,0,0,4,1,0,0.22449,3.0,0,0.19971,1
4.437,6796,123,287,0,0,0,0,0,0.11242,7.80583,15,0.31813,0
4.468,1723,91,71,0,0,0,0,0,0.12652,7.93548,3,0.29774,0
4.492,273,53,15,0,0,0,0,0,0.11722,5.0,0,0.24542,0
4.458,1418,96,46,0,0,0,1,0,0.07828,7.88889,0,0.26305,0
4.552,898,84,35,0,0,0,0,0,0.11247,6.75,4,0.24499,0
4.507,13582,108,457,0,0,0,0,1,0.16721,10.62019,119,0.3339,0
5.124,573,162,21,0,0,0,0,0,0.15707,0.0,0,0.13089,0
4.513,11223,96,339,0,0,0,0,5,0.1627,8.91509,66,0.34456,0
4.574,1586,84,64,0,0,0,0,0,0.12169,3.91304,0,0.33733,0
4.635,3516,138,131,0,0,0,0,0,0.16013,6.03947,0,0.28356,0
4.868,622,78,26,0,0,0,0,0,0.09646,0.0,0,0.15916,0
4.981,897,90,36,0,0,0,0,0,0.10256,16.5,3,0.23746,0
4.658,9401,147,323,0,0,0,0,0,0.12967,7.25153,10,0.2637,0
4.426,645,65,28,0,0,0,0,0,0.10078,8.4,4,0.25426,0
4.746,875,84,38,0,0,0,0,0,0.10057,7.0,0,0.19543,0
4.319,620,53,33,0,0,0,0,0,0.12097,11.0,7,0.32581,0
4.387,18526,120,523,0,0,0,0,0,0.13365,9.10582,75,0.37067,0
4.454,10540,86,293,0,0,0,0,0,0.07505,6.46667,0,0.28188,0
4.6,512,90,20,0,0,0,0,0,0.09961,6.75,2,0.21875,0
4.634,5846,133,198,0,0,0,0,0,0.13667,7.85124,19,0.27523,0
4.45,7647,94,355,0,0,0,0,0,0.12593,6.19565,15,0.32706,0
4.642,3418,144,134,0,0,0,0,0,0.10942,6.57692,4,0.26741,0
4.643,681,73,37,0,0,0,0,0,0.09692,0.0,0,0.24816,0
4.688,9409,99,313,0,1,0,2,0,0.13338,9.02273,68,0.31587,0
4.749,1094,95,47,0,0,0,0,0,0.21846,5.42105,0,0.25046,0
4.574,4424,126,124,0,0,0,0,0,0.11822,10.62766,48,0.2717,0
4.724,933,65,38,0,0,0,0,0,0.18542,10.26923,15,0.22294,0
4.377,42543,119,1161,0,0,0,0,2,0.14538,8.06031,209,0.37799,0
4.376,2207,71,109,0,0,0,0,0,0.11328,7.19048,0,0.31083,0
4.539,129,55,11,0,0,0,0,0,0.06977,0.0,0,0.14729,0
4.746,4862,93,161,0,0,0,0,0,0.09811,11.05556,29,0.29741,0
5.026,6617,200,230,0,0,0,0,3,0.18075,8.54651,24,0.21218,0
4.587,754,70,37,0,0,0,0,0,0.12202,9.44444,3,0.27188,0
4.403,8640,159,268,0,0,0,0,0,0.10845,10.87821,91,0.28194,0
4.918,5248,118,144,0,0,0,0,0,0.09737,7.21875,6,0.22923,0
4.681,120,62,9,0,0,0,0,0,0.075,0.0,0,0.13333,0
4.595,1469,102,49,0,0,0,0,0,0.20899,5.72727,0,0.28523,0
4.316,10406,208,307,0,0,0,0,0,0.14838,9.0119,67,0.37469,0
4.5,257,39,18,0,0,0,0,0,0.1284,0.0,0,0.2607,0
4.969,2600,200,88,0,0,0,0,0,0.12385,6.76316,0,0.20231,0
4.856,1857,83,85,0,0,0,0,0,0.14755,9.85294,22,0.27733,0
4.997,5297,96,128,0,0,0,0,0,0.19011,3.47059,0,0.26524,0
4.497,15556,117,413,0,0,0,0,3,0.14702,10.48024,170,0.3274,0
5.168,1327,80,33,0,0,0,0,0,0.0633,0.0,0,0.19141,0
4.725,82293,145,1182,0,0,0,0,0,0.17966,9.0,0,0.18044,0
4.614,14930,109,551,0,0,0,0,0,0.11849,7.51579,29,0.27904,0
4.663,310,89,12,0,0,0,0,0,0.12903,6.0,0,0.19677,0
4.154,9704,115,326,0,0,0,0,0,0.15932,8.65517,35,0.43549,0
4.76,785,105,33,0,0,0,0,0,0.10701,5.0,0,0.19236,0
5.28,2204,113,87,0,0,0,0,15,0.22323,6.06897,3,0.17967,0
4.672,1590,87,63,0,0,0,0,1,0.12075,9.83871,9,0.23711,0
4.679,53143,151,1813,0,0,0,0,0,0.10511,5.44841,3,0.21077,0
4.668,692,71,40,0,0,0,0,0,0.1026,5.2,0,0.27601,0
4.773,1211,104,49,0,0,0,0,0,0.16185,6.63636,0,0.25186,0
4.706,11572,112,331,3,0,0,0,0,0.15097,11.34706,69,0.32648,0
4.825,1102,174,35,0,0,0,0,0,0.08802,7.83333,2,0.18784,0
4.583,27564,117,817,0,0,0,0,5,0.15988,7.08267,129,0.34926,0
4.855,4740,217,131,0,0,0,0,0,0.1789,8.02041,20,0.23945,0
4.396,782,61,36,0,0,0,0,0,0.10358,9.0,2,0.29028,0
4.537,5699,110,178,0,0,0,0,0,0.14687,7.33654,18,0.31286,0
4.615,988,81,43,0,0,0,0,0,0.11032,5.71429,0,0.25405,0
4.546,2550,98,75,0,0,0,1,0,0.14784,12.33333,20,0.27569,0
4.496,1094,54,59,0,0,0,0,0,0.13437,6.58824,0,0.32907,0
4.449,647,85,28,0,0,0,0,0,0.24884,7.0,0,0.31994,0
4.693,983,74,46,0,0,0,0,0,0.11089,6.71429,0,0.24619,0
4.853,4538,155,155,0,3,0,0,0,0.16042,7.7093,19,0.28316,0
4.82,462,86,20,0,0,0,0,0,0.07576,0.0,0,0.15368,0
4.487,4925,127,203,0,0,0,0,0,0.11208,7.75862,6,0.31959,0
4.742,1822,83,66,0,0,0,0,0,0.17398,7.13235,11,0.21076,0
4.68,308,89,12,0,0,0,0,0,0.12987,6.0,0,0.19805,0
4.596,1029,68,61,0,0,0,0,0,0.13411,5.0,0,0.32556,0
4.832,12227,103,430,0,0,0,0,0,0.1064,6.42446,4,0.1998,0
5.321,19567,142,641,0,3,0,2,0,0.17335,6.97387,46,0.17913,0
4.717,1264,104,54,0,0,0,0,0,0.13133,6.4,0,0.26108,0
5.046,69781,291,3157,0,2,0,0,0,0.09556,5.31579,3,0.21904,0
4.451,1938,70,94,0,0,0,0,0,0.11094,9.14815,12,0.3065,0
4.445,16149,171,532,0,0,0,0,0,0.12793,7.52744,38,0.32937,0
4.434,827,76,36,0,0,0,0,0,0.10641,7.66667,0,0.2769,0
4.586,7011,174,257,0,0,0,0,0,0.15618,6.2437,10,0.31023,0
4.456,2122,95,87,1,0,0,0,0,0.13101,7.65714,1,0.295,0
4.776,2841,172,49,0,0,0,0,0,0.12812,8.16279,0,0.12073,0
5.022,3628,97,102,0,0,0,0,0,0.14746,13.0,4,0.11466,0
4.653,2518,90,100,0,0,0,0,0,0.09929,6.59091,5,0.2502,0
4.555,4872,110,173,0,0,1,0,0,0.14655,6.89691,10,0.30952,0
4.997,679,109,27,0,0,0,0,0,0.12813,6.0,0,0.15317,0
4.58,1680,72,76,0,0,0,0,0,0.13988,5.52381,1,0.29881,0
4.558,62921,120,1016,0,0,0,0,0,0.14723,8.28261,15,0.28491,0
4.785,517,84,27,0,0,0,0,0,0.12186,11.0,3,0.18375,0
4.855,1794,146,53,0,0,0,0,0,0.13712,6.82857,3,0.17781,0
4.916,2860,155,42,0,0,0,0,0,0.09965,6.61224,5,0.14266,0
4.199,4263,79,127,0,0,0,0,0,0.35703,0.0,0,0.2076,0
4.658,309,89,12,0,0,0,0,0,0.12945,6.0,0,0.19741,0
4.68,12628,117,370,0,0,0,0,0,0.16321,5.32685,14,0.3048,0
4.767,1456,156,51,0,0,0,0,0,0.14286,6.75,2,0.23146,0
4.534,4247,103,139,0,0,0,0,0,0.13892,8.3038,22,0.34636,0
4.75,463,91,14,0,0,0,0,0,0.18575,6.0,0,0.17927,0
5.12,5228,304,167,0,0,0,0,9,0.22628,9.46939,16,0.19166,0
4.749,11609,119,278,0,0,0,0,0,0.11827,13.71667,99,0.27496,0
4.839,496,94,22,0,0,0,0,0,0.08468,0.0,0,0.15726,0
5.065,82324,230,2670,0,0,2,0,72,0.19675,8.35215,303,0.20806,0
4.697,1487,148,55,0,0,0,0,0,0.115,10.0,0,0.30464,0
4.638,16350,157,396,0,0,0,0,0,0.15945,7.46898,80,0.28428,0
4.606,2074,127,44,0,0,0,0,0,0.17117,10.90909,1,0.12922,0
4.47,1472,83,64,0,0,0,0,0,0.13451,4.81818,1,0.3159,0
4.562,2424,184,83,0,0,0,0,0,0.12706,6.69697,4,0.24794,0
4.767,100,54,8,0,0,0,0,0,0.11,0.0,0,0.11,0
5.092,557,158,21,0,0,0,0,0,0.15081,0.0,0,0.13465,0
4.699,2452,219,77,0,0,0,0,0,0.12398,7.32558,8,0.23083,0
4.821,441,74,24,0,0,0,0,0,0.09751,9.0,0,0.20862,0
4.695,1120,74,44,0,0,0,0,2,0.16607,7.7619,4,0.26696,0
4.408,710,78,29,0,0,0,0,0,0.11268,6.75,4,0.26761,0
4.597,1164,84,50,0,0,0,0,0,0.11684,7.0,1,0.28093,0
4.525,3104,79,129,0,0,0,0,0,0.12113,7.57143,0,0.30058,0
4.699,309,89,12,0,0,0,0,0,0.12945,6.0,0,0.19741,0
4.715,84,83,2,0,0,0,0,0,0.21429,0.0,0,0.09524,0
4.609,1866,135,76,0,0,0,0,0,0.09807,0.0,0,0.24009,0
4.579,1501,70,57,0,0,0,0,1,0.13458,12.88889,8,0.31246,0
4.658,1191,89,44,0,0,0,0,0,0.12846,8.5625,3,0.25777,0
4.778,6848,94,220,1,0,1,0,2,0.15917,7.68421,10,0.31162,0
4.434,1549,72,76,0,0,0,0,0,0.12718,6.30435,3,0.30342,0
4.761,1903,80,75,0,0,0,0,1,0.14871,7.625,5,0.25959,0
4.186,2330,84,107,0,0,0,0,0,0.13047,7.07843,3,0.36438,0
4.729,98,52,8,0,0,0,0,0,0.11224,0.0,0,0.11224,0
4.224,17865,91,545,0,0,0,0,0,0.16804,4.72727,22,0.44316,0
4.629,1598,120,59,0,0,0,0,0,0.12328,6.33333,2,0.28786,0
4.644,1392,104,58,0,0,0,0,0,0.13434,11.66667,4,0.24856,0
4.72,2750,140,96,0,0,0,0,0,0.12073,6.35294,1,0.26764,0
4.486,304,53,16,0,0,0,0,0,0.11184,10.0,0,0.26316,0
4.32,520,60,28,0,0,0,0,0,0.09038,0.0,0,0.28462,0
4.508,109,51,9,0,0,0,0,0,0.08257,0.0,0,0.14679,0
5.029,5021,182,169,0,0,0,0,0,0.13384,6.05085,4,0.23601,0
4.892,104,58,8,0,0,0,0,0,0.10577,0.0,0,0.10577,0
4.913,19228,119,498,0,0,0,0,0,0.14494,13.24823,197,0.24371,0
4.823,1223,126,57,0,0,0,0,0,0.1251,8.19048,3,0.26247,0
4.721,8310,121,237,0,0,0,0,0,0.10734,6.53509,0,0.19134,0
4.526,1552,113,70,0,0,0,0,0,0.12436,11.5,6,0.29124,0
4.419,1861,85,83,0,0,0,0,0,0.11553,5.13333,0,0.32241,0
4.683,308,89,12,0,0,0,0,0,0.12987,6.0,0,0.19805,0
4.493,593,65,27,0,0,0,0,0,0.09949,7.0,0,0.24958,0
4.551,114,44,11,0,0,0,0,0,0.07895,0.0,0,0.16667,0
4.704,715,74,44,0,0,0,0,0,0.12587,4.42857,0,0.26993,0
4.557,16197,192,550,0,0,0,0,0,0.12274,6.175,20,0.29888,0
4.627,916,74,47,0,0,0,0,0,0.12773,5.88235,0,0.26965,0
4.575,395,84,18,0,0,0,0,0,0.12152,7.28571,0,0.25063,0
4.835,32216,168,1222,0,0,0,0,0,0.08347,9.03731,44,0.21101,0
4.84,132,38,12,0,0,0,0,0,0.13636,0.0,0,0.13636,0
4.533,2403,102,93,0,0,0,0,0,0.12692,8.47368,7,0.29338,0
4.352,3033,84,131,0,0,0,0,0,0.12199,5.53704,0,0.32806,0
4.917,299,188,6,0,0,0,0,0,0.19064,8.0,0,0.09365,0
4.493,798,77,35,0,0,0,0,0,0.10401,7.54545,2,0.31579,0
4.655,3741,87,136,0,0,0,0,3,0.16279,7.69892,11,0.31836,0
4.567,11713,103,447,0,0,0,0,0,0.12798,8.18539,30,0.29309,0
4.676,308,89,12,0,0,0,0,0,0.12987,6.0,0,0.19805,0
4.475,300,92,17,0,0,0,0,0,0.1,7.0,0,0.28667,0
4.686,307,89,12,0,0,0,0,0,0.13029,6.0,0,0.1987,0
5.114,19952,413,519,2,0,0,0,38,0.20349,9.624,69,0.19727,0
4.447,1176,104,52,0,0,0,0,0,0.1233,8.33333,0,0.30357,0
4.505,108,50,9,0,0,0,0,0,0.08333,0.0,0,0.14815,0
5.049,1623,116,64,0,0,0,0,0,0.24584,8.34783,4,0.12384,0
4.63,13377,151,376,0,0,0,0,0,0.15766,6.58632,48,0.31031,0
4.67,8706,118,370,0,0,0,0,0,0.1762,7.56098,17,0.29083,0
4.608,15753,137,584,0,0,0,0,0,0.12791,6.60976,26,0.29277,0
4.658,3381,105,115,0,0,0,0,3,0.14877,7.7,15,0.28867,0
4.52,6073,352,139,0,0,0,0,0,0.15429,7.11801,26,0.33048,0
4.476,12689,83,327,0,0,0,0,0,0.07211,6.29412,0,0.26495,0
4.785,471,74,27,0,0,0,0,0,0.13376,7.25,0,0.2017,0
4.849,1677,111,67,0,0,0,0,0,0.17174,5.83333,0,0.26774,0
4.603,8536,98,371,0,0,0,0,0,0.14773,8.2,6,0.39503,0
4.963,845,310,12,0,0,0,0,0,0.19172,11.0,1,0.15976,0
3.48,3523,22,270,0,0,0,0,0,0.57678,5.8,0,0.37411,0
4.554,8598,123,340,0,0,0,0,0,0.12538,5.94444,7,0.31042,0
4.389,1717,72,65,0,0,0,0,0,0.09668,6.67857,0,0.30285,0
4.223,695,74,41,0,0,0,0,0,0.10072,11.33333,2,0.33669,0
4.829,517,82,29,0,0,0,0,0,0.12186,0.0,0,0.25919,0
4.713,3226,94,117,0,0,0,0,0,0.10539,5.66667,0,0.28642,0
4.634,7793,117,225,0,0,0,0,44,0.17965,8.71429,55,0.30643,0
4.574,1233,74,64,0,0,0,0,0,0.10949,6.05882,2,0.28548,0
4.852,746,74,35,0,0,0,0,0,0.0992,6.2,0,0.24531,0
4.805,652,74,31,0,0,0,0,0,0.09816,0.0,0,0.20245,0
4.745,2773,111,94,0,0,0,0,0,0.13199,8.57692,9,0.25388,0
4.887,250,46,14,0,0,0,0,0,0.168,0.0,0,0.16,0
4.69,642,74,37,0,0,0,0,0,0.12305,0.0,0,0.26168,0
4.77,3822,93,158,0,0,0,0,0,0.1337,6.5,0,0.20539,0
4.625,298,52,20,0,0,0,0,0,0.12416,5.0,0,0.26846,0
4.645,1703,80,79,0,0,0,0,0,0.1286,8.0,0,0.2842,0
4.533,10733,114,428,0,0,0,0,0,0.13333,6.93367,33,0.2974,0
4.819,84,83,2,0,0,0,0,0,0.21429,0.0,0,0.09524,0
3.728,5709,91,245,1,0,0,0,0,0.14416,8.28302,0,0.51848,0
4.486,762,68,43,0,0,0,0,0,0.14042,6.81818,0,0.33071,0
4.644,907,76,41,0,0,0,0,0,0.13341,7.0,1,0.27674,0
4.858,742,74,35,0,0,0,0,0,0.09973,6.2,0,0.24663,0
4.648,1638,105,71,0,0,0,0,0,0.13187,6.46154,3,0.2906,0
4.519,26962,135,934,0,0,0,0,0,0.12822,7.92131,52,0.30209,0
4.391,476,77,21,0,0,0,0,0,0.09454,9.0,2,0.28992,0
5.027,335,113,5,0,0,0,0,0,0.21493,11.0,1,0.11045,0
5.002,542,45,23,0,0,0,0,0,0.09594,0.0,0,0.17712,0
4.567,9894,134,290,0,0,0,0,0,0.13533,7.6,35,0.33677,0
4.788,8234,105,284,0,0,0,0,0,0.19249,4.47273,6,0.33216,0
4.889,594,71,27,0,0,0,0,0,0.14141,7.6,2,0.28956,0
4.563,2270,80,84,0,0,0,0,4,0.14405,8.65385,4,0.33921,0
4.492,1297,90,53,0,0,0,0,0,0.12876,8.0,3,0.28142,0
4.644,906,76,42,0,0,0,0,0,0.14018,3.38462,0,0.31788,0
4.515,3039,108,137,0,0,0,0,0,0.12076,7.125,5,0.30109,0
3.97,31476,119,890,1,0,0,0,15,0.13026,8.09358,196,0.46219,0
4.426,7762,219,277,0,0,0,0,0,0.14133,6.45946,20,0.34051,0
4.692,3107,207,90,0,0,0,0,0,0.18217,6.21127,12,0.30351,0
4.304,585,55,30,0,0,0,0,0,0.10256,5.0,0,0.28034,0
4.808,949,130,20,0,0,0,0,0,0.09694,6.0,0,0.14647,0
4.495,981,62,50,0,0,0,0,0,0.10499,14.28571,5,0.27625,0
4.244,1960,74,74,0,0,0,0,0,0.10408,5.77778,0,0.34235,0
4.544,648,70,28,0,0,0,0,0,0.16358,8.10526,2,0.2963,0
4.432,656,70,42,0,0,0,0,0,0.14939,3.125,0,0.34604,0
4.563,557,74,32,0,0,0,0,0,0.10772,3.0,0,0.2693,0
4.332,417,62,21,0,0,0,0,0,0.10552,7.0,2,0.30695,0
4.532,2071,93,78,0,0,0,0,0,0.12989,7.25,6,0.28923,0
4.485,4031,155,122,0,0,0,0,0,0.16497,7.04762,8,0.32225,0
4.692,13784,173,348,0,0,0,0,0,0.15844,6.6548,22,0.3248,0
4.662,15724,114,426,0,0,0,0,0,0.14303,10.40805,71,0.35665,0
4.185,1433,51,78,0,0,0,0,0,0.12491,5.80645,2,0.36846,0
4.499,134626,158,3792,2,0,0,0,146,0.15129,9.31723,759,0.37139,0
4.73,2260,115,82,0,0,0,0,1,0.15619,8.51923,9,0.28982,0
4.466,52456,134,1857,0,0,0,0,0,0.11964,8.17287,110,0.30662,0
4.315,12430,129,556,0,0,0,0,0,0.12703,7.78974,16,0.36508,0
4.721,135,46,11,0,0,0,0,0,0.08889,0.0,0,0.12593,0
4.626,747,104,29,0,0,0,0,0,0.1178,0.0,0,0.21687,0
4.458,3747,126,163,0,0,0,0,0,0.1297,7.63768,3,0.31545,0
3.48,3523,22,270,0,0,0,0,0,0.57678,5.8,0,0.37411,0
4.847,1040,83,43,0,0,0,0,1,0.17404,7.0,0,0.25,0
4.389,376,79,18,0,0,0,0,0,0.1117,7.25,0,0.2766,0
4.55,145,46,6,0,0,0,0,0,0.26897,0.0,0,0.06897,0
4.492,2755,70,132,0,0,0,0,0,0.13031,5.225,3,0.31361,0
4.818,2867,137,89,0,0,0,0,0,0.10569,11.95652,36,0.23788,0
4.692,3676,147,94,0,0,0,0,0,0.08732,8.15789,10,0.20647,0
4.874,1444,87,70,0,0,0,0,0,0.11773,5.33333,1,0.24861,0
5.141,6990,159,272,0,0,0,0,5,0.2269,10.70588,37,0.18898,0
4.476,2050,115,70,0,0,0,0,0,0.15268,7.9375,7,0.37756,0
4.696,40616,139,1489,0,0,0,9,0,0.1023,7.90092,32,0.2189,0
4.859,1582,152,59,0,0,0,0,0,0.14349,5.92,0,0.2402,0
4.364,107,53,9,0,0,0,0,0,0.08411,0.0,0,0.14953,0
4.458,12801,116,330,0,0,0,0,0,0.18397,6.0,0,0.3738,0
4.997,199,56,14,0,0,0,0,0,0.1206,0.0,0,0.13065,0
4.452,4933,123,161,0,0,0,0,0,0.15265,5.06452,0,0.32536,0
4.484,9279,112,394,0,0,2,0,0,0.11898,6.83851,36,0.32051,0
4.557,68428,166,2370,0,0,0,0,0,0.13221,7.09892,156,0.3047,0
4.465,3114,94,126,0,0,0,0,0,0.11143,7.89474,0,0.29255,0
4.624,521,66,29,0,0,0,0,0,0.08445,5.0,0,0.25144,0
4.797,1297,106,63,0,0,0,0,0,0.12722,6.3,0,0.24518,0
5.024,850,96,22,0,0,0,0,0,0.13765,8.0,0,0.21412,0
4.486,2834,113,98,0,0,0,0,0,0.10409,7.06383,10,0.30099,0
4.484,7149,123,266,0,0,0,0,0,0.13345,8.04202,28,0.30592,0
4.389,91,36,9,0,0,0,0,0,0.0989,0.0,0,0.17582,0
4.6,18590,175,630,0,0,0,0,0,0.12684,7.17848,56,0.27585,0
4.637,12663,260,340,1,0,0,0,0,0.13749,8.46124,61,0.29219,0
4.472,2858,108,105,0,0,0,0,0,0.12351,9.63636,18,0.30651,0
4.571,875,74,47,0,0,0,0,0,0.09943,6.5,0,0.25486,0
4.749,1282,99,43,0,0,0,0,0,0.21295,5.72727,0,0.24103,0
4.78,1877,82,67,0,0,0,0,0,0.13106,8.0,6,0.23548,0
4.287,2611,73,139,0,0,0,0,0,0.14094,8.36,8,0.35619,0
4.78,350,56,20,0,0,0,0,0,0.10857,0.0,0,0.17143,0
4.671,1208,101,52,0,0,0,0,0,0.12831,7.86667,4,0.24338,0
3.48,3523,22,270,0,0,0,0,0,0.57678,5.8,0,0.37411,0
4.742,2060,178,46,0,0,0,0,0,0.16165,6.6,0,0.21553,0
4.966,488,74,24,0,0,0,0,0,0.08811,0.0,0,0.19262,0
4.323,2783,90,100,0,0,0,0,0,0.14265,7.36735,0,0.34387,0
4.606,3483,182,147,0,0,0,0,0,0.13896,6.36842,2,0.28137,0
5.092,4161,121,53,0,0,0,0,0,0.12281,0.0,0,0.04614,0
3.48,3523,22,270,0,0,0,0,0,0.57707,5.8,0,0.37383,0
4.46,578,74,26,0,0,0,0,0,0.15744,9.6,6,0.29066,0
4.637,2871,128,108,0,0,0,0,0,0.12818,7.32143,7,0.27342,0
4.799,504,83,27,0,0,0,0,0,0.125,10.625,3,0.18849,0
4.877,1238,91,48,0,0,0,0,0,0.16317,7.47059,2,0.24233,0
4.732,3876,108,131,1,0,0,0,0,0.15119,7.85185,38,0.30444,0
4.873,791,74,37,0,0,0,0,0,0.10872,6.2,0,0.24905,0
4.782,4759,118,162,0,2,0,1,0,0.15697,10.48529,34,0.26686,0
4.406,447,52,24,0,0,0,0,0,0.10738,5.0,0,0.29978,0
4.611,1110,80,51,0,0,0,0,0,0.11171,6.6,0,0.25135,0
4.354,619,68,38,0,0,0,0,0,0.1357,5.14286,0,0.36026,0
4.649,1702,98,66,0,0,0,0,0,0.12632,6.66667,0,0.27438,0
4.54,459,108,23,0,0,0,0,0,0.09586,5.5,0,0.24837,0
4.285,923,79,43,0,0,0,0,0,0.11918,6.5,0,0.31636,0
4.475,11679,127,380,0,0,0,0,1,0.12835,7.65769,31,0.31861,0
4.715,1235,126,48,0,0,0,0,0,0.13117,6.83333,1,0.24696,0
4.88,1081,128,41,0,0,0,0,0,0.10083,10.57143,2,0.17391,0
4.744,873,131,34,0,0,0,0,0,0.09164,11.6,3,0.16724,0
4.707,884,89,41,0,0,0,0,0,0.09955,8.75,3,0.2319,0
4.928,171,59,13,0,0,0,0,0,0.14035,0.0,0,0.12281,0
3.92,294638,22,21934,0,0,0,0,0,0.60643,5.8,0,0.37211,0
5.116,17880,304,438,0,0,0,0,1,0.22959,12.60581,132,0.15229,0
4.608,3283,132,112,0,0,0,0,0,0.12184,7.25758,13,0.27962,0
5.185,119100,369,3885,5,0,0,0,78,0.21696,7.75317,536,0.2002,0
4.441,2934,104,99,0,0,0,0,0,0.11179,9.47222,7,0.30948,0
4.839,425,78,20,0,0,0,0,0,0.09647,0.0,0,0.16235,0
4.879,8379,213,142,0,0,0,0,0,0.1197,7.30612,14,0.13235,0
4.698,4804,105,181,0,0,0,0,0,0.13593,6.55914,11,0.26894,0
4.624,5170,115,164,0,0,0,0,0,0.15164,5.98246,0,0.31257,0
4.607,1481,102,56,0,0,0,0,0,0.11276,4.07692,0,0.29912,0
4.47,25695,113,904,0,0,0,0,0,0.15812,5.51568,12,0.36054,0
4.563,250,43,15,0,0,0,0,0,0.1,10.0,0,0.256,0
4.31,900,81,39,0,0,0,0,0,0.14111,6.84615,0,0.36222,0
4.4,6157,91,236,0,0,0,0,0,0.11158,8.73626,8,0.29203,0
4.493,8358,119,252,1,0,0,0,0,0.11689,10.7931,28,0.30593,0
4.407,1289,92,55,0,0,0,0,0,0.08766,5.0,0,0.33359,0
4.452,250,52,15,0,0,0,0,0,0.1,7.0,0,0.272,0
4.384,1682,168,37,0,0,0,0,0,0.19679,7.42105,0,0.3038,0
4.642,7373,102,255,0,0,0,0,0,0.17754,6.23009,1,0.36349,0
4.608,9469,106,314,0,0,0,0,0,0.14278,6.93035,32,0.2711,0
4.632,91418,311,2267,6,0,0,0,0,0.17337,7.13048,548,0.30636,0
4.595,2653,160,96,0,0,0,0,0,0.1519,6.3,3,0.32378,0
4.587,656,72,28,0,0,0,0,0,0.1753,8.57895,2,0.29878,0
4.461,6426,101,287,0,0,0,0,0,0.11796,6.78704,12,0.3131,0
4.634,1823,110,78,0,0,0,0,0,0.13988,6.07143,1,0.2847,0
4.488,9569,203,370,0,0,0,0,0,0.14119,6.05702,3,0.3016,0
4.472,3872,110,178,0,0,0,0,0,0.11519,7.11765,15,0.32877,0
4.4,7837,92,347,0,0,0,0,0,0.16665,7.11111,15,0.38701,0
4.493,12269,105,414,2,0,0,0,20,0.1547,6.955,17,0.35374,0
4.4,886,88,46,0,0,0,0,0,0.13544,6.59091,0,0.33747,0
4.705,5333,194,193,0,0,0,0,0,0.14532,5.61111,7,0.30883,0
4.522,391,106,15,0,0,0,0,0,0.08696,10.0,0,0.19693,0
4.401,6613,84,239,0,0,0,0,0,0.17193,2.35156,0,0.42885,0
4.665,2061,85,74,0,0,0,0,0,0.12858,8.05128,6,0.27026,0
4.767,92,46,8,0,0,0,0,0,0.11957,0.0,0,0.11957,0
4.716,3901,126,139,0,0,0,0,0,0.1315,9.27907,45,0.29531,0
4.555,3657,106,147,0,0,0,0,0,0.13235,7.34328,8,0.3131,0
5.082,7864,272,213,0,0,0,0,1,0.19265,8.36066,20,0.17917,0
4.972,515,92,25,0,0,0,0,0,0.0835,10.5,1,0.18058,0
4.48,1752,138,70,0,0,0,0,0,0.11473,6.85185,3,0.26826,0
4.857,1705,225,66,0,0,0,0,0,0.13666,6.28571,2,0.24223,0
4.508,4820,116,176,0,0,0,0,0,0.15602,7.17333,12,0.35622,0
4.781,470,61,25,0,0,0,0,0,0.14894,7.0,0,0.25106,0
4.504,465,122,23,0,0,0,0,0,0.08817,5.5,0,0.26237,0
4.039,28,21,3,0,0,0,0,0,0.17857,0.0,0,0.17857,0
4.67,306,89,12,0,0,0,0,0,0.13072,6.0,0,0.19935,0
4.73,1062,127,51,0,0,0,0,0,0.129,6.94737,1,0.26365,0
4.905,178,65,13,0,0,0,0,0,0.13483,0.0,0,0.11798,0
4.34,763,71,39,0,0,0,0,0,0.11927,11.14286,4,0.30013,0
4.507,940,100,43,0,0,0,0,0,0.11383,7.66667,0,0.29043,0
4.414,3993,102,173,0,0,0,0,0,0.11721,7.15068,2,0.31831,0
4.312,385,60,24,0,0,0,0,0,0.12727,5.0,0,0.33247,0
4.68,311,89,12,0,0,0,0,0,0.12862,6.0,0,0.19614,0
4.763,754,74,35,0,0,0,0,0,0.14191,7.0,0,0.25199,0
4.137,459,44,33,0,0,0,0,0,0.14161,4.6,0,0.39434,0
4.687,29769,176,1103,0,0,0,0,0,0.14861,6.8247,34,0.27562,0
4.475,1093,107,39,0,0,0,0,0,0.09332,10.14286,4,0.25709,0
4.723,2410,117,109,0,0,0,0,0,0.16224,7.3125,0,0.2166,0
4.416,11579,101,508,0,0,0,0,0,0.12549,6.09,4,0.33172,0
4.683,6924,105,187,0,0,0,0,0,0.26358,0.0,0,0.29896,0
4.54,3867,158,110,0,0,0,0,0,0.16473,7.65823,16,0.3354,0
4.776,3261,110,105,0,0,0,0,2,0.17142,7.12308,8,0.28243,0
4.948,738,135,33,0,0,0,0,0,0.1477,8.0,2,0.2832,0
4.328,1905,83,100,0,0,0,0,0,0.13596,7.06452,0,0.34646,0
4.653,3946,106,166,0,0,0,0,0,0.13153,5.35526,0,0.33122,0
4.627,1258,74,57,0,0,0,0,0,0.1089,7.07692,0,0.23529,0
4.82,426,80,22,0,0,0,0,0,0.13615,5.0,0,0.24178,0
4.636,17635,143,656,0,0,0,0,0,0.12776,7.14015,28,0.28341,0
4.474,17315,115,559,0,0,0,0,0,0.14975,6.64508,33,0.36789,0
4.413,3264,117,118,0,0,0,0,0,0.14798,6.74,7,0.35692,0
4.815,2370,105,78,0,0,0,0,0,0.13882,5.21875,0,0.27215,0
4.443,12201,124,504,0,0,0,0,0,0.13065,7.56098,40,0.32112,0
4.766,578,64,35,0,0,0,0,0,0.09343,0.0,0,0.2699,0
4.552,58361,216,2079,0,0,0,0,0,0.13447,6.63186,169,0.31495,0
4.67,256,50,18,0,0,0,0,0,0.125,0.0,0,0.23828,0
4.535,2062,98,84,0,0,0,0,0,0.10912,6.81818,0,0.31135,0
4.307,1129,56,62,0,0,0,0,0,0.124,6.05263,1,0.32684,0
4.587,2451,95,99,0,0,0,0,0,0.10118,7.75,3,0.24888,0
4.492,1626,97,49,0,0,0,0,0,0.14022,10.87179,23,0.29151,0
4.647,727,79,31,0,0,0,0,0,0.08941,7.0,0,0.21183,0
5.095,34437,205,1128,0,0,0,0,0,0.18169,7.85507,113,0.21552,0
4.725,613,74,30,0,0,0,0,0,0.09788,0.0,0,0.19086,0
4.487,276,55,15,0,0,0,0,0,0.11594,5.0,0,0.23913,0
4.782,2060,100,88,0,0,1,0,0,0.14563,5.24324,3,0.27379,0
4.398,4804,79,161,0,0,0,0,0,0.08493,6.53846,0,0.28497,0
4.385,28904,120,968,0,0,0,0,0,0.14392,5.44283,29,0.38195,0
4.624,36906,119,719,0,0,0,0,0,0.15626,0.0,0,0.28275,0
4.98,18146,126,721,0,0,0,0,0,0.103,7.36296,0,0.20418,0
4.691,1587,99,66,1,0,0,0,0,0.19219,6.69231,0,0.29931,0
4.381,29620,118,903,0,0,0,0,0,0.15142,6.20346,119,0.37154,0
4.308,25823,119,521,0,0,0,0,5,0.12593,7.20354,15,0.34814,0
4.315,3178,90,86,0,0,0,0,0,0.09755,8.52632,24,0.30271,0
4.632,39264,202,1362,0,0,0,0,0,0.11384,6.82217,11,0.27455,0
4.701,1383,111,52,0,0,0,0,0,0.1316,7.06667,1,0.23789,0
5.143,5998,311,119,0,0,0,0,0,0.2029,14.0,4,0.16189,0
3.488,3406,22,261,0,0,0,0,0,0.57575,5.8,0,0.37346,0
4.494,7588,96,336,0,0,0,0,0,0.1248,6.82456,8,0.33922,0
4.496,1350,117,54,0,0,0,0,0,0.10519,7.7,0,0.2363,0
4.986,249,46,14,0,0,0,0,0,0.16466,0.0,0,0.16064,0
4.744,1112,74,57,0,0,0,0,0,0.1295,8.70588,8,0.2545,0
4.33,3047,69,171,0,0,0,0,0,0.1129,7.53333,4,0.33804,0
4.49,37177,119,716,0,0,0,0,0,0.15208,8.16667,2,0.3163,0
4.891,1114,72,67,0,0,0,0,0,0.13824,5.5,0,0.22262,0
4.399,241,53,15,0,0,0,0,0,0.10373,8.0,0,0.27801,0
4.633,1008,74,42,0,0,0,0,0,0.08829,5.0,0,0.23313,0
4.966,296,199,6,0,0,0,0,0,0.24662,11.0,1,0.13176,0
4.94,3237,235,97,0,0,0,0,0,0.11091,10.54902,33,0.23046,0
4.539,236,55,14,0,0,0,0,0,0.10169,0.0,0,0.22458,0
4.424,240,43,15,0,0,0,0,0,0.10417,7.0,0,0.2625,0
4.616,2391,88,95,0,0,0,0,0,0.14387,6.0,0,0.29987,0
5.179,4396,145,146,0,0,0,0,0,0.15946,4.85366,0,0.25045,0
4.654,678,75,31,0,0,0,0,0,0.13717,8.09091,3,0.25811,0
4.885,578,94,25,0,0,0,0,0,0.08304,0.0,0,0.15571,0
4.706,818,88,32,0,0,0,0,0,0.11369,9.42857,0,0.18704,0
4.697,602,84,26,0,0,0,0,0,0.1711,7.5,0,0.25249,0
4.245,524,51,33,0,0,0,0,0,0.12595,5.0,0,0.35878,0
4.93,266,51,14,0,0,0,0,0,0.15789,0.0,0,0.15789,0
4.846,296068,240,8640,10,0,0,0,1,0.15422,8.82717,1226,0.25512,0
4.75,84,83,2,0,0,0,0,0,0.21429,0.0,0,0.09524,0
4.532,2299,74,119,0,0,0,0,0,0.11309,5.11538,0,0.30839,0
4.774,102,56,8,0,0,0,0,0,0.10784,0.0,0,0.10784,0
4.751,3602,120,110,0,0,0,0,5,0.1563,10.24615,23,0.25097,0
4.358,3412,84,113,0,0,0,0,0,0.10082,6.5,4,0.31829,0
4.609,751,104,29,0,0,0,0,0,0.11718,0.0,0,0.21571,0
4.603,82,37,9,0,0,0,0,0,0.10976,0.0,0,0.17073,0
4.583,139,43,6,0,0,0,0,0,0.28058,0.0,0,0.07194,0
4.808,523,74,23,0,0,0,0,0,0.09369,0.0,0,0.15679,0
5.114,600,172,21,0,0,0,0,0,0.15,0.0,0,0.125,0
4.667,6332,117,246,0,0,0,0,0,0.16188,5.96703,6,0.29975,0
4.353,438,47,26,0,0,0,0,0,0.11416,8.0,0,0.29224,0
4.356,28678,187,949,0,0,0,0,0,0.13805,7.21711,32,0.38378,0
4.691,834,91,32,0,0,0,0,0,0.11271,9.42857,0,0.18585,0
4.578,756,64,30,0,0,0,0,0,0.11772,8.05882,0,0.25529,0
4.897,6120,164,219,0,0,0,0,0,0.11797,9.08989,37,0.27402,0
4.674,378,79,18,0,0,0,0,0,0.10847,7.0,0,0.2672,0
3.486,3432,22,263,0,0,0,0,0,0.57605,5.8,0,0.37354,0
4.733,655,95,26,0,0,0,0,0,0.07481,0.0,0,0.16641,0
4.556,1634,82,69,0,0,0,0,0,0.15177,0.0,0,0.33537,0
4.38,113,43,11,0,0,0,0,0,0.0885,0.0,0,0.16814,0
4.697,308,89,12,0,0,0,0,0,0.12987,6.0,0,0.19805,0
4.587,1742,105,79,0,0,0,0,0,0.12744,8.66667,7,0.29219,0
4.634,709,103,30,0,0,0,0,0,0.08181,5.0,0,0.21016,0
4.072,2619,64,93,0,0,0,0,0,0.10309,0.0,0,0.42688,0
5.186,1892,162,62,0,0,0,0,0,0.23784,13.0,1,0.14746,0
4.771,63778,134,1879,0,0,0,0,0,0.10002,8.84839,245,0.19798,0
4.344,2980,113,99,0,0,0,0,0,0.17315,6.89474,3,0.36208,0
4.57,7105,116,207,0,0,0,0,0,0.17157,9.7094,50,0.32104,0
4.383,758,68,33,0,0,0,0,0,0.1029,11.0,8,0.26913,0
4.613,5908,252,241,0,0,1,0,0,0.12779,7.32039,16,0.30298,0
4.438,836,74,43,0,0,0,0,0,0.11244,9.33333,8,0.32656,0
5.013,5690,185,153,0,0,0,0,0,0.16643,13.02128,64,0.17452,0
4.647,94,38,9,0,0,0,0,0,0.09574,0.0,0,0.14894,0
4.719,2339,137,79,0,0,0,0,0,0.13467,10.33333,24,0.27063,0
4.691,950,87,40,0,0,0,0,0,0.12947,6.33333,0,0.23263,0
4.696,1728,84,83,0,0,0,0,0,0.1441,4.88,0,0.29514,0
4.927,427,75,21,0,0,0,0,0,0.10304,0.0,0,0.14052,0
4.728,100,54,8,0,0,0,0,0,0.11,0.0,0,0.11,0
4.618,3031,140,100,0,0,0,0,0,0.1389,12.075,30,0.25272,0
4.888,142,38,12,0,0,0,0,0,0.12676,0.0,0,0.12676,0
4.589,165,46,10,0,0,0,0,0,0.09091,13.0,2,0.17576,0
4.653,1659,158,43,0,0,0,0,0,0.11513,8.0,2,0.16034,0
4.408,80,39,9,0,0,0,0,0,0.1125,0.0,0,0.175,0
4.142,197327,144147,17,0,0,0,0,0,0.30642,4.92308,1,0.00013,0
4.55,16088,117,548,0,0,0,0,0,0.13035,7.95909,57,0.34952,0
4.816,1867,104,58,0,0,0,1,0,0.16818,5.7,1,0.25603,0
4.571,995,76,41,0,0,0,0,0,0.09849,5.0,0,0.2402,0
4.726,77276,145,1110,0,0,0,0,0,0.17987,9.0,0,0.17998,0
4.606,1724,120,63,0,0,0,0,0,0.14385,7.77273,5,0.26044,0
4.959,516,64,30,0,0,0,0,0,0.0969,0.0,0,0.24612,0
4.483,6104,110,257,0,0,0,0,0,0.12697,7.75758,16,0.31586,0
4.391,4197,85,175,0,0,0,0,0,0.12152,5.90909,0,0.34358,0
4.817,178,51,12,0,0,0,0,0,0.10112,0.0,0,0.14045,0
4.642,4285,119,143,0,0,0,0,0,0.12485,6.60526,9,0.28401,0
3.843,110457,145,1550,0,0,0,0,0,0.13343,6.55556,1,0.26364,0
4.466,910,111,48,0,0,0,0,0,0.13407,6.85,0,0.31978,0
4.749,1275,91,65,0,0,0,0,0,0.13333,7.45455,3,0.28549,0
4.571,1256,104,53,0,0,0,0,0,0.11067,8.0,0,0.26274,0
4.718,396,62,23,0,0,0,0,0,0.12626,5.75,0,0.22222,0
4.7,174,84,11,0,0,0,0,0,0.07471,0.0,0,0.11494,0
4.69,176,86,11,0,0,0,0,0,0.07386,0.0,0,0.11364,0
4.52,2884,91,124,0,0,0,0,0,0.12309,10.16327,17,0.29022,0
4.539,1916,110,82,0,0,0,0,0,0.12944,6.46667,0,0.28967,0
4.227,362,45,24,0,0,0,0,0,0.10221,9.0,1,0.33425,0
4.182,23581,118,788,0,0,0,0,0,0.14274,6.89216,37,0.44956,0
4.378,3671,97,140,0,0,0,0,0,0.10569,6.8871,8,0.31109,0
4.669,308,89,12,0,0,0,0,0,0.12987,6.0,0,0.19805,0
4.251,1469,97,93,0,0,0,0,0,0.15385,3.63636,0,0.4064,0
4.658,3217,101,106,0,0,0,0,0,0.16475,6.60606,6,0.30432,0
4.574,1090,86,49,0,0,0,0,0,0.14495,6.5,0,0.27706,0
4.884,604,100,25,0,0,0,0,0,0.07947,0.0,0,0.14735,0
4.785,921,74,35,0,0,0,0,0,0.10858,7.55556,2,0.2367,0
4.399,2236,91,114,0,0,0,0,0,0.12343,6.40625,0,0.32737,0
4.657,4220,94,157,0,0,1,0,0,0.14408,5.69118,3,0.29171,0
4.55,198,84,12,0,0,0,0,0,0.06061,0.0,0,0.11616,0
4.45,3714,107,127,0,0,0,0,0,0.12439,8.14,10,0.30183,0
4.486,525,52,32,0,0,0,0,0,0.11048,6.0,0,0.31048,0
4.704,1116,118,44,0,0,0,0,0,0.10753,11.64286,4,0.1819,0
4.462,6860,106,206,0,0,0,0,0,0.07974,9.66667,8,0.25219,0
4.981,558,74,27,0,0,0,0,0,0.09498,18.0,2,0.20609,0
4.522,124,45,11,0,0,0,0,0,0.08065,0.0,0,0.15323,0
4.422,9278,141,268,1,0,0,0,0,0.1551,5.66507,24,0.3601,0
4.68,4058,105,176,0,0,0,0,0,0.14219,6.34118,0,0.28635,0
4.383,15192,263,506,0,0,0,0,0,0.12803,6.22523,9,0.34479,0
4.513,1553,87,64,0,0,0,0,0,0.11526,7.125,1,0.27817,0
4.942,681,110,27,0,0,0,0,0,0.07783,26.0,3,0.15272,0
4.668,1062,68,48,0,0,0,0,0,0.1516,5.60714,0,0.28154,0
4.633,2504,269,90,0,0,0,0,0,0.16134,5.64444,0,0.31949,0
5.134,543,154,21,0,0,0,0,0,0.1547,0.0,0,0.13812,0
4.799,465,133,12,0,0,0,0,0,0.05161,8.0,0,0.09032,0
4.667,803,80,38,0,0,0,0,0,0.10834,9.0,0,0.24533,0
4.697,3135,115,64,0,0,0,0,0,0.10271,7.19231,5,0.14131,0
4.387,641,74,27,0,0,0,0,0,0.11388,8.27273,0,0.30577,0
4.467,11986,227,305,1,0,0,0,0,0.16786,8.45367,70,0.32605,0
4.546,365,37,23,0,0,0,0,0,0.12329,0.0,0,0.29315,0
4.354,11219,104,382,0,0,0,0,0,0.11177,6.24242,13,0.33791,0
4.531,2081,133,80,0,0,0,0,0,0.11148,6.58065,4,0.29265,0
4.517,137,54,11,0,0,0,0,0,0.07299,0.0,0,0.13869,0
4.58,5498,104,193,0,0,0,0,0,0.15697,5.12214,8,0.32812,0
4.699,3592,98,133,0,0,0,0,0,0.13001,10.44,19,0.2564,0
4.65,3382,103,115,0,0,0,0,3,0.14784,7.7,15,0.28859,0
5.064,10908,105,117,0,0,0,0,0,0.14045,9.98182,0,0.08993,0
4.848,10014,290,168,0,0,0,0,0,0.19453,8.44589,28,0.12023,0
4.485,3263,156,111,0,0,0,0,0,0.17438,7.41667,2,0.32945,0
4.608,16615,168,847,0,0,0,0,0,0.10178,6.95455,6,0.24237,0
4.783,482,74,24,0,0,0,0,0,0.10166,0.0,0,0.1888,0
4.406,906,86,42,0,0,0,0,0,0.12141,7.27273,0,0.28808,0
4.467,405,40,27,0,0,0,0,0,0.12346,0.0,0,0.35062,0
4.918,116,56,8,0,0,0,0,0,0.12931,0.0,0,0.09483,0
4.528,1503,115,53,0,0,0,0,0,0.15303,5.69231,0,0.31737,0
4.677,955,73,45,0,0,0,0,0,0.12984,12.45455,6,0.18743,0
4.531,2911,106,133,0,0,0,0,0,0.12882,6.57143,2,0.30058,0
4.222,16090,117,563,0,0,5,0,0,0.13841,6.16544,20,0.40559,0
4.91,103145,226,2913,2,0,0,0,6,0.15088,9.58515,624,0.23879,0
4.159,16379,119,495,0,0,0,0,0,0.14116,6.5668,10,0.44539,0
4.832,8589,199,151,0,0,0,0,0,0.11096,7.71154,11,0.12481,0
4.529,5796,124,198,0,0,0,0,0,0.11077,6.73239,1,0.27329,0
4.646,921,84,38,0,0,0,0,0,0.17481,8.42857,0,0.31922,0
4.44,67141,118,1842,2,0,0,0,26,0.11847,10.51608,513,0.36151,0
4.538,9289,115,301,0,0,0,0,9,0.15212,8.0289,47,0.33093,0
4.894,165,88,8,0,0,0,0,0,0.25455,5.0,0,0.08485,0
4.472,3227,116,142,0,0,0,0,0,0.11745,7.73913,11,0.29253,0
4.494,4123,104,178,0,0,0,0,0,0.12685,5.13208,1,0.29008,0
4.724,75607,145,1098,0,0,0,0,0,0.17968,9.0,0,0.18195,0
4.65,18919,118,701,0,0,0,2,0,0.15033,5.92992,5,0.32618,0
4.689,1341,107,53,0,0,0,0,0,0.10962,7.1875,0,0.217,0
4.517,279,58,15,0,0,0,0,0,0.1147,5.0,0,0.22939,0
4.668,10064,160,331,0,0,0,0,0,0.15938,6.84,20,0.28667,0
4.755,6460,110,200,0,0,0,1,8,0.13251,9.85227,31,0.29381,0
4.725,802,82,35,0,0,0,0,1,0.16334,7.2,2,0.24938,0
5.06,11425,95,445,0,0,0,0,0,0.14635,7.17931,20,0.27606,0
4.895,1310,149,55,0,0,0,0,0,0.10076,12.42857,14,0.2374,0
3.779,228116,22,17190,0,0,0,0,0,0.60679,5.8,0,0.37665,0
4.397,929,107,33,0,0,0,0,0,0.10226,7.0,2,0.27987,0
4.49,1217,90,49,0,0,0,0,0,0.09614,5.2,0,0.24651,0
4.693,576,82,24,0,0,0,0,0,0.13542,6.5,0,0.21528,0
4.722,75531,145,1097,0,0,0,0,0,0.17973,9.0,0,0.18202,0
4.965,3884,259,86,0,0,1,0,0,0.1344,8.38372,16,0.181,0
4.597,1460,82,59,0,0,0,0,0,0.13493,6.05263,0,0.27603,0
4.67,540,93,24,0,0,0,0,0,0.12037,8.125,0,0.2,0
4.493,121,52,11,0,0,0,0,0,0.07438,0.0,0,0.15702,0
4.188,1264,63,56,0,0,0,0,0,0.12896,0.0,0,0.39794,0
4.564,6633,101,246,0,0,0,0,0,0.13448,7.66387,10,0.30951,0
4.816,1331,94,44,0,0,1,0,0,0.15853,7.05,0,0.24192,0
4.467,5891,92,251,0,0,0,0,0,0.13461,7.25225,16,0.3322,0
4.377,1474,88,72,0,0,0,0,0,0.13229,6.82143,0,0.31275,0
4.677,307,89,12,0,0,0,0,0,0.13029,6.0,0,0.1987,0
4.777,474,74,22,0,0,0,0,0,0.09072,0.0,0,0.17089,0
4.622,7674,128,280,0,0,0,0,0,0.12692,7.25385,31,0.27808,0
4.816,471,83,21,0,0,0,0,0,0.12314,8.0,0,0.22505,0
4.312,1698,86,87,0,0,0,0,0,0.11661,8.39394,7,0.35041,0
4.491,3448,78,144,0,0,0,0,0,0.12384,6.67213,4,0.33672,0
4.728,2645,195,100,0,0,0,0,0,0.13081,6.40351,7,0.25444,0
4.487,881,73,40,0,0,0,0,0,0.10897,6.8,0,0.28831,0
4.684,4883,112,154,0,0,0,0,26,0.17715,6.87879,14,0.30637,0
4.69,316,64,20,0,0,0,0,0,0.12658,6.0,0,0.25949,0
5.038,3120,230,96,0,0,0,0,0,0.19006,6.42,2,0.24359,0
4.607,9373,111,356,0,0,0,0,0,0.13539,6.38621,10,0.30449,0
4.42,740,86,38,0,0,0,0,0,0.13514,6.47368,0,0.32973,0
4.659,306,89,12,0,0,0,0,0,0.13072,6.0,0,0.19935,0
4.541,128,54,11,0,0,0,0,0,0.07031,0.0,0,0.14844,0
4.643,4653,158,127,0,0,0,0,0,0.13776,6.86207,5,0.28713,0
4.702,1689,158,68,0,0,0,0,0,0.13321,4.94118,0,0.27649,0
4.624,876,89,37,0,0,0,0,0,0.12671,10.27778,3,0.25228,0
4.822,431,74,24,0,0,0,0,0,0.09977,9.0,0,0.21346,0
4.401,358,49,20,0,0,0,0,0,0.09218,7.0,0,0.2486,0
4.826,1764,74,68,0,0,0,0,0,0.15533,2.42857,0,0.27778,0
4.34,685,62,31,0,0,0,0,0,0.10219,6.0,0,0.27591,0
4.796,1559,102,53,0,0,0,0,0,0.12957,8.125,3,0.23156,0
4.697,2509,115,86,0,0,0,0,2,0.14747,8.03846,11,0.29016,0
4.535,4298,115,149,0,0,0,0,0,0.13029,7.13542,11,0.31201,0
4.435,5875,114,169,0,0,0,0,15,0.14315,9.60163,44,0.35779,0
4.949,4362,111,120,0,0,0,0,7,0.16873,9.7619,31,0.23705,0
4.381,8233,79,274,0,0,0,0,0,0.18851,3.35093,0,0.39062,0
4.501,18962,114,500,1,0,0,0,30,0.15874,10.02415,148,0.34327,0
4.416,504,70,30,0,0,0,0,0,0.12302,6.0,0,0.29167,0
4.912,120,60,8,0,0,0,0,0,0.125,0.0,0,0.09167,0
5.011,13244,142,542,0,0,0,0,0,0.18854,6.52137,20,0.15426,0
4.48,477,52,23,0,0,0,0,0,0.10063,11.66667,4,0.27254,0
4.922,530,64,32,0,0,0,0,0,0.10189,0.0,0,0.24528,0
4.736,3443,103,98,0,0,0,0,0,0.10049,6.66667,0,0.20622,0
4.628,1494,83,67,0,0,0,0,0,0.16734,6.7,0,0.31191,0
4.804,992,74,48,0,0,0,0,0,0.11895,5.33333,0,0.21976,0
4.79,467,72,25,0,0,0,0,0,0.1606,7.57143,0,0.24411,0
4.556,10054,323,264,0,0,0,0,0,0.15098,7.6963,46,0.32186,0
4.695,2845,125,111,0,0,0,0,0,0.15571,6.64,4,0.28647,0
4.58,7936,114,293,0,0,0,0,0,0.12513,6.14,4,0.28516,0
4.667,307,89,12,0,0,0,0,0,0.13029,6.0,0,0.1987,0
4.916,530,64,32,0,0,0,0,0,0.10189,0.0,0,0.24528,0
4.469,8310,95,343,0,0,0,0,0,0.13742,6.375,27,0.32503,0
4.234,1654,80,82,0,0,0,0,0,0.10097,7.83333,0,0.32648,0
4.558,9896,119,361,0,0,0,0,4,0.13824,7.81481,13,0.33428,0
5.301,11369,762,360,0,0,1,1,0,0.20961,4.88525,3,0.20908,0
4.84,5362,135,148,0,0,0,0,0,0.13185,8.65854,20,0.26595,0
4.82,84,83,2,0,0,0,0,0,0.21429,0.0,0,0.09524,0
4.717,2069,94,87,0,0,4,0,0,0.1218,6.88235,5,0.25375,0
4.597,13667,119,392,0,0,0,0,0,0.1497,12.12632,111,0.29707,0
4.52,11968,112,349,0,0,0,0,2,0.15015,9.61004,72,0.33957,0
4.462,3838,112,225,1,0,0,0,0,0.16701,5.61842,2,0.33689,0
4.673,757,73,47,0,0,0,0,0,0.13474,4.4,0,0.28534,0
4.72,2296,98,95,0,0,0,0,0,0.13415,7.53333,0,0.27352,0
4.385,541,46,32,0,0,0,0,0,0.1146,5.0,0,0.32348,0
4.804,1358,109,54,0,0,0,0,0,0.13476,6.25926,2,0.21355,0
4.707,583,79,26,0,0,0,0,0,0.09091,5.0,0,0.19897,0
4.513,52508,203,1915,0,0,0,1,0,0.12819,7.13096,130,0.31871,0
4.282,1980,84,92,0,0,0,0,0,0.11768,6.84848,9,0.31162,0
4.357,836,69,43,0,0,0,0,0,0.11722,8.07692,6,0.29426,0
4.549,15063,215,558,0,0,0,0,0,0.12361,7.43852,25,0.30426,0
4.821,434,74,24,0,0,0,0,0,0.09908,9.0,0,0.21198,0
4.505,6255,113,197,0,0,0,0,0,0.1271,8.18644,40,0.28265,0
5.068,355,73,20,0,0,0,0,0,0.11831,0.0,0,0.12113,0
4.583,2622,83,102,0,0,0,0,0,0.13539,6.0,0,0.28108,0
4.666,624,74,36,0,0,0,0,0,0.11538,3.8,0,0.2516,0
4.722,6984,192,177,0,0,0,0,0,0.14075,9.625,53,0.27133,0
4.626,1639,80,72,0,0,0,0,0,0.11287,6.53846,2,0.28127,0
4.56,24087,108,937,1,0,0,0,0,0.12314,7.59556,51,0.30626,0
4.836,7940,114,243,0,0,0,0,0,0.1427,7.78125,22,0.31071,0
4.547,796,70,39,0,0,0,0,0,0.10302,5.0,0,0.26759,0
4.362,861,61,44,0,0,0,0,0,0.10685,7.92308,1,0.30546,0
3.671,1859,22,142,0,0,0,0,0,0.5433,5.8,0,0.36364,0
5.152,2622,116,73,0,0,0,0,5,0.19451,8.57895,4,0.14722,0
4.745,2821,111,95,0,0,0,0,0,0.13258,8.59259,9,0.25523,0
4.389,669,61,40,0,0,0,0,0,0.10613,5.28571,0,0.31988,0
4.674,268,101,15,0,0,0,0,0,0.08955,0.0,0,0.16045,0
4.488,14962,130,461,4,0,0,0,0,0.13822,9.11078,123,0.31527,0
4.794,2390,218,40,0,0,0,0,0,0.13431,7.41667,6,0.14477,0
4.687,3142,145,106,0,0,0,0,0,0.16582,6.74138,7,0.2718,0
4.345,1189,89,61,0,0,0,0,0,0.12195,9.17391,10,0.31371,0
4.551,101,43,9,0,0,0,0,0,0.08911,0.0,0,0.15842,0
4.577,4902,106,174,0,0,0,1,0,0.15504,5.82075,0,0.29519,0
4.615,767,113,19,0,0,0,0,0,0.17471,5.66667,0,0.26597,0
4.64,1929,137,74,0,0,0,0,0,0.11353,4.5,0,0.25765,0
4.722,3179,169,98,0,0,0,0,0,0.10915,5.44231,9,0.26549,0
4.606,1477,132,59,0,0,0,1,0,0.13541,6.75,0,0.30061,0
4.493,442,89,21,0,0,0,0,0,0.09276,6.5,0,0.26018,0
4.609,4610,183,132,0,0,1,0,0,0.14121,7.18487,39,0.27505,0
4.956,5923,130,182,0,0,0,0,0,0.18487,5.02304,10,0.25916,0
4.365,8476,94,275,0,0,0,0,0,0.1798,4.74449,10,0.41529,0
4.663,1247,76,49,0,0,0,0,0,0.09783,0.0,0,0.24058,0
4.383,3798,90,151,0,0,0,0,0,0.10874,8.08772,0,0.30016,0
4.726,301,53,19,0,0,0,0,0,0.12957,6.0,0,0.23588,0
4.537,2189,95,79,0,0,0,0,0,0.10964,5.26316,0,0.26496,0
4.857,1297,98,48,0,0,0,0,0,0.13878,5.66667,0,0.22436,0
4.661,246,47,18,0,0,0,0,0,0.13008,0.0,0,0.24797,0
4.881,816,75,41,0,0,0,0,0,0.12377,7.14286,4,0.24265,0
3.872,183803,22,13645,0,0,0,0,0,0.60344,5.8,0,0.37101,0
4.687,1991,118,71,0,0,0,0,0,0.20191,5.90385,0,0.27474,0
4.671,1267,154,47,0,0,0,0,0,0.10339,6.25,3,0.26756,0
4.509,58520,120,1605,0,0,0,0,120,0.16577,7.61513,199,0.35695,0
4.901,1544,138,46,0,0,0,0,0,0.125,7.85714,2,0.17552,0
4.671,1896,106,74,0,0,0,0,0,0.17089,6.86111,0,0.28956,0
4.551,20279,179,855,1,0,0,0,0,0.1433,6.48442,21,0.31515,0
4.51,2033,100,97,0,0,0,0,0,0.12297,6.875,3,0.29021,0
4.489,2293,73,97,0,0,0,0,0,0.1618,6.2,8,0.35979,0
4.284,7066,114,287,0,0,0,0,0,0.12992,6.05172,0,0.3698,0
4.264,150,66,11,0,0,0,0,0,0.08667,0.0,0,0.15333,0
4.432,263,48,15,0,0,0,0,0,0.10646,7.0,0,0.23954,0
4.687,308,89,12,0,0,0,0,0,0.12987,6.0,0,0.19805,0
4.286,1967,69,102,0,0,0,0,0,0.12303,6.13793,0,0.33757,0
4.228,5075,213,181,0,0,0,0,0,0.14325,5.45631,1,0.38542,0
4.723,75261,145,1091,0,0,0,0,0,0.17972,9.0,0,0.1819,0
4.704,1667,99,63,0,0,0,0,0,0.12358,9.21875,6,0.23935,0
4.849,3004,194,76,0,0,0,0,0,0.13216,6.33333,4,0.2257,0
4.435,131,39,6,0,0,0,0,0,0.29771,0.0,0,0.07634,0
4.833,935,179,35,0,0,0,0,0,0.12193,9.4,6,0.19037,0
4.724,82214,145,1181,0,0,0,0,0,0.17967,9.0,0,0.18046,0
4.667,229,41,15,0,0,0,0,0,0.12664,0.0,0,0.25764,0
4.743,1810,99,59,0,0,0,0,0,0.08398,11.66667,4,0.22873,0
3.488,3406,22,261,0,0,0,0,0,0.57575,5.8,0,0.37346,0
4.745,2906,111,97,0,0,0,0,0,0.13283,8.89474,12,0.25189,0
4.778,867,80,43,0,0,0,0,0,0.13264,7.0,0,0.203,0
4.533,482,88,23,0,0,0,0,0,0.11826,5.0,0,0.25726,0
4.66,8470,116,257,0,0,0,0,13,0.14864,10.24699,61,0.33447,0
4.572,9653,98,385,0,0,0,0,0,0.14472,5.97041,6,0.30964,0
4.702,387,74,22,0,0,0,0,0,0.09044,0.0,0,0.19897,0
4.496,3779,98,188,0,0,0,0,0,0.13998,5.58929,0,0.33104,0
4.165,19528,14,1398,0,0,0,0,0,0.63954,0.0,0,0.35697,0
4.659,3472,85,138,0,0,0,0,0,0.1178,5.96154,0,0.26325,0
4.717,4056,119,133,0,0,0,0,5,0.15311,9.5814,28,0.30054,0
4.699,487,64,28,0,0,0,0,0,0.16222,3.5,0,0.27721,0
4.803,2577,214,81,0,0,0,0,0,0.14785,6.18033,0,0.27086,0
4.584,6305,149,214,0,0,0,0,0,0.12974,9.68852,45,0.28707,0
4.547,13651,117,523,1,0,0,0,0,0.1416,6.51125,39,0.33184,0
4.723,1064,116,54,0,0,0,0,0,0.15132,7.3,0,0.28008,0
4.769,14511,115,401,0,0,0,0,0,0.17366,3.75897,0,0.34167,0
4.916,8463,231,173,0,0,0,0,0,0.19934,8.48918,28,0.12182,0
4.902,1557,111,53,0,0,0,0,0,0.14258,8.22581,2,0.20424,0
4.356,1441,82,76,0,0,0,0,0,0.11381,8.55,4,0.31506,0
4.304,1169,74,59,0,0,0,0,0,0.12233,8.30435,10,0.32079,0
4.556,832,113,34,0,0,0,0,0,0.11659,7.71429,3,0.25,0
4.725,847,72,36,0,0,0,0,1,0.16765,6.75,4,0.28335,0
4.804,601,74,33,0,0,0,0,0,0.12646,5.0,0,0.22962,0
4.76,2598,113,88,0,0,0,0,0,0.17436,9.13462,12,0.31447,0
4.466,5529,102,242,0,0,0,0,0,0.11141,7.06931,20,0.29409,0
4.509,2362,100,88,0,0,0,0,0,0.16257,6.86957,0,0.31753,0
4.771,894,81,36,0,0,0,0,0,0.16667,6.3125,0,0.25168,0
4.551,7003,113,222,0,0,0,0,13,0.14551,9.67683,54,0.34257,0
4.936,425,74,22,0,0,0,0,0,0.08706,0.0,0,0.20706,0
4.515,9311,119,341,0,0,0,0,0,0.13532,7.62667,36,0.31006,0
5.116,572,164,21,0,0,0,0,0,0.15734,0.0,0,0.13112,0
4.648,847,74,38,0,0,1,0,0,0.09917,7.2,3,0.23022,0
4.426,19022,119,592,1,0,0,0,0,0.12354,8.15541,50,0.31584,0
4.5,15467,105,691,0,0,0,0,0,0.13493,6.35714,14,0.3307,0
4.652,3755,94,154,0,0,3,0,0,0.12676,6.48889,7,0.29028,0
4.658,307,89,12,0,0,0,0,0,0.13029,6.0,0,0.1987,0
4.543,1142,86,56,0,0,0,0,0,0.15674,6.33333,0,0.2986,0
4.533,18820,189,678,0,0,0,0,0,0.13209,6.54131,23,0.30776,0
4.823,5872,236,203,0,0,0,0,0,0.13675,9.11842,22,0.27503,0
4.72,12972,96,497,0,0,0,0,0,0.1191,7.27513,21,0.20467,0
4.623,42632,109,1380,0,0,0,1,9,0.15235,8.12552,176,0.33632,0
4.353,2691,70,106,0,0,0,0,0,0.11223,6.31818,4,0.28948,0
4.436,1553,75,60,0,0,0,0,0,0.11655,6.72727,0,0.27688,0
4.609,7672,94,321,0,0,0,0,0,0.1542,6.21875,5,0.32208,0
4.64,185,52,12,0,0,0,0,0,0.1027,7.0,0,0.13514,0
4.465,122,56,10,0,0,0,0,0,0.05738,0.0,0,0.11475,0
4.411,391,51,24,0,0,0,0,0,0.1202,9.0,0,0.31202,0
4.622,3217,184,135,0,0,0,0,0,0.13864,6.55556,2,0.27759,0
4.921,617,87,31,0,0,0,0,0,0.1329,6.6,0,0.21718,0
4.909,251,46,14,0,0,0,0,0,0.15936,0.0,0,0.15936,0
4.509,1874,104,72,0,0,0,0,0,0.1318,7.075,6,0.31217,0
4.839,469,76,27,0,0,0,0,0,0.13433,8.0,0,0.20256,0
4.946,3332,104,116,0,0,0,0,0,0.16867,5.73214,7,0.29802,0
4.813,1167,127,48,0,0,0,0,0,0.16624,6.16667,0,0.26135,0
4.668,308,89,12,0,0,0,0,0,0.12987,6.0,0,0.19805,0
4.49,108,50,9,0,0,0,0,0,0.08333,0.0,0,0.14815,0
4.97,4425,130,167,0,0,0,0,0,0.16136,10.44444,4,0.18531,0
4.99,2133,79,59,0,0,0,0,0,0.11814,0.0,0,0.22035,0
4.597,948,130,30,0,0,0,0,0,0.0981,8.25,0,0.14557,0
4.402,4191,140,161,0,4,0,0,0,0.14722,6.0,5,0.3486,0
4.622,1887,103,73,0,0,0,0,8,0.14308,7.47917,8,0.28935,0
4.516,6801,112,229,0,0,0,0,0,0.13042,7.81879,31,0.33804,0
4.821,34868,6618,676,4,0,0,1,0,0.20517,6.8092,86,0.32875,0
4.576,12272,111,330,0,0,0,0,0,0.1545,7.52121,34,0.33157,0
4.572,4327,96,133,0,0,0,0,0,0.25422,0.0,0,0.29859,0
4.903,780,74,39,0,0,0,0,0,0.13333,5.28571,0,0.21282,0
4.501,85239,137,2953,0,0,0,0,0,0.1366,8.03789,543,0.30219,0
4.397,1794,117,80,0,0,0,0,0,0.11873,7.83333,0,0.3835,0
4.534,1199,148,52,0,0,0,0,0,0.1151,11.0,2,0.24854,0
4.915,173,61,13,0,0,0,0,0,0.13873,0.0,0,0.12139,0
4.762,3807,88,127,0,0,0,0,0,0.09456,0.0,0,0.24481,0
4.563,1981,105,91,0,0,0,0,0,0.12468,7.7619,6,0.30187,0
5.111,628,182,21,0,0,0,0,0,0.15287,0.0,0,0.11943,0
4.494,1253,65,54,0,0,0,0,0,0.13248,7.2,4,0.29529,0
4.875,824,74,37,0,0,0,0,0,0.10437,6.2,0,0.23908,0
4.32,5582,98,178,0,0,0,0,0,0.21623,6.30769,6,0.38965,0
4.723,76236,145,1106,0,0,0,0,0,0.17974,9.0,0,0.18187,0
5.117,557,158,21,0,0,0,0,0,0.15081,0.0,0,0.13465,0
4.447,4114,92,178,0,0,0,0,0,0.11254,5.6,0,0.3019,0
4.662,122373,117,4597,0,0,0,0,0,0.13067,9.64765,288,0.29265,0
4.578,23333,118,643,0,0,0,0,30,0.1563,10.12411,122,0.32769,0
4.39,1684,64,75,0,0,0,0,0,0.1158,8.0,9,0.3266,0
4.297,1145,74,60,0,0,0,0,0,0.14148,5.0,0,0.35371,0
4.908,15927,101,612,0,2,4,0,0,0.11352,7.46486,23,0.21266,0
4.704,17483,133,620,1,0,0,0,0,0.15529,6.21495,17,0.29131,0
4.507,1230,121,50,0,0,0,0,0,0.1252,6.6,1,0.29512,0
4.637,1778,137,66,0,0,0,0,0,0.1766,6.03448,0,0.29865,0
4.734,3247,110,113,0,0,0,0,0,0.11549,5.81132,0,0.20727,0
4.944,897,131,39,0,0,0,0,0,0.14604,6.15385,0,0.21516,0
4.557,2532,170,82,0,0,0,0,0,0.11967,7.2,0,0.25908,0
4.397,269,62,17,0,0,0,0,0,0.08922,0.0,0,0.28625,0
4.886,611,88,26,0,0,0,0,0,0.08347,0.0,0,0.15548,0
4.711,2596,84,97,0,0,0,0,0,0.10439,7.34615,6,0.19569,0
4.397,687,71,28,0,0,0,0,0,0.12955,6.54545,0,0.30568,0
5.336,15296,220,483,2,0,0,0,0,0.24137,7.02203,64,0.20829,0
4.928,657,115,26,0,0,0,0,0,0.09437,0.0,0,0.16591,0
4.404,1849,136,70,0,0,0,0,0,0.09951,6.15,0,0.32234,0
4.511,7363,119,262,0,0,1,0,0,0.11178,8.03846,9,0.29091,0
3.933,11926,229,413,1,0,0,0,0,0.17206,6.96947,3,0.46814,0
4.494,486,61,28,0,0,0,0,0,0.10288,0.0,0,0.32922,0
4.687,1114,97,40,0,0,0,0,0,0.10054,6.6,0,0.22442,0
4.359,7160,113,292,0,0,0,0,0,0.11089,7.30693,12,0.3433,0
4.467,500,63,28,0,0,0,0,0,0.102,0.0,0,0.32,0
4.695,3668,105,120,0,0,0,0,0,0.19084,4.6087,4,0.35005,0
4.967,2087,132,71,0,0,0,0,0,0.17154,10.63636,11,0.19502,0
4.905,325,74,17,0,0,0,0,0,0.09538,0.0,0,0.22462,0
4.487,4420,90,186,0,0,0,0,0,0.12127,10.57692,21,0.30747,0
4.601,1359,106,58,0,0,0,0,0,0.08977,6.0,0,0.23547,0
4.647,6852,104,226,0,0,0,0,0,0.13865,7.1773,29,0.28255,0
4.343,4571,131,211,0,0,0,0,0,0.12229,7.18056,4,0.34084,0
5.076,3247,82,98,0,0,0,0,0,0.15276,4.17241,0,0.28673,0
4.833,17413,213,449,0,0,0,0,0,0.15104,6.264,34,0.29214,0
4.458,777,80,32,0,0,0,0,0,0.15444,6.19231,0,0.3269,0
4.715,288,85,18,0,0,0,0,0,0.125,10.0,1,0.23611,0
4.862,6623,108,194,0,0,0,1,0,0.13906,7.41509,17,0.26015,0
4.729,1499,127,74,0,0,0,1,0,0.14743,6.65517,0,0.27752,0
4.782,8074,91,330,0,0,0,0,0,0.11481,6.35052,3,0.21414,0
4.697,822,74,40,0,0,0,0,0,0.13869,7.85714,0,0.29562,0
4.686,3924,144,120,0,0,0,0,0,0.10703,7.75,12,0.25204,0
4.899,726,75,32,0,0,0,0,0,0.09917,6.0,0,0.18595,0
5.148,2854,285,81,0,0,0,0,0,0.20322,14.0,4,0.16994,0
5.185,4217,113,165,0,0,0,0,0,0.15556,5.91525,4,0.20109,0
4.723,76080,145,1104,0,0,0,0,0,0.17975,9.0,0,0.1819,0
4.913,820,103,35,0,0,0,0,2,0.1561,6.07143,0,0.21341,0
4.546,341,84,21,0,0,0,0,0,0.10264,5.0,0,0.26393,0
4.788,360,81,19,0,0,0,0,0,0.11667,13.0,2,0.19722,0
4.277,3910,117,149,0,0,0,0,0,0.13734,7.52439,19,0.37519,0
4.436,1379,88,58,0,0,0,0,0,0.11022,5.36364,0,0.33212,0
4.851,4207,86,134,0,0,0,0,0,0.11219,6.0,6,0.25505,0
4.883,3651,181,95,0,0,0,0,0,0.13558,9.78571,25,0.19584,0
4.653,910,93,39,0,0,0,0,0,0.14725,5.1,0,0.25495,0
4.477,1089,104,48,0,0,0,0,0,0.12213,8.0,0,0.29477,0
4.374,1001,104,47,0,0,0,0,0,0.12587,7.18182,0,0.32567,0
4.412,4162,143,131,0,0,0,0,0,0.12278,6.95745,8,0.31932,0
4.586,10729,94,395,0,0,0,0,0,0.129,6.95541,17,0.29173,0
4.807,1110,101,44,0,0,0,0,0,0.11622,11.125,3,0.18919,0
4.756,667,73,36,0,0,0,0,2,0.14543,6.875,1,0.27136,0
4.554,2007,188,82,0,0,0,0,0,0.09915,10.46429,9,0.23717,0
4.813,637,105,26,0,0,0,0,0,0.09576,0.0,0,0.19152,0
4.58,1267,63,62,0,0,0,0,0,0.12865,6.85714,4,0.34333,0
4.866,779,96,40,0,0,0,0,0,0.09371,12.66667,2,0.24005,0
4.967,134069,230,4192,1,0,0,0,24,0.15485,9.80843,867,0.22007,0
4.86,2055,107,73,0,0,0,0,0,0.11873,13.28125,20,0.1635,0
4.861,2113,204,64,0,0,0,0,0,0.09229,8.30769,8,0.21155,0
4.54,1820,113,64,0,0,0,0,0,0.14945,5.93548,0,0.34341,0
5.261,6613,5399,35,0,0,0,0,0,0.21579,0.0,0,0.07122,0
5.274,14729,174,482,2,0,1,0,0,0.17489,6.41525,33,0.20979,0
4.339,9201,111,421,0,0,0,0,0,0.15335,5.74405,2,0.36855,0
4.814,6015,118,223,0,0,0,0,0,0.17107,6.4321,13,0.27897,0
4.466,2134,76,104,0,0,0,0,0,0.11575,11.24,13,0.31209,0
4.914,212,58,14,0,0,0,0,0,0.11792,6.0,0,0.16038,0
4.69,6686,161,223,0,0,0,0,0,0.16976,7.86709,31,0.29973,0
4.535,5141,106,178,0,0,0,0,0,0.14219,8.38776,37,0.32056,0
4.889,464,74,22,0,0,0,0,0,0.09698,0.0,0,0.17241,0
4.523,691,68,31,0,0,0,0,0,0.09986,7.0,0,0.27062,0
4.706,908,96,34,0,0,0,0,0,0.10903,7.6,2,0.22247,0
4.516,440,85,22,0,0,0,0,0,0.14091,5.0,0,0.30455,0
4.706,868,87,41,0,0,0,0,0,0.10138,8.25,3,0.23618,0
4.726,146,50,12,0,0,0,0,0,0.08219,0.0,0,0.11644,0
4.617,40155,205,1224,0,0,0,0,0,0.11341,7.87853,124,0.26858,0
4.593,11077,119,357,0,0,1,0,0,0.15149,7.85882,15,0.32572,0
4.401,4002,102,141,0,0,0,0,0,0.17791,6.0,0,0.38506,0
4.755,3366,77,145,0,0,2,0,0,0.10844,6.58824,0,0.22371,0
4.857,3810,85,125,0,0,0,0,0,0.1,8.94444,13,0.25197,0
4.605,3691,89,133,0,0,0,0,0,0.11921,11.68293,19,0.28475,0
4.649,1055,97,42,0,0,0,0,0,0.18863,6.625,0,0.25403,0
4.632,3134,130,125,0,0,0,0,0,0.12955,6.72464,0,0.31142,0
4.568,466,92,22,0,0,0,0,0,0.09227,7.5,0,0.24893,0
4.447,59739,119,1797,0,0,0,0,54,0.13509,9.96669,608,0.35598,0
4.947,678,106,26,0,0,0,0,0,0.11652,6.5,0,0.25369,0
4.909,331,64,20,0,0,0,0,0,0.0997,0.0,0,0.19637,0
4.745,673,66,32,0,0,0,0,0,0.10847,15.0,2,0.26152,0
4.591,1501,73,58,0,0,0,0,0,0.1026,6.84615,1,0.28581,0
4.532,2013,92,75,0,0,0,0,0,0.11277,9.57143,18,0.25087,0
4.821,440,74,24,0,0,0,0,0,0.09773,9.0,0,0.20909,0
5.16,1907,72,74,0,0,0,0,0,0.11851,6.8,0,0.1893,0
5.308,5720,127,236,0,0,0,0,0,0.20175,0.0,0,0.16486,0
4.763,579,98,31,0,0,0,0,0,0.13644,8.25,0,0.21244,0
4.595,521,66,26,0,0,0,0,0,0.16123,7.30769,0,0.28983,0
4.479,1562,86,77,0,0,0,0,0,0.1402,5.68966,0,0.32522,0
4.883,164693,128,4531,0,0,0,0,0,0.1256,6.95102,241,0.29296,0
4.872,955,79,38,0,0,0,0,0,0.09948,10.75,4,0.17696,0
4.463,722,91,28,0,0,0,0,0,0.09141,6.75,0,0.21053,0
4.68,671,71,37,0,0,0,0,0,0.09836,0.0,0,0.25186,0
4.761,589,74,30,0,0,0,0,0,0.12224,9.0,0,0.2292,0
4.462,710,96,28,0,0,0,0,0,0.0831,9.25,4,0.2507,0
4.507,127,49,11,0,0,0,0,0,0.07087,0.0,0,0.14961,0
4.519,77,39,9,0,0,0,0,0,0.11688,0.0,0,0.18182,0
4.874,1533,75,57,0,0,0,0,0,0.14155,6.42857,0,0.2544,0
4.283,745,59,41,0,0,0,0,0,0.12617,8.07692,6,0.31946,0
4.506,10634,110,283,0,0,0,0,2,0.16682,8.08696,55,0.33355,0
4.626,2484,92,89,0,0,0,0,0,0.08977,8.04,8,0.24718,0
4.553,1013,78,47,0,0,0,0,0,0.09378,4.5,0,0.25469,0
4.478,118,52,10,0,0,0,0,0,0.05932,0.0,0,0.11864,0
4.264,715,94,36,0,0,0,0,0,0.09371,8.0,0,0.3007,0
4.465,11280,121,484,0,0,0,0,0,0.13227,7.02367,8,0.32846,0
4.833,6307,141,206,0,0,0,0,0,0.15427,5.27907,3,0.26526,0
4.176,21750,117,544,1,0,0,0,35,0.13963,10.49727,220,0.41614,0
5.177,4483,135,161,0,0,0,0,0,0.24002,9.14286,4,0.16841,0
4.523,1941,117,106,0,0,0,0,0,0.13447,7.87879,8,0.31118,0
4.589,1483,84,69,0,0,0,0,0,0.11666,8.28571,6,0.28051,0
4.595,458,58,28,0,0,0,0,0,0.09389,0.0,0,0.25328,0
4.526,5657,145,188,0,1,1,2,0,0.11826,7.90526,19,0.30635,0
4.502,7584,149,240,0,0,0,1,0,0.15427,5.79793,8,0.38318,0
4.557,8926,120,317,0,0,2,0,0,0.13108,6.86486,36,0.30226,0
4.463,16732,183,418,0,0,1,0,0,0.18856,6.64112,96,0.36212,0
4.949,514,64,30,0,0,0,0,0,0.09728,0.0,0,0.24708,0
5.059,4561,164,65,0,0,0,0,0,0.2403,9.87097,0,0.11511,0
4.456,207,49,14,0,0,0,0,0,0.09662,0.0,0,0.26087,0
4.547,108,48,8,0,0,0,0,0,0.07407,0.0,0,0.10185,0
4.164,1936,57,71,0,0,0,0,0,0.09401,0.0,0,0.38688,0
4.312,2756,72,139,0,0,0,0,0,0.11139,5.70588,0,0.33418,0
4.522,6334,112,123,0,0,0,0,0,0.14793,0.0,0,0.28386,0
3.48,3523,22,270,0,0,0,0,0,0.57678,5.8,0,0.37411,0
4.711,397,74,23,0,0,0,0,0,0.09572,0.0,0,0.20403,0
4.916,1233,98,50,0,0,0,0,0,0.13382,5.3913,0,0.21411,0
4.577,1769,74,87,0,0,0,0,0,0.13058,6.29412,4,0.29734,0
4.674,5172,115,186,0,0,1,0,0,0.14985,7.23529,19,0.28906,0
4.639,11102,109,376,0,0,0,0,0,0.15006,7.75732,43,0.29598,0
4.802,481,78,22,0,0,0,0,0,0.0894,0.0,0,0.16424,0
5.044,1984,94,53,0,0,0,0,0,0.06855,12.66667,4,0.21069,0
4.933,1799,103,63,0,0,0,0,0,0.13285,6.96429,2,0.24013,0
4.632,5206,128,183,0,0,0,0,0,0.13081,8.04762,24,0.26008,0
4.676,309,89,12,0,0,0,0,0,0.12945,6.0,0,0.19741,0
4.549,7519,92,204,0,0,0,0,0,0.09642,8.0,0,0.22476,0
4.996,16569,177,481,0,0,0,0,0,0.18148,9.05882,90,0.24009,0
4.189,5788,110,200,0,0,0,0,0,0.13234,8.81053,29,0.39616,0
4.527,2485,90,94,0,0,0,0,0,0.12837,7.21622,1,0.29296,0
4.652,684,74,34,0,0,0,0,0,0.1345,7.66667,0,0.27924,0
4.604,1066,93,39,0,0,0,0,0,0.07974,7.33333,2,0.21295,0
4.557,3356,98,121,0,0,0,0,0,0.118,7.30435,7,0.2935,0
4.88,178,65,13,0,0,0,0,0,0.13483,0.0,0,0.11798,0
4.764,36501,138,1022,1,0,0,0,0,0.11827,9.8166,123,0.22969,0
4.869,2305,167,62,0,0,0,0,0,0.14143,7.4902,8,0.20781,0
4.436,8341,194,183,0,0,0,0,0,0.15538,7.61538,3,0.34061,0
4.869,537,94,22,0,0,0,0,0,0.07821,0.0,0,0.14711,0
4.69,4026,162,74,0,0,0,1,0,0.11724,6.65263,3,0.15002,0
4.623,9547,214,247,0,0,0,0,0,0.15083,6.32512,26,0.27852,0
4.761,4052,129,90,0,0,0,0,0,0.10933,6.95714,4,0.15721,0
5.123,4798,162,124,0,0,0,0,0,0.25052,7.68182,11,0.1436,0
4.29,17135,120,556,1,0,0,0,0,0.13598,7.92174,81,0.41243,0
4.643,16143,428,360,0,0,0,0,0,0.13213,10.54762,65,0.24871,0
4.536,6682,87,284,0,0,0,0,0,0.132,6.40152,8,0.30814,0
4.343,1926,73,106,0,0,0,0,0,0.13032,7.34615,1,0.33178,0
4.199,4099,75,214,0,0,0,0,0,0.11125,5.38889,0,0.35887,0
4.496,2628,88,71,0,0,0,0,0,0.07268,9.0,2,0.23097,0
4.668,1123,79,44,0,0,0,0,0,0.12823,6.85714,0,0.27159,0
4.823,336,64,19,0,0,0,0,0,0.12202,8.0,0,0.21726,0
4.614,8765,112,332,0,0,0,0,0,0.12447,7.08383,6,0.27986,0
4.676,434,93,20,0,0,0,0,0,0.11751,10.5,3,0.22581,0
4.462,88,39,9,0,0,0,0,0,0.10227,0.0,0,0.15909,0
4.391,5128,124,210,0,0,0,0,0,0.15074,7.44231,24,0.34672,0
4.83,2926,199,125,0,0,0,0,0,0.12269,8.08108,6,0.25154,0
4.851,47568,240,1604,0,0,0,0,0,0.11237,9.88152,255,0.19587,0
5.037,5749,143,163,0,0,0,0,2,0.17133,9.7234,35,0.18212,0
4.706,4138,131,99,0,0,0,0,0,0.10222,9.46667,24,0.16747,0
4.504,1706,107,81,0,0,0,0,0,0.11958,8.4,4,0.30774,0
4.476,2957,76,123,0,0,0,0,0,0.12885,6.82456,2,0.31045,0
4.475,658,66,27,0,0,0,0,0,0.09422,5.5,0,0.24164,0
4.611,1425,75,60,0,0,0,0,0,0.14596,7.30769,5,0.28351,0
4.76,2250,105,78,0,0,0,0,0,0.14622,2.375,0,0.28667,0
4.919,3117,98,82,2,0,0,0,0,0.16715,7.4,2,0.24703,0
4.657,3249,126,123,0,0,0,0,0,0.14097,6.70769,7,0.29517,0
4.509,4997,129,183,0,0,0,0,0,0.12668,5.52273,4,0.32499,0
4.676,11791,106,490,0,0,0,0,0,0.17106,7.50893,28,0.29294,0
4.688,308,89,12,0,0,0,0,0,0.12987,6.0,0,0.19805,0
4.404,921,74,48,0,0,0,0,0,0.15201,7.26923,4,0.32356,0
4.666,664,66,35,0,0,0,0,0,0.11145,5.0,0,0.24548,0
4.777,2358,115,77,0,0,0,0,0,0.14334,7.85714,3,0.25742,0
4.536,68970,118,1834,0,0,0,0,0,0.14882,9.53746,368,0.34589,0
4.844,1689,79,52,0,0,0,0,0,0.0894,7.33333,0,0.24512,0
4.73,2333,114,81,0,0,0,0,12,0.17274,8.12195,9,0.28676,0
4.568,7744,88,309,0,0,0,0,0,0.15225,5.62185,7,0.35008,0
4.783,4415,98,144,0,0,0,0,0,0.15289,5.32432,0,0.28516,0
5.391,7596,714,218,1,0,0,0,0,0.22367,7.86857,22,0.26659,0
4.684,1035,79,39,0,0,0,0,0,0.28502,0.0,0,0.257,0
4.459,7159,129,319,0,0,1,0,0,0.13759,7.17073,5,0.31638,0
4.477,128,44,11,0,0,0,0,0,0.07812,0.0,0,0.14844,0
4.667,1430,92,55,0,0,0,0,0,0.10839,6.75,3,0.26364,0
4.693,323,61,20,0,0,0,0,0,0.11765,5.0,0,0.22601,0
4.724,82371,145,1183,0,0,0,0,0,0.17966,9.0,0,0.18043,0
4.444,247,50,15,0,0,0,0,0,0.09717,5.0,0,0.2834,0
4.512,658,105,25,0,0,0,0,0,0.06839,0.0,0,0.20517,0
4.638,111,49,9,0,0,0,0,0,0.09009,0.0,0,0.12613,0
4.852,484,78,27,0,0,0,0,0,0.13017,8.75,3,0.19628,0
4.48,9950,110,441,0,0,0,0,0,0.14271,8.19328,41,0.3194,0
4.471,293,61,16,0,0,0,0,0,0.11263,8.5,2,0.26621,0
4.474,2041,97,101,0,0,0,0,0,0.18373,6.28125,10,0.34934,0
4.862,1837,192,34,0,0,0,0,0,0.18781,10.0,0,0.20468,0
3.48,3523,22,270,0,0,0,0,0,0.57678,5.8,0,0.37411,0
4.586,1230,103,46,0,0,0,0,0,0.07642,9.5,0,0.20732,0
4.765,1423,83,60,0,0,0,0,0,0.11806,9.74074,15,0.25931,0
4.845,789,117,35,0,0,0,0,0,0.12167,6.54545,0,0.21546,0
4.486,1578,77,58,0,0,0,0,0,0.07731,5.5,0,0.24208,0
4.684,2158,124,73,0,0,0,0,0,0.18814,7.85106,3,0.29055,0
4.523,7433,158,250,0,0,0,0,0,0.13494,8.37313,20,0.30835,0
4.684,308,89,12,0,0,0,0,0,0.12987,6.0,0,0.19805,0
4.836,8193,139,180,0,0,0,0,0,0.11424,8.35659,33,0.17234,0
4.367,8483,94,275,0,0,0,0,0,0.17965,4.74449,10,0.41495,0
4.66,53376,172,1675,3,6,0,3,2,0.12965,6.38513,58,0.30621,0
4.6,2633,108,110,0,0,0,0,0,0.13635,7.09091,6,0.29738,0
5.242,116018,296,3816,6,0,3,6,0,0.17843,9.78145,743,0.21593,0
4.5,2708,83,112,0,0,0,0,0,0.10266,6.66667,0,0.274,0
4.75,5631,150,100,0,0,0,0,0,0.11827,7.06818,2,0.13266,0
4.469,1840,91,87,0,0,0,0,0,0.12663,7.75758,0,0.29946,0
4.808,595,90,29,0,0,0,0,0,0.11092,5.0,0,0.19496,0
4.387,2013,112,77,0,0,0,0,0,0.1232,7.0,0,0.37009,0
4.36,2917,127,97,0,0,0,0,0,0.1649,6.62903,0,0.3651,0
4.488,8540,117,294,0,0,0,0,3,0.126,8.31387,41,0.33489,0
4.805,1650,85,47,0,0,0,0,0,0.18788,5.0,0,0.13939,0
3.48,3523,22,270,0,0,0,0,0,0.57678,5.8,0,0.37411,0
4.608,10269,99,323,0,0,0,0,0,0.15172,7.35938,77,0.32973,0
4.523,14296,111,539,0,0,0,0,0,0.15284,6.0,11,0.33142,0
4.717,10367,108,354,0,0,0,0,0,0.17006,7.54839,26,0.29864,0
4.642,17925,119,576,2,0,3,0,0,0.12039,6.59864,10,0.28642,0
4.503,11892,298,405,0,0,0,0,0,0.13505,6.49412,27,0.3367,0
4.53,1125,84,54,0,0,0,0,0,0.12089,6.07143,0,0.31111,0
4.455,5642,84,241,0,0,0,0,0,0.14002,6.10448,1,0.31354,0
4.371,1744,100,89,0,0,0,0,0,0.12443,6.52174,1,0.33486,0
4.936,1463,103,54,0,0,0,0,0,0.13876,5.84375,0,0.19754,0
4.583,1086,92,58,0,0,0,0,0,0.12431,6.3125,0,0.30939,0
4.648,2071,105,78,0,0,0,0,0,0.11927,5.875,0,0.24915,0
4.949,728,93,28,0,0,0,0,0,0.09066,6.0,0,0.20467,0
4.28,397,59,26,0,0,0,0,0,0.13098,5.375,0,0.33753,0
4.805,3724,121,119,0,0,0,0,0,0.12057,6.5873,2,0.21214,0
5.101,748,98,38,0,0,0,0,0,0.1738,7.5,0,0.23529,0
4.671,306,89,12,0,0,0,0,0,0.13072,6.0,0,0.19935,0
4.504,745,109,26,0,0,0,0,0,0.08725,7.5,0,0.22416,0
4.381,2065,115,97,0,0,0,0,0,0.11574,8.32258,8,0.32446,0
4.611,296,84,14,0,0,0,0,0,0.10135,0.0,0,0.19595,0
4.703,1170,117,39,0,0,0,0,0,0.11111,8.33333,5,0.2265,0
4.657,308,89,12,0,0,0,0,0,0.12987,6.0,0,0.19805,0
4.91,207,132,4,0,0,0,0,0,0.23671,11.0,1,0.11111,0
4.444,1398,94,67,0,0,0,0,0,0.11874,7.38095,5,0.29685,0
4.697,303,53,19,0,0,0,0,0,0.12871,6.0,0,0.23432,0
5.087,565,162,21,0,0,0,0,0,0.15929,0.0,0,0.13274,0
4.233,2575,2212,14,0,0,0,0,0,0.34563,4.0,0,0.00893,0
4.967,1398,206,48,0,0,0,0,0,0.18813,7.63636,0,0.19886,0
4.953,255,46,14,0,0,0,0,0,0.16078,0.0,0,0.15686,0
4.518,15049,107,542,0,0,0,0,0,0.10778,7.10448,2,0.29464,0
5.062,685,71,35,0,0,0,0,0,0.12263,4.5,0,0.22628,0
4.639,928,76,32,0,0,0,0,0,0.1056,7.18182,1,0.18319,0
4.806,342,74,17,0,0,0,0,0,0.08187,0.0,0,0.16959,0
4.784,78453,211,2705,0,0,0,0,0,0.10536,6.2972,64,0.20387,0
4.486,125,54,11,0,0,0,0,0,0.072,0.0,0,0.152,0
4.931,631,98,32,0,0,0,0,0,0.187,8.0,0,0.27575,0
4.629,916,97,47,0,0,0,0,0,0.11572,6.8,0,0.26747,0
3.268,24,23,2,0,0,0,0,0,0.45833,4.5,0,0.25,0
4.527,3859,131,108,0,0,0,0,0,0.06375,0.0,0,0.25447,0
4.583,7803,107,296,0,0,0,0,16,0.15994,6.78417,4,0.34884,0
4.471,134,34,11,0,0,0,0,0,0.10448,0.0,0,0.25373,0
4.471,1194,90,53,0,0,0,0,0,0.10804,3.69231,0,0.27806,0
4.482,7890,93,323,1,0,0,0,0,0.13333,6.74872,38,0.31914,0
4.378,5207,85,229,0,0,0,0,0,0.15095,6.75532,7,0.34338,0
4.554,2044,97,82,0,0,0,0,0,0.13258,7.09375,0,0.28425,0
4.64,443,91,20,0,0,0,0,0,0.13995,11.0,6,0.23702,0
4.672,311,89,12,0,0,0,0,0,0.12862,6.0,0,0.19614,0
4.484,58,28,5,0,0,0,0,0,0.17241,0.0,0,0.18966,0
4.702,1101,123,42,0,0,0,0,0,0.11898,6.4375,0,0.21253,0
4.471,3260,75,129,0,0,0,0,0,0.16135,7.07692,15,0.32883,0
4.802,362,91,19,0,0,0,0,0,0.11878,13.0,2,0.19613,0
3.48,3523,22,270,0,0,0,0,0,0.57707,5.8,0,0.37383,0
4.636,2432,92,90,0,0,0,0,0,0.09128,8.04,8,0.25123,0
4.718,1357,111,45,0,0,0,0,0,0.13707,6.18519,0,0.2395,0
3.48,3523,22,270,0,0,0,0,0,0.57707,5.8,0,0.37383,0
4.903,389,82,19,0,0,0,0,0,0.11825,0.0,0,0.15424,0
4.567,3339,82,104,0,0,0,0,0,0.1177,7.25714,3,0.25906,0
4.893,6651,257,132,1,0,0,0,0,0.16569,7.44531,39,0.23846,0
4.496,19258,121,882,0,0,1,0,0,0.14134,5.52874,18,0.33124,0
4.64,11612,137,437,0,0,0,0,0,0.1377,6.13386,10,0.32208,0
4.395,1933,67,80,0,0,0,0,0,0.11899,6.77778,0,0.30212,0
4.714,1035,93,36,0,0,0,0,0,0.15845,5.64706,2,0.26087,0
4.449,316,59,17,0,0,0,0,0,0.0981,8.33333,0,0.20886,0
4.33,3295,99,121,0,0,0,0,0,0.14082,5.64912,0,0.37238,0
4.661,13185,162,455,0,0,2,0,0,0.13045,6.16406,10,0.28745,0
4.247,15851,150,501,0,0,0,0,0,0.16952,6.70611,9,0.38029,0
4.828,1425,135,44,0,0,0,0,0,0.16632,7.12903,0,0.18807,0
4.439,3890,98,136,0,0,0,0,0,0.12237,8.4,7,0.34344,0
4.447,2649,117,88,0,0,0,0,0,0.1578,6.54902,3,0.33447,0
4.371,1389,70,66,0,0,0,0,0,0.10151,7.8,0,0.2959,0
4.419,831,73,41,0,0,0,0,0,0.12515,4.0625,0,0.30686,0
4.788,7704,102,220,0,0,0,0,22,0.15602,9.85,43,0.27025,0
4.738,2767,111,94,0,0,0,0,0,0.13227,8.57692,9,0.25443,0
4.568,1199,71,59,0,0,0,0,0,0.12594,6.1,1,0.26939,0
4.712,16179,104,476,2,0,0,0,33,0.16441,7.73789,82,0.30286,0
4.402,464,81,21,0,0,0,0,0,0.09483,9.66667,2,0.29095,0
4.847,2035,91,67,0,0,0,0,2,0.13514,7.35714,6,0.29533,0
4.551,956,90,32,0,0,0,0,0,0.07218,0.0,0,0.20921,0
4.578,1408,94,53,0,0,0,0,0,0.11151,7.5,3,0.25639,0
4.671,310,89,12,0,0,0,0,0,0.12903,6.0,0,0.19677,0
4.287,1121,67,57,0,0,0,0,0,0.11418,6.625,2,0.33988,0
4.59,7913,116,295,3,0,0,0,0,0.15557,6.90909,9,0.32428,0
4.756,4121,119,91,0,0,0,0,0,0.11575,5.75,1,0.14535,0
4.423,734,105,39,0,0,0,0,0,0.13215,6.36364,0,0.32016,0
4.853,521,74,25,0,0,0,0,0,0.10557,0.0,0,0.16123,0
3.483,3484,22,267,0,0,0,0,0,0.57664,5.8,0,0.37371,0
4.82,8176,165,103,0,1,0,0,0,0.10409,7.86567,14,0.08818,0
4.31,1324,86,57,0,0,0,0,0,0.12311,9.33333,0,0.30891,0
4.445,212,42,14,0,0,0,0,0,0.09434,0.0,0,0.24528,0
4.88,1664,88,66,0,0,0,0,0,0.128,4.57143,0,0.25721,0
4.548,1013,60,52,0,0,0,0,0,0.11846,5.6,0,0.27937,0
4.652,2673,89,94,0,0,0,0,0,0.10513,13.84615,15,0.25065,0
4.683,8826,109,179,0,0,0,0,0,0.18525,7.66667,4,0.2504,0
5.069,725,107,28,0,0,0,0,4,0.14207,11.44444,5,0.15862,0
4.616,9399,119,288,0,0,0,0,6,0.15044,9.80408,104,0.31844,0
4.173,918,67,55,0,0,0,0,0,0.13181,5.7619,0,0.37908,0
4.518,2585,106,107,0,0,0,0,0,0.09323,6.07692,1,0.25764,0
4.674,310,89,12,0,0,0,0,0,0.12903,6.0,0,0.19677,0
4.581,683,124,28,0,0,0,0,0,0.08492,6.0,0,0.20498,0
4.852,8616,272,195,0,0,0,0,0,0.1214,13.48175,90,0.18234,0
5.107,235,115,4,0,0,0,0,0,0.22979,11.0,1,0.10638,0
3.48,3523,22,270,0,0,0,0,0,0.57707,5.8,0,0.37383,0
4.696,1015,75,50,0,0,0,0,0,0.09951,0.0,0,0.22562,0
4.706,3520,94,140,0,0,2,0,0,0.12983,6.63158,7,0.25682,0
4.748,2818,114,103,0,0,0,0,13,0.17814,6.38889,4,0.2885,0
4.652,2214,114,74,0,0,0,0,0,0.16215,10.44444,17,0.28771,0
4.585,677,72,30,0,0,0,0,0,0.10192,5.36364,0,0.25111,0
4.829,2201,107,88,0,0,0,0,0,0.14403,5.89744,3,0.2667,0
4.789,1698,74,66,0,0,0,0,0,0.15371,2.42857,0,0.27856,0
4.621,1908,140,61,0,0,0,0,0,0.12055,8.19355,3,0.27673,0
4.566,3075,91,129,0,0,0,0,0,0.13041,7.52381,9,0.28878,0
4.73,1272,156,56,0,0,0,0,0,0.13443,4.69231,0,0.27516,0
4.764,1901,79,75,0,0,0,0,1,0.14887,7.625,5,0.25986,0
4.535,1954,93,93,0,0,0,0,0,0.1479,5.90476,3,0.29939,0
4.729,1614,104,75,0,0,0,0,0,0.20384,5.36842,0,0.28625,0
4.807,793,109,36,0,0,0,0,0,0.1488,6.5625,0,0.21438,0
4.749,7315,103,230,0,0,0,0,7,0.16651,8.14013,36,0.29624,0
4.237,2387,71,148,0,0,0,0,0,0.13825,5.23333,0,0.37746,0
4.906,1986,198,48,0,0,0,0,0,0.21299,9.26316,7,0.16717,0
4.619,12483,192,326,0,0,0,0,0,0.13322,6.52607,19,0.31539,0
4.828,54964,115,1662,0,0,0,0,0,0.13556,5.99663,70,0.29987,0
4.3,6198,114,165,0,0,0,0,0,0.13472,9.125,35,0.37561,0
4.536,10516,89,338,0,0,0,0,0,0.15424,7.65297,62,0.34747,0
4.605,9472,119,334,1,0,0,0,0,0.14242,7.44565,35,0.3296,0
4.875,44512,541,1502,1,0,2,0,0,0.1625,6.632,84,0.30268,0
4.892,777,171,26,0,0,0,0,0,0.1094,7.33333,0,0.17117,0
4.72,2021,80,70,0,0,0,0,0,0.11331,5.9,0,0.26126,0
5.031,442,93,22,0,0,0,0,0,0.0905,10.5,1,0.15837,0
4.725,82784,145,1188,0,0,0,0,0,0.17967,9.0,0,0.18031,0
4.612,1269,84,60,0,0,0,0,0,0.12372,6.1,1,0.25453,0
4.86,483,78,27,0,0,0,0,0,0.13043,8.75,3,0.19669,0
4.503,1283,91,50,0,0,0,0,0,0.0834,8.5,0,0.25409,0
4.484,252,48,17,0,0,0,0,0,0.11508,5.5,0,0.29365,0
4.445,11370,180,408,3,0,1,0,0,0.16042,5.60429,23,0.35515,0
4.612,2891,165,98,0,0,0,0,0,0.16638,7.36508,0,0.28987,0
4.208,3031,82,151,0,0,0,0,0,0.14814,4.27632,0,0.41339,0
4.566,3002,106,134,0,0,0,0,0,0.16622,4.33766,0,0.31812,0
4.695,2914,89,87,0,0,0,0,0,0.10776,14.13793,18,0.24468,0
4.607,2544,131,105,0,0,0,0,0,0.12186,5.0,0,0.27752,0
4.785,10466,153,344,0,0,0,0,0,0.20562,3.57506,4,0.33652,0
4.663,1736,103,59,0,0,0,0,0,0.09101,11.66667,7,0.23157,0
4.526,1053,71,45,0,0,0,0,0,0.15385,9.75,9,0.2887,0
4.549,77155,119,2432,0,0,0,0,1,0.13411,7.50499,275,0.35461,0
4.637,4284,118,152,0,0,0,0,0,0.11881,5.05882,2,0.27731,0
4.573,336,34,19,0,0,0,0,0,0.13393,0.0,0,0.30952,0
4.485,11315,142,480,0,0,0,0,0,0.127,6.30688,15,0.32179,0
4.799,812,125,38,0,0,0,0,0,0.10961,7.36364,0,0.23522,0
4.929,1046,161,34,0,0,0,0,0,0.14436,7.42857,0,0.20076,0
4.489,814,83,39,0,0,0,0,0,0.10565,4.5,0,0.28747,0
4.515,2869,110,98,0,0,0,0,0,0.1443,8.58511,12,0.3008,0
4.448,2756,84,112,0,0,0,0,0,0.14731,7.41667,0,0.34579,0
4.017,1864,131,47,0,0,0,0,0,0.17972,7.61111,0,0.40826,0
5.137,536,152,21,0,0,0,0,0,0.15672,0.0,0,0.13993,0
4.646,50852,181,1714,0,0,0,0,0,0.1317,6.89665,83,0.28715,0
4.664,4004,230,111,0,0,0,0,0,0.1451,8.75,13,0.29321,0
4.662,12509,103,406,1,0,0,0,11,0.15557,7.3102,52,0.31617,0
4.58,95,40,9,0,0,0,0,0,0.09474,0.0,0,0.16842,0
4.63,82,37,9,0,0,0,0,0,0.10976,0.0,0,0.17073,0
4.379,7475,114,264,0,0,0,0,0,0.1287,8.33594,23,0.3699,0
4.16,4154,104,156,0,0,0,0,0,0.13529,5.37179,0,0.42056,0
4.688,1584,90,68,0,0,0,0,0,0.13889,7.2,5,0.27715,0
4.598,1554,63,76,0,0,1,0,0,0.09974,7.75,0,0.27542,0
4.966,17561,139,603,0,0,0,0,0,0.12477,8.82174,49,0.25773,0
4.692,5621,94,195,0,0,0,0,0,0.10674,5.94872,0,0.3035,0
4.369,59292,24,4107,0,0,0,0,0,0.61819,0.0,0,0.34791,0
4.431,2772,74,142,0,0,0,0,0,0.1324,7.925,9,0.35498,0
4.535,377,82,19,0,0,0,0,0,0.08488,14.0,2,0.23873,0
4.735,808,95,31,0,0,0,0,0,0.08292,8.5,0,0.15718,0
4.49,539,51,28,0,0,0,0,0,0.11132,7.54545,0,0.27458,0
4.544,1853,98,65,0,0,0,0,0,0.09714,10.6875,4,0.24987,0
4.523,1165,93,50,0,0,0,0,0,0.13047,8.0625,4,0.28927,0
4.459,532,89,25,0,0,0,0,0,0.09211,6.66667,0,0.27256,0
4.881,177,65,13,0,0,0,0,0,0.13559,0.0,0,0.11864,0
4.365,11639,109,319,0,0,0,0,0,0.15603,5.55602,5,0.41249,0
4.795,2873,103,104,1,1,0,0,0,0.17751,6.43396,6,0.28159,0
4.183,674,83,21,0,0,0,0,0,0.28783,0.0,0,0.19733,0
4.944,1183,153,50,0,0,0,0,0,0.11074,10.0,8,0.22232,0
4.468,20491,172,615,0,0,0,0,0,0.12942,8.18688,89,0.32917,0
4.624,744,104,29,0,0,0,0,0,0.11828,0.0,0,0.21774,0
4.507,2269,94,83,0,0,0,0,0,0.11767,8.42857,16,0.25914,0
4.504,18453,103,582,0,0,0,0,0,0.16339,6.35484,98,0.35187,0
4.457,441,87,22,0,0,0,0,0,0.09977,8.0,0,0.26531,0
4.789,2589,120,96,0,0,0,0,2,0.15489,9.39344,23,0.26767,0
4.825,1021,106,48,0,0,0,0,0,0.12243,9.38462,3,0.25269,0
4.367,1363,68,77,0,0,0,0,0,0.13059,5.7,0,0.36831,0
4.731,2486,167,109,0,0,0,0,0,0.1432,6.80851,8,0.30451,0
5.121,3740,103,105,0,1,0,0,0,0.09198,7.65517,5,0.23342,0
4.594,751,104,29,0,0,0,0,0,0.11718,0.0,0,0.21571,0
4.162,1954,85,105,0,0,0,0,0,0.11566,5.0,2,0.35619,0
4.545,1473,90,53,0,0,0,0,0,0.13103,5.0,0,0.28921,0
4.534,999,81,31,0,0,0,0,0,0.06006,0.0,0,0.1972,0
4.412,736,86,38,0,0,0,0,0,0.13587,6.47368,0,0.33016,0
4.715,1732,132,70,0,0,0,0,0,0.10912,6.29412,2,0.26617,0
4.657,966,108,45,0,0,0,0,0,0.11594,5.76923,0,0.26294,0
4.935,108,51,8,0,0,0,0,0,0.12037,0.0,0,0.10185,0
5.006,3947,317,85,0,0,0,0,0,0.19255,8.75472,15,0.15151,0
4.245,3006,88,138,1,0,0,0,0,0.12874,7.8871,11,0.37725,0
4.593,3595,92,148,0,0,0,0,0,0.14548,6.74074,12,0.34576,0
4.409,11972,112,453,0,0,0,0,0,0.12379,8.3691,47,0.33278,0
4.862,12200,309,273,0,0,0,0,0,0.12393,16.26,118,0.23082,0
4.789,741,104,30,0,0,0,0,0,0.14035,6.85714,3,0.21727,0
4.789,6581,232,200,0,0,0,0,0,0.13205,8.98507,22,0.24571,0
4.586,307,59,20,0,0,0,0,0,0.11726,12.0,2,0.26059,0
4.56,4832,231,173,0,0,0,0,0,0.16411,7.19403,5,0.31105,0
4.456,726,73,28,0,0,0,0,0,0.11983,4.33333,0,0.29752,0
4.576,2970,118,103,0,0,0,0,0,0.12323,6.34615,3,0.30707,0
4.424,958,82,45,0,0,0,0,0,0.11378,6.86667,0,0.27244,0
4.773,521,91,23,0,0,0,0,0,0.11324,7.0,0,0.15931,0
4.73,5624,216,189,0,0,0,0,0,0.12411,10.02247,23,0.25302,0
4.529,312,72,17,0,0,0,0,0,0.08654,2.0,0,0.23718,0
4.48,10355,117,337,0,0,0,0,0,0.14148,6.50655,36,0.34824,0
4.621,15028,140,523,0,0,0,0,0,0.13748,5.88024,11,0.30723,0
4.547,12692,98,518,1,0,0,0,0,0.10621,8.70558,35,0.32485,0
4.599,15458,135,439,0,0,0,0,0,0.12712,10.081,124,0.27313,0
4.457,7194,112,306,0,0,0,0,0,0.13831,5.6087,0,0.32972,0
4.442,2188,98,76,0,0,0,0,0,0.11243,6.8,3,0.32541,0
4.801,415,74,23,0,0,0,0,0,0.0988,9.0,0,0.20964,0
4.976,135008,199,4438,1,0,0,0,10,0.16647,10.21983,741,0.2287,0
4.372,3148,80,151,0,0,0,0,0,0.11341,7.05,0,0.32147,0
4.888,1292,177,45,0,0,0,0,0,0.18576,6.77778,2,0.21517,0
4.353,13111,101,449,0,0,0,0,0,0.13897,6.78661,23,0.38166,0
4.519,3725,98,121,0,0,0,0,0,0.12617,8.84444,7,0.31007,0
4.614,753,104,29,0,0,0,0,0,0.11687,0.0,0,0.21514,0
4.766,1616,93,64,0,0,0,0,0,0.13181,5.6,0,0.2729,0
4.545,10072,111,347,0,0,0,0,0,0.13374,7.46875,43,0.34194,0
4.599,143641,169,3857,0,0,0,0,0,0.23491,4.00232,0,0.35821,0
4.663,16060,122,613,0,0,0,0,0,0.15878,6.51136,15,0.30075,0
4.636,5538,149,197,0,0,0,0,0,0.11448,8.28378,26,0.24666,0
4.569,786,90,31,0,0,0,0,0,0.1056,8.14286,0,0.25191,0
4.535,1145,74,53,0,0,0,0,0,0.09869,7.85714,0,0.26114,0
4.834,275,70,16,0,0,0,0,0,0.13455,6.33333,0,0.19636,0
4.427,546,98,19,0,0,0,0,0,0.07326,9.0,2,0.24542,0
4.198,1568,93,87,0,0,0,0,0,0.11161,7.0,4,0.37691,0
5.131,565,162,21,0,0,0,0,0,0.15929,0.0,0,0.13274,0
4.638,84,83,2,0,0,0,0,0,0.21429,0.0,0,0.09524,0
4.64,2106,95,84,0,0,0,0,0,0.15147,7.86957,6,0.29535,0
4.493,799,99,36,0,0,0,0,0,0.13267,4.64286,0,0.32791,0
4.628,1091,103,46,0,0,0,0,0,0.13841,7.58824,0,0.30156,0
4.849,142,50,12,0,0,0,0,0,0.1338,0.0,0,0.12676,0
4.899,18656,237,562,0,0,0,1,0,0.17196,6.51116,44,0.2701,0
4.804,10209,228,284,0,0,1,0,0,0.1338,7.65639,37,0.25703,0
4.898,593,74,25,0,0,0,0,0,0.09612,15.0,3,0.21079,0
4.51,4263,114,179,0,0,0,0,0,0.12714,5.42683,0,0.30776,0
4.469,2307,109,108,0,0,0,0,0,0.12527,6.77778,3,0.30299,0
4.796,1424,109,57,0,0,0,0,0,0.18048,6.68,0,0.26334,0
4.717,731,65,30,0,0,0,0,0,0.12996,4.0,0,0.20109,0
4.793,1509,81,64,0,0,0,0,0,0.11597,5.73333,0,0.22995,0
4.91,110,53,8,0,0,0,0,0,0.11818,0.0,0,0.1,0
4.54,446,64,22,0,0,0,0,0,0.15471,7.0,0,0.28251,0
4.401,7008,102,336,0,0,0,0,0,0.13713,6.08929,6,0.34832,0
4.683,2228,186,75,0,0,0,0,0,0.12837,5.41379,1,0.25628,0
4.38,3958,176,136,0,0,0,0,0,0.14856,8.28736,13,0.36559,0
4.456,3095,95,89,0,0,0,0,0,0.06268,8.0,0,0.26785,0
5.049,2840,116,101,0,0,0,1,0,0.14507,7.21739,7,0.22641,0
4.945,962,86,42,0,0,0,0,0,0.12682,5.0,0,0.21726,0
4.451,11330,209,351,0,0,0,0,0,0.12374,6.5534,23,0.33866,0
4.63,50889,123,2028,0,0,0,0,0,0.16247,7.80133,102,0.29171,0
4.436,2924,87,113,0,0,0,0,0,0.13714,8.14706,15,0.30027,0
4.785,4719,82,207,0,0,0,0,0,0.10638,4.0,0,0.3185,0
4.56,6121,95,198,1,0,0,0,3,0.12727,9.22581,19,0.33361,0
4.281,745,59,41,0,0,0,0,0,0.12617,8.07692,6,0.31946,0
4.534,3634,135,116,0,0,1,0,0,0.13704,7.08247,23,0.32031,0
3.487,3419,22,262,0,0,0,0,0,0.57561,5.8,0,0.37379,0
4.774,1789,105,64,0,0,0,0,0,0.14589,2.375,0,0.28284,0
4.671,1047,74,53,0,0,0,0,0,0.13372,6.71429,0,0.26457,0
4.385,718,69,36,0,0,0,0,0,0.12674,7.8,0,0.26184,0
4.855,347,74,17,0,0,0,0,0,0.07781,0.0,0,0.16715,0
4.468,2286,108,112,1,0,0,0,0,0.13298,7.85714,7,0.32633,0
4.074,12362,88,382,0,0,0,0,0,0.13388,7.55319,45,0.4327,0
4.339,3076,69,155,0,0,0,0,0,0.13752,5.27027,0,0.35306,0
4.702,4676,249,167,0,0,0,0,0,0.12126,9.21429,18,0.25513,0
4.625,453,101,22,0,0,0,0,0,0.11921,7.0,0,0.22517,0
4.36,1073,63,54,0,0,0,0,0,0.17148,9.0,0,0.37092,0
4.403,22350,119,618,0,0,0,0,9,0.15154,8.10142,135,0.36456,0
4.885,797,89,36,0,0,0,0,0,0.11418,3.85714,0,0.23463,0
4.45,2584,71,120,0,0,0,0,0,0.12461,7.77778,7,0.32701,0
4.807,1906,105,64,0,0,0,0,0,0.13536,6.45833,0,0.26548,0
4.913,1751,119,67,0,0,0,0,2,0.15077,6.94118,6,0.25414,0
5.286,15353,150,451,0,0,0,0,0,0.15209,0.0,0,0.10415,0
4.472,1620,116,60,0,0,0,0,0,0.15802,6.88235,0,0.33395,0
4.434,3373,99,158,0,0,0,0,0,0.11977,6.27273,4,0.32464,0
4.474,1097,104,48,0,0,0,0,0,0.12124,8.0,0,0.29262,0
4.589,8068,200,246,0,0,0,0,0,0.16361,7.10044,21,0.31061,0
4.658,1606,90,69,0,0,0,0,0,0.10772,7.77778,4,0.25716,0
4.459,6928,171,296,0,0,0,0,0,0.16008,5.47205,0,0.34469,0
4.461,2702,91,115,0,0,0,0,0,0.12361,7.26087,7,0.31088,0
4.622,1435,122,52,0,0,0,0,0,0.14704,5.51724,0,0.30662,0
4.413,1643,113,80,0,0,0,0,0,0.11321,8.08696,6,0.31284,0
5.07,752,74,32,0,0,0,0,0,0.10771,5.75,0,0.23138,0
4.504,858,105,47,0,0,0,0,0,0.11538,7.0,3,0.27855,0
4.458,7252,109,323,0,0,4,0,0,0.14368,5.98225,4,0.33591,0
4.711,3963,173,139,0,0,0,0,0,0.162,6.54054,7,0.3081,0
4.361,3407,147,108,0,0,0,0,0,0.17405,6.4717,1,0.371,0
4.574,13460,278,482,0,0,0,0,0,0.1448,7.01434,17,0.2971,0
4.37,7061,143,233,0,0,0,0,0,0.13822,7.15873,23,0.35264,0
5.048,578,109,26,0,0,0,0,0,0.15052,5.66667,0,0.16782,0
4.683,858,93,33,0,0,0,0,0,0.11888,5.77778,0,0.20862,0
4.559,2052,104,90,0,0,0,0,0,0.13012,7.70588,6,0.30799,0
4.784,1724,79,68,0,0,0,0,2,0.13747,7.30769,6,0.24768,0
4.614,47088,143,1671,1,0,0,0,0,0.14063,6.27712,30,0.2943,0
4.746,1421,146,65,0,0,1,0,0,0.12034,9.6,8,0.24068,0
4.724,1479,126,37,0,0,0,0,0,0.1048,5.66667,0,0.1332,0
4.436,91,41,9,0,0,0,0,0,0.0989,0.0,0,0.15385,0
4.872,1215,83,47,0,0,0,0,1,0.17531,7.04167,0,0.24856,0
4.737,1072,84,56,0,0,0,0,0,0.12034,7.0,3,0.27985,0
4.55,1485,161,64,0,0,1,0,0,0.14949,5.94286,2,0.33199,0
4.641,3379,111,112,0,0,0,0,3,0.14975,8.35,9,0.30216,0
4.657,1723,80,79,0,0,0,0,0,0.1271,8.0,0,0.28091,0
4.265,2946,74,127,0,0,0,0,0,0.13103,7.43396,16,0.35777,0
4.584,65346,242,1947,1,0,0,0,0,0.14841,6.83693,99,0.32596,0
4.288,1453,55,79,0,0,0,0,0,0.12044,6.08,1,0.34136,0
4.465,6410,83,277,0,0,0,0,0,0.13729,5.18681,0,0.33276,0
4.349,1209,69,67,0,0,0,0,0,0.14227,6.26316,0,0.3507,0
4.831,531,82,23,0,0,0,0,0,0.09228,0.0,0,0.16196,0
4.481,1984,74,97,0,0,0,0,0,0.13054,5.5625,0,0.31804,0
4.976,1829,213,59,0,0,0,0,0,0.09568,8.33333,7,0.19628,0
4.808,131,42,11,0,0,0,0,0,0.12214,0.0,0,0.10687,0
4.496,536,52,32,0,0,0,0,0,0.11194,6.0,0,0.3041,0
4.42,21068,112,642,0,0,0,0,0,0.1554,8.12293,112,0.36121,0
4.679,2609,85,107,0,0,0,0,0,0.12649,9.63636,13,0.23342,0
4.994,498,76,25,0,0,0,0,0,0.10442,5.6,0,0.17671,0
4.479,6941,100,172,0,0,0,0,0,0.0801,5.81818,0,0.27143,0
4.989,7383,162,213,0,0,0,0,0,0.13016,7.89655,7,0.28647,0
4.725,14355,120,497,0,0,0,2,0,0.11968,8.59751,84,0.19965,0
4.721,2632,139,87,0,0,0,0,0,0.15653,6.69565,0,0.26482,0
4.45,7995,124,333,0,0,0,0,0,0.11557,6.96689,13,0.32708,0
4.462,6092,102,231,0,1,0,0,0,0.1264,6.87069,19,0.31353,0
4.419,19128,86,795,0,0,0,0,0,0.12061,6.90196,7,0.33422,0
4.632,654,75,36,0,0,0,0,0,0.11468,5.0,0,0.26453,0
4.567,5628,128,187,0,0,0,0,0,0.12491,6.67925,22,0.2779,0
5.128,564,160,21,0,0,0,0,0,0.14894,0.0,0,0.13298,0
4.668,306,89,12,0,0,0,0,0,0.13072,6.0,0,0.19935,0
4.438,3112,124,122,0,0,0,0,0,0.12404,7.92308,12,0.31973,0
4.463,92736,120,2670,4,0,0,0,16,0.13644,9.14819,552,0.37552,0
4.718,480,80,25,0,0,0,0,0,0.15625,9.28571,0,0.2375,0
4.744,4225,163,76,0,0,0,0,0,0.11574,7.86275,4,0.12615,0
4.577,4334,135,192,0,0,0,0,0,0.1419,6.82353,8,0.32372,0
4.355,3049,90,153,0,0,0,0,0,0.13513,5.5098,0,0.37619,0
4.481,478,52,23,0,0,0,0,0,0.10042,11.66667,4,0.27197,0
4.569,11430,238,353,0,0,0,0,0,0.14663,5.43969,9,0.31759,0
4.578,4383,99,206,0,0,0,0,0,0.16701,7.52874,5,0.3144,0
4.447,39545,96,1627,1,0,1,0,0,0.12641,7.18356,60,0.31187,0
4.407,5211,119,196,0,0,0,0,0,0.10056,4.4717,0,0.31741,0
5.026,3380,137,113,0,0,0,0,0,0.10473,6.62162,0,0.25266,0
4.509,4765,94,187,0,0,0,0,0,0.12508,7.02326,18,0.27954,0
4.794,116,61,8,0,0,0,0,0,0.11207,0.0,0,0.09483,0
4.805,1633,100,66,0,0,0,0,0,0.1635,5.60714,0,0.27924,0
4.368,3836,89,177,0,0,0,0,0,0.11522,9.39437,37,0.33498,0
4.504,12539,133,480,0,0,2,0,0,0.11915,7.38418,35,0.29141,0
4.926,679,168,27,0,0,0,0,0,0.08689,7.0,0,0.18999,0
4.538,92,47,9,0,0,0,0,0,0.1087,0.0,0,0.15217,0
4.965,1301,90,57,0,0,0,0,0,0.15911,6.31818,0,0.23905,0
4.594,1166,77,57,0,0,0,0,0,0.12607,6.1,1,0.26415,0
4.568,296,54,20,0,0,0,0,0,0.12838,8.0,0,0.27027,0
4.524,2140,117,88,0,0,0,0,0,0.12664,6.64706,3,0.30234,0
4.444,4385,211,120,0,0,0,0,0,0.12543,5.61538,14,0.36488,0
4.816,522,74,23,0,0,0,0,0,0.09387,0.0,0,0.15709,0
4.497,10068,103,339,0,0,0,0,2,0.12515,7.71277,40,0.3232,0
4.279,1109,65,61,0,0,0,0,0,0.12083,6.625,0,0.32913,0
4.442,5128,97,220,0,0,0,0,0,0.12266,5.39744,1,0.3202,0
5.022,632,98,31,0,0,0,0,0,0.19462,8.0,0,0.27215,0
4.57,35733,166,1172,0,0,0,0,0,0.13467,8.65686,148,0.29063,0
4.576,942,64,60,0,0,0,0,0,0.12314,5.33333,0,0.31529,0
4.27,13484,95,484,0,0,0,0,0,0.18696,6.66667,0,0.38935,0
4.429,1035,124,41,0,0,0,0,0,0.10918,10.0,0,0.28889,0
4.726,66171,2729,2177,17,0,1,0,0,0.17085,7.75091,176,0.29954,0
4.622,1166,85,47,0,0,0,0,0,0.15094,6.26316,0,0.29931,0
4.717,4029,186,125,0,0,0,0,0,0.12981,7.76636,21,0.27252,0
4.486,1420,79,57,0,0,0,0,0,0.12817,9.28571,0,0.27465,0
4.507,4532,128,185,0,0,0,0,0,0.15115,7.0,10,0.31575,0
5.007,1097,122,34,0,0,0,0,0,0.12397,12.81818,8,0.1732,0
4.39,35814,174,1319,0,0,0,0,0,0.13372,6.32787,25,0.3469,0
4.938,9618,92,384,0,0,0,0,0,0.18393,8.38603,83,0.2199,0
4.569,3466,104,120,0,0,0,0,0,0.13907,9.18919,25,0.29573,0
4.732,1774,98,65,0,0,0,0,0,0.1336,6.15385,0,0.24408,0
4.727,12181,137,660,0,0,0,0,0,0.13677,7.0,0,0.25433,0
4.878,9165,350,262,0,0,0,0,0,0.11718,9.75735,51,0.23055,0
4.428,1476,89,68,0,0,0,0,0,0.13144,5.05263,1,0.32791,0
4.724,81669,145,1173,0,0,0,0,0,0.17957,9.0,0,0.18041,0
4.984,896,90,36,0,0,0,0,0,0.10268,16.5,3,0.23772,0
4.449,1924,65,94,0,0,0,0,0,0.14033,8.56522,0,0.31549,0
4.676,11517,137,341,0,0,0,0,0,0.14891,10.22283,79,0.27403,0
4.705,1272,70,67,0,0,0,0,0,0.14465,5.0,0,0.27594,0
4.535,11055,150,404,0,0,4,0,0,0.14545,7.01951,25,0.3119,0
4.711,3669,124,104,0,0,0,0,0,0.12701,8.88571,23,0.25947,0
4.568,18679,113,702,0,0,0,0,0,0.12142,7.47289,75,0.28872,0
4.187,2083,71,102,0,0,0,0,0,0.10946,5.5,0,0.3543,0
4.995,2675,156,62,0,0,0,0,0,0.12935,8.38462,4,0.16598,0
4.378,23539,42,1071,0,0,0,0,0,0.19933,0.0,0,0.22665,0
4.41,3167,94,104,0,0,0,0,0,0.15346,8.4717,24,0.33344,0
4.579,7352,103,243,0,0,0,0,0,0.10596,7.5,25,0.28006,0
4.063,8378,103,272,0,0,0,0,0,0.15016,5.32342,30,0.45894,0
4.556,543,106,21,0,0,0,0,0,0.08103,7.5,0,0.23204,0
4.544,11341,116,411,0,0,0,0,0,0.15775,6.48663,14,0.38348,0
4.444,1000,108,50,0,0,0,0,0,0.102,8.0,3,0.298,0
4.599,1350,92,53,0,0,0,0,0,0.14741,4.35714,0,0.27926,0
4.667,313,89,12,0,0,0,0,0,0.1278,6.0,0,0.19489,0
4.912,2286,187,65,0,0,0,0,0,0.14698,8.21622,9,0.2336,0
4.965,441,107,22,0,0,0,0,0,0.08617,20.5,2,0.15873,0
4.343,5596,357,188,0,0,0,0,0,0.17298,6.07031,0,0.37545,0
5.04,39110,206,1037,0,0,0,0,11,0.18637,8.64209,152,0.24357,0
4.728,4112,159,140,0,0,0,0,0,0.11114,8.5,7,0.2427,0
4.632,2042,108,70,0,0,0,0,0,0.13418,7.33333,8,0.26298,0
4.672,7878,125,240,0,0,0,1,0,0.14115,10.18286,61,0.26301,0
5.002,568,74,27,0,0,0,0,0,0.10563,0.0,0,0.15317,0
4.55,6327,106,215,0,0,0,0,0,0.14256,6.56391,10,0.33001,0
4.496,1110,84,59,0,0,0,0,0,0.11532,9.5,4,0.2964,0
4.705,1647,225,49,0,0,0,0,0,0.11415,7.11111,0,0.2374,0
4.598,4543,117,189,0,0,0,0,0,0.14132,6.12,7,0.30244,0
4.589,710,74,38,0,0,0,0,0,0.1338,5.2,0,0.31972,0
5.138,5111,121,178,0,0,0,0,0,0.17746,10.30769,50,0.18353,0
4.251,383,50,23,0,0,0,0,0,0.09399,0.0,0,0.29765,0
4.621,540,98,22,0,0,0,0,0,0.07963,10.0,0,0.17593,0
5.302,723,102,24,0,0,0,1,4,0.18811,10.17647,9,0.1314,0
4.856,734,96,39,0,0,0,0,0,0.09673,12.66667,2,0.23978,0
4.697,1011,104,49,0,0,0,0,0,0.10485,9.6,4,0.23541,0
4.666,308,89,12,0,0,0,0,0,0.12987,6.0,0,0.19805,0
4.763,868,146,37,0,0,0,0,0,0.09793,11.45455,3,0.19585,0
4.906,14123,324,352,0,0,0,0,0,0.09906,15.55963,113,0.19054,0
4.359,4364,81,216,0,0,0,0,0,0.12901,6.12121,0,0.34762,0
4.408,456,71,21,0,0,0,0,0,0.09649,9.66667,2,0.28509,0
4.358,886,64,49,0,0,0,0,0,0.1219,6.44444,0,0.32957,0
4.831,4880,125,135,1,0,0,0,0,0.12377,13.27273,72,0.26393,0
3.5,3224,22,247,0,0,0,0,0,0.57351,5.8,0,0.37283,0
4.652,2890,102,119,0,0,0,0,0,0.11972,7.7619,5,0.25744,0
4.79,2560,102,75,0,0,0,0,0,0.12852,5.68571,0,0.20469,0
4.117,1053,127,28,0,0,0,0,0,0.18234,10.0,0,0.36752,0
4.584,1696,111,74,0,0,0,0,0,0.13384,6.18182,1,0.28361,0
4.622,686,75,33,0,0,0,0,0,0.12245,5.09091,0,0.27259,0
4.747,839,74,39,0,0,0,0,0,0.10727,6.0,0,0.28605,0
4.856,2303,106,62,0,0,0,0,0,0.09205,10.75,4,0.17108,0
4.512,1454,87,57,0,0,0,0,0,0.12311,5.23529,0,0.28336,0
4.865,1345,107,49,0,0,0,0,0,0.15911,6.52381,2,0.22082,0
4.945,1791,213,58,0,0,0,0,0,0.09548,8.33333,7,0.19933,0
4.935,799,294,6,0,0,0,0,0,0.16896,11.0,1,0.10388,0
4.327,344,60,19,0,0,0,0,0,0.09884,10.5,2,0.31105,0
4.96,825,129,39,0,0,0,0,0,0.15879,7.33333,0,0.21455,0
4.178,9378,108,308,0,0,0,0,0,0.17584,6.75,11,0.43335,0
4.497,6894,121,228,0,0,0,0,0,0.14549,6.58861,21,0.31999,0
5.071,529,344,15,0,0,0,0,0,0.22306,0.0,0,0.13043,0
4.828,763,96,40,0,0,0,0,0,0.09567,12.66667,2,0.24509,0
4.695,54536,97,1024,1,1,0,0,0,0.23344,8.125,3,0.28301,0
4.361,227,50,14,0,0,0,0,0,0.10132,0.0,0,0.23789,0
4.315,11457,103,375,0,0,0,0,0,0.18059,5.8869,3,0.42323,0
4.782,1637,165,53,0,0,0,0,0,0.11423,7.15,3,0.20342,0
4.602,26367,157,879,1,0,0,0,0,0.11856,6.02757,15,0.29518,0
4.792,425,59,24,0,0,0,0,0,0.14118,7.0,0,0.25176,0
4.06,2518,63,93,0,0,0,0,0,0.11279,7.25,0,0.43129,0
4.639,4992,121,172,0,0,0,0,0,0.13121,9.58537,26,0.27083,0
4.788,1880,83,67,0,0,0,0,0,0.13085,8.0,6,0.23511,0
4.932,20044,197,568,0,0,0,0,0,0.16105,7.63452,57,0.28333,0
4.807,461,74,23,0,0,0,0,0,0.11063,0.0,0,0.18221,0
4.673,7647,111,257,1,0,0,0,0,0.14071,8.03205,33,0.30653,0
4.39,658,67,34,0,0,0,0,0,0.12614,7.72727,3,0.32675,0
4.578,1714,92,74,0,0,3,0,0,0.14702,6.16,3,0.30338,0
5.01,6784,177,228,0,0,0,0,0,0.16229,8.39394,20,0.20416,0
4.501,4024,94,129,0,0,0,0,0,0.26069,0.0,0,0.32729,0
4.503,2516,111,88,0,0,0,0,0,0.07711,5.71429,1,0.26351,0
4.842,1912,108,62,0,0,0,0,0,0.11663,6.68966,0,0.18619,0
4.31,5778,104,211,1,0,0,0,0,0.12288,9.38554,20,0.34701,0
4.045,9935,117,304,0,0,0,0,0,0.13659,6.42188,13,0.46402,0
4.88,1474,116,58,0,0,0,0,0,0.10923,8.90476,6,0.23338,0
4.805,1309,149,55,0,0,0,0,0,0.12529,5.0625,0,0.24675,0
4.43,294,61,16,0,0,0,0,0,0.10544,8.0,0,0.27551,0
4.71,1573,115,59,0,0,0,0,0,0.13414,6.24138,0,0.26701,0
4.486,5110,87,195,0,0,0,0,0,0.12877,6.77953,4,0.309,0
4.719,1282,79,51,0,0,0,0,0,0.11856,6.89474,0,0.22699,0
4.625,746,74,31,0,0,0,0,0,0.09115,7.0,0,0.22788,0
4.696,1789,80,70,0,0,0,0,0,0.1213,5.05,0,0.24036,0
4.561,131,39,6,0,0,0,0,0,0.29771,0.0,0,0.07634,0
4.848,519,74,23,0,0,0,0,0,0.09441,0.0,0,0.15992,0
4.772,756,73,31,0,0,0,0,0,0.11111,7.88889,2,0.23016,0
4.716,858,107,37,0,0,0,0,0,0.13287,7.4,1,0.2296,0
4.547,3923,100,133,0,0,0,0,0,0.12873,10.75806,16,0.30767,0
4.743,2770,111,94,0,0,0,0,0,0.13213,8.57692,9,0.25415,0
4.384,19376,246,445,3,2,2,0,0,0.14456,7.21123,55,0.37887,0
4.825,1019,148,42,0,0,0,0,0,0.11973,7.0,0,0.21688,0
4.565,192,76,11,0,0,0,0,0,0.05729,0.0,0,0.10938,0
4.725,887,92,31,0,0,0,0,0,0.1071,7.8,0,0.17475,0
4.724,566,106,26,0,0,0,0,0,0.12367,6.08333,0,0.19258,0
4.886,3406,101,114,0,0,0,0,0,0.12331,7.06667,7,0.21374,0
4.819,4190,200,160,0,0,0,0,0,0.1284,8.68,22,0.27757,0
4.685,710,83,29,0,0,0,0,0,0.1169,7.5,0,0.26761,0
4.673,2172,103,90,0,0,0,0,0,0.12845,7.55556,6,0.28591,0
4.276,571,79,21,0,0,0,0,0,0.338,0.0,0,0.19965,0
4.684,4628,225,162,0,0,0,0,0,0.13548,6.23077,1,0.28608,0
4.678,1540,74,63,0,0,0,0,0,0.10649,6.14286,0,0.2526,0
4.801,12700,133,452,0,0,0,0,0,0.11913,8.9,36,0.19551,0
4.665,309,89,12,0,0,0,0,0,0.12945,6.0,0,0.19741,0
3.973,17490,117,612,0,0,0,0,0,0.1295,6.49787,16,0.44322,0
4.756,1291,110,54,0,0,0,0,0,0.11154,5.5,0,0.21689,0
4.65,344,72,19,0,0,0,0,0,0.10756,5.0,0,0.21512,0
4.784,443,133,12,0,0,0,0,0,0.05418,8.0,0,0.08126,0
4.207,602,44,41,0,0,0,0,0,0.12292,5.0,0,0.3588,0
3.484,3458,22,265,0,0,0,0,0,0.57634,5.8,0,0.37363,0
4.762,1897,118,104,0,0,0,0,0,0.16078,4.83333,0,0.30838,0
4.688,772,80,38,0,0,0,0,0,0.08938,0.0,0,0.23446,0
4.407,735,60,49,0,0,0,0,0,0.11156,3.0,0,0.35238,0
4.943,319,64,20,0,0,0,0,0,0.10345,7.0,0,0.20376,0
4.742,268,88,14,0,0,0,0,0,0.1194,4.0,0,0.1791,0
4.444,499,78,19,0,0,0,0,0,0.07615,5.5,0,0.25451,0
4.676,2316,78,98,0,0,0,0,0,0.11313,7.48649,8,0.27547,0
4.919,367,74,21,0,0,0,0,0,0.10899,0.0,0,0.15804,0
5.25,1448,121,59,0,0,0,0,0,0.25691,6.4,0,0.10704,0
4.949,1549,95,56,0,0,0,0,0,0.19432,5.46154,0,0.31246,0
4.94,476,154,13,0,0,0,0,0,0.18697,5.0,0,0.14916,0
4.313,645,51,38,0,0,0,0,0,0.13333,7.46154,3,0.33798,0
4.688,396,74,21,0,0,0,0,0,0.10859,0.0,0,0.28535,0
4.266,1248,32,57,0,0,0,0,0,0.19631,0.0,0,0.21234,0
4.54,2184,191,100,0,0,0,0,0,0.10348,7.0,6,0.28938,0
4.61,758,85,39,0,0,0,0,0,0.11609,9.2,6,0.24274,0
4.886,335,74,16,0,0,0,0,0,0.08358,0.0,0,0.17313,0
4.631,2591,137,98,0,0,0,0,0,0.13856,8.19048,9,0.28213,0
4.497,4393,103,138,0,0,0,0,1,0.1359,9.4382,30,0.33053,0
4.857,10722,206,251,0,0,0,0,0,0.12749,7.95522,23,0.18364,0
4.697,311,89,12,0,0,0,0,0,0.12862,6.0,0,0.19614,0
4.515,1289,81,62,0,0,0,0,0,0.10706,10.5,4,0.29946,0
4.427,2998,104,89,0,0,0,0,0,0.1014,8.16981,2,0.29853,0
3.48,3523,22,270,0,0,0,0,0,0.57707,5.8,0,0.37383,0
4.407,16706,111,491,1,0,0,0,0,0.1521,9.00645,71,0.35658,0
4.328,1933,1631,11,0,0,0,0,0,0.14382,11.0,1,0.12209,0
4.474,1453,147,46,0,0,0,0,0,0.11218,6.91304,5,0.30557,0
4.661,1321,94,65,0,0,0,0,0,0.1408,7.41667,0,0.29977,0
4.653,47222,183,1736,0,0,0,0,7,0.13064,6.95087,58,0.28347,0
4.637,1760,93,68,0,0,0,0,7,0.13977,8.09524,9,0.28409,0
4.634,2281,182,56,0,0,0,0,0,0.17273,6.44444,0,0.27137,0
4.784,4163,305,102,0,0,0,0,0,0.23829,7.72381,24,0.30627,0
4.381,16004,119,477,0,0,0,0,44,0.15477,9.19253,97,0.37297,0
4.458,6425,119,243,0,0,0,0,0,0.1407,7.30216,37,0.31735,0
4.803,3475,163,64,0,0,0,0,0,0.12115,5.75,0,0.13583,0
4.485,3902,107,125,0,0,0,0,0,0.10866,9.1573,29,0.27166,0
4.934,711,317,15,0,0,0,0,0,0.20816,0.0,0,0.12096,0
4.286,1031,76,54,0,0,0,0,0,0.10766,6.11111,0,0.33172,0
4.5,468,113,21,0,0,0,0,0,0.14316,7.33333,0,0.28419,0
4.594,141,44,6,0,0,0,0,0,0.2766,0.0,0,0.08511,0
4.621,156,83,9,0,0,0,0,0,0.07692,0.0,0,0.10897,0
4.482,22516,225,923,1,0,0,0,0,0.12245,6.51531,33,0.32017,0
5.379,42692,183,1177,0,0,0,0,0,0.22224,4.82947,36,0.2236,0
4.511,2884,81,137,0,0,0,0,0,0.13835,5.13208,0,0.31172,0
4.474,1415,107,66,0,0,0,0,0,0.13145,6.5,0,0.30459,0
4.523,28570,168,1089,0,0,0,0,0,0.1426,7.05317,66,0.32856,0
4.576,4598,76,185,0,0,0,0,0,0.13897,6.17241,4,0.30905,0
4.43,4350,124,142,0,0,0,0,0,0.26483,0.0,0,0.30828,0
4.542,1434,104,66,0,0,0,0,0,0.11994,8.26667,0,0.29428,0
4.449,2093,94,97,0,0,0,0,0,0.12231,5.46429,0,0.29766,0
4.798,1749,115,65,0,0,0,0,1,0.16066,6.75676,2,0.24014,0
4.73,2693,2059,25,0,0,0,0,0,0.26847,5.0,0,0.06833,0
4.675,1507,106,49,0,0,0,0,0,0.20239,5.72727,0,0.27405,0
4.573,36147,145,1207,0,0,0,0,0,0.12848,7.5118,21,0.29615,0
4.349,711,63,34,0,0,0,0,0,0.09564,16.0,3,0.33052,0
4.605,1015,120,33,0,0,0,0,0,0.06798,11.4,5,0.22562,0
4.577,4008,230,122,0,0,0,0,0,0.11951,10.93443,31,0.24002,0
4.75,744,76,38,0,0,0,0,0,0.09409,0.0,0,0.24462,0
4.821,2247,168,83,0,0,0,0,0,0.13084,8.22,13,0.22608,0
4.562,92,37,9,0,0,0,0,0,0.09783,0.0,0,0.17391,0
4.91,100,54,8,0,0,0,0,0,0.11,0.0,0,0.11,0
4.677,8413,105,301,0,0,0,0,0,0.20979,3.45307,0,0.36218,0
4.743,1917,107,71,0,0,1,0,0,0.12363,7.5,9,0.27804,0
4.507,5793,183,161,0,0,0,0,0,0.12688,5.57143,6,0.34921,0
4.446,11716,116,455,0,0,0,0,0,0.14698,6.38384,13,0.31743,0
4.516,3988,85,129,0,0,0,0,0,0.12487,7.26471,14,0.28485,0
4.398,387,51,24,0,0,0,0,0,0.12145,9.0,0,0.31525,0
4.726,3387,169,103,0,0,0,0,0,0.10983,6.3,12,0.2607,0
4.678,3397,134,105,0,0,0,0,0,0.12805,9.66667,16,0.22108,0
4.515,500,106,21,0,0,0,0,0,0.088,8.0,0,0.2,0
4.522,2004,91,80,0,0,0,0,0,0.13772,8.40741,4,0.31287,0
4.544,1128,88,35,0,0,0,0,0,0.08865,9.8,4,0.25266,0
4.607,3470,108,107,0,0,0,0,0,0.14294,6.12195,6,0.2879,0
4.48,1762,102,63,0,0,0,0,0,0.13564,7.16667,1,0.3286,0
4.456,92367,120,2543,2,0,0,0,52,0.13168,10.3124,850,0.36096,0
5.108,744,98,38,0,0,0,0,0,0.17473,7.5,0,0.23656,0
4.525,927,98,38,0,0,0,0,0,0.14024,9.75,8,0.28371,0
4.907,929,90,35,0,0,0,0,0,0.10441,6.76923,3,0.20022,0
4.617,478,72,24,0,0,0,0,0,0.15481,7.0,0,0.27406,0
4.408,2521,83,81,0,0,0,0,0,0.30266,0.0,0,0.28243,0
4.551,1203,85,55,0,0,0,0,0,0.13383,10.1,3,0.28928,0
4.717,730,74,37,0,0,0,0,0,0.12466,6.71429,0,0.24521,0
4.489,24656,123,804,0,0,0,0,0,0.12492,6.3666,62,0.30796,0
4.48,4863,117,204,0,0,0,0,0,0.12852,7.3937,29,0.31154,0
4.634,1268,99,47,0,0,0,0,0,0.15852,5.69231,0,0.29653,0
4.775,1880,77,88,0,0,0,0,0,0.12979,6.32432,2,0.30638,0
5.228,1379,101,50,0,0,0,0,0,0.15736,5.0,0,0.18782,0
4.798,3868,108,136,0,0,0,0,9,0.16856,8.45545,20,0.28438,0
4.078,1053,79,37,0,0,0,0,0,0.34853,0.0,0,0.22222,0
5.375,73273,1794,2357,0,0,2,0,0,0.26198,4.98374,80,0.23692,0
4.436,656,70,42,0,0,0,0,0,0.14939,3.125,0,0.34604,0
5.224,23203,135,954,0,0,1,0,0,0.22881,5.64094,38,0.2154,0
4.743,2332,83,93,0,0,0,0,2,0.1458,7.96875,5,0.32161,0
4.969,631,94,29,0,0,0,0,0,0.09033,14.0,2,0.21712,0
5.208,450,143,18,0,0,0,0,2,0.19778,5.0,0,0.14444,0
4.727,232,50,17,0,0,0,0,0,0.12931,0.0,0,0.22414,0
4.548,3223,122,112,0,0,0,0,0,0.13559,7.65385,0,0.27428,0
4.614,284,56,15,0,0,0,0,0,0.10563,5.0,0,0.23592,0
4.328,50474,120,1468,0,0,1,0,29,0.14548,6.93411,127,0.38442,0
4.616,1086,81,48,0,0,0,0,0,0.10866,5.69231,1,0.26519,0
4.43,964,121,33,0,0,0,0,0,0.09855,7.0,2,0.26971,0
4.456,4076,111,129,0,0,0,0,0,0.11555,11.63934,20,0.34347,0
5.225,1532,139,43,0,0,0,0,0,0.19909,7.3,0,0.13838,0
4.489,445,82,21,0,0,0,0,0,0.08989,8.5,0,0.24719,0
4.57,1258,141,48,0,0,0,0,0,0.11367,7.76,8,0.2504,0
4.825,2909,197,52,0,0,0,0,0,0.1296,7.67442,1,0.1296,0
4.505,2590,88,102,0,0,0,0,0,0.14672,6.68966,5,0.32857,0
4.765,635,80,29,0,0,0,0,0,0.09764,0.0,0,0.18898,0
4.68,551,64,24,0,0,0,0,0,0.11252,7.14286,0,0.21597,0
4.721,57246,145,827,0,0,0,0,0,0.17998,9.0,0,0.18188,0
5.113,7124,335,214,0,0,0,0,6,0.18304,8.0,10,0.16395,0
4.803,558,74,31,0,0,0,0,0,0.12545,4.77778,0,0.24014,0
4.443,2205,107,95,0,0,0,0,0,0.12245,6.78788,0,0.31701,0
4.938,2431,100,78,0,0,0,0,0,0.12258,11.31818,36,0.232,0
4.512,2106,99,79,0,0,0,0,0,0.14198,5.93939,1,0.30959,0
4.521,9609,111,377,1,0,0,2,0,0.13186,8.02113,33,0.33739,0
4.531,27570,160,902,0,0,0,0,0,0.12731,7.58234,42,0.29318,0
4.564,1237,101,57,0,0,0,0,0,0.15036,6.05556,0,0.30154,0
4.785,5681,85,184,0,0,0,0,0,0.11213,9.84615,29,0.27126,0
4.326,6802,97,199,0,0,0,0,6,0.14702,10.7963,52,0.35004,0
4.65,892,74,38,0,0,0,0,0,0.09417,10.0,0,0.22982,0
4.917,6941,93,142,0,0,0,0,0,0.18052,3.22791,0,0.23801,0
4.39,5349,132,247,0,0,0,0,0,0.13143,4.90826,5,0.34156,0
4.416,2393,87,77,0,0,0,0,0,0.1099,10.2,11,0.34058,0
4.823,508,81,27,0,0,0,0,0,0.12402,9.875,3,0.18701,0
4.86,2087,180,74,0,0,0,0,0,0.16914,6.46875,0,0.25827,0
4.703,1376,89,47,0,0,0,0,0,0.08721,7.6,0,0.19622,0
4.89,4840,115,135,0,0,0,0,7,0.17025,9.69524,39,0.24959,0
4.48,5513,97,185,0,0,0,0,0,0.11772,5.45763,0,0.38001,0
4.208,3280,80,174,0,0,0,0,0,0.10488,4.0,0,0.35488,0
4.396,6195,101,287,0,0,0,0,0,0.13123,7.61017,17,0.34544,0
4.481,1729,95,75,0,0,0,0,0,0.1122,8.0,6,0.26374,0
4.48,862,77,37,0,0,0,0,0,0.10557,6.84615,2,0.32135,0
4.774,16183,131,442,0,0,1,0,0,0.11141,8.73661,66,0.31088,0
4.489,12598,111,384,0,0,0,0,0,0.13772,7.1985,41,0.34505,0
4.865,847,91,41,0,0,0,0,0,0.1405,6.0,0,0.24557,0
4.752,7070,359,193,1,0,1,0,0,0.13791,7.0559,35,0.22588,0
4.491,137,63,11,0,0,0,0,0,0.06569,0.0,0,0.13869,0
4.508,545,128,28,0,0,0,0,0,0.10826,5.0,0,0.27523,0
4.404,1550,84,65,0,0,0,0,0,0.11161,8.55556,6,0.28387,0
4.748,121128,1821,2798,0,0,1,0,0,0.12853,8.42918,505,0.25432,0
4.565,587,116,29,0,0,0,0,0,0.12777,3.5,0,0.2862,0
4.494,7159,159,287,0,0,0,0,0,0.12027,6.33333,0,0.33217,0
4.645,1405,86,54,0,0,0,0,0,0.12954,5.75,0,0.36228,0
4.414,357,71,19,0,0,0,0,0,0.10364,9.5,2,0.29412,0
4.654,1113,121,42,0,0,0,0,0,0.10872,6.25,0,0.24169,0
4.35,5459,101,253,0,0,0,2,0,0.13317,7.2967,8,0.33321,0
4.43,222,46,14,0,0,0,0,0,0.09459,0.0,0,0.24324,0
4.884,1030,80,38,0,0,0,0,0,0.11456,9.64286,3,0.24563,0
4.583,4229,74,198,0,0,0,0,0,0.14873,5.93548,0,0.32159,0
4.443,1296,71,62,0,0,0,0,0,0.17747,7.54545,7,0.35185,0
4.518,239,68,14,0,0,0,0,0,0.09205,0.0,0,0.23431,0
4.727,78042,145,1120,0,0,0,0,0,0.17993,9.0,0,0.17988,0
4.488,8610,104,330,0,0,0,0,0,0.12149,7.42073,9,0.30592,0
4.539,6327,136,192,0,0,0,0,0,0.12597,7.83537,32,0.29951,0
4.883,1614,98,52,0,0,0,0,0,0.09603,9.25,1,0.171,0
4.419,5193,114,187,0,0,0,0,0,0.14443,8.37391,21,0.35432,0
4.665,2746,117,109,0,0,0,0,0,0.13183,5.625,0,0.27932,0
4.318,350,54,21,0,0,0,0,0,0.09429,0.0,0,0.28857,0
4.141,1186,124,30,0,0,0,0,0,0.20152,10.0,0,0.37605,0
4.424,1818,89,77,0,0,0,0,0,0.13421,5.55102,0,0.30803,0
4.762,5023,80,147,0,0,0,0,0,0.0659,0.0,0,0.24925,0
4.754,1319,101,43,0,0,0,0,0,0.21456,5.72727,0,0.23882,0
5.135,639,186,21,0,0,0,0,0,0.15023,0.0,0,0.11737,0
4.542,7094,161,290,0,0,0,0,0,0.13434,6.39683,13,0.29617,0
4.836,596,85,25,0,0,0,0,0,0.08221,0.0,0,0.15101,0
4.603,143,76,11,0,0,0,0,0,0.09091,0.0,0,0.16783,0
4.598,6247,95,234,0,0,0,0,0,0.13094,6.33019,13,0.29166,0
4.596,4742,339,91,0,0,0,0,0,0.10924,7.41818,18,0.2636,0
4.461,9159,106,413,0,0,0,0,0,0.12665,5.75269,6,0.3317,0
4.471,2570,109,101,0,0,0,0,0,0.15564,6.16327,2,0.33346,0
4.747,1901,103,87,0,0,0,0,0,0.13993,6.39394,2,0.26407,0
4.887,779,85,36,0,0,0,0,0,0.13864,7.0,3,0.20796,0
4.724,1881,88,83,0,0,0,0,0,0.16587,4.39583,0,0.32695,0
4.649,3164,111,105,0,0,0,0,8,0.15234,6.44828,3,0.32269,0
4.65,2585,89,93,0,0,0,0,0,0.10909,13.21429,15,0.25377,0
4.784,793,74,37,0,0,0,0,0,0.13997,7.0,0,0.25221,0
4.465,12611,130,504,0,1,4,2,0,0.13108,6.29699,15,0.32289,0
4.76,2535,162,88,0,0,1,0,0,0.1211,8.17778,10,0.21657,0
4.548,2727,132,105,0,0,0,0,0,0.10194,5.84848,0,0.27466,0
4.559,92,39,9,0,0,0,0,0,0.09783,0.0,0,0.15217,0
4.789,1027,74,44,0,0,0,0,0,0.0925,7.83333,3,0.19572,0
4.811,468,90,20,0,0,0,0,0,0.07479,0.0,0,0.15171,0
4.637,616,87,25,0,0,0,0,0,0.16558,6.3125,0,0.32143,0
5.268,4915,132,124,0,0,0,0,0,0.1292,20.0,6,0.18881,0
4.45,768,81,36,0,0,0,0,0,0.11849,8.2,0,0.24479,0
4.386,2040,116,75,0,0,0,0,0,0.12059,9.9375,20,0.29657,0
5.042,11400,112,273,0,0,0,0,0,0.16518,10.75197,182,0.24325,0
4.664,701,74,34,0,0,0,0,0,0.13124,7.66667,0,0.27247,0
4.825,761,96,40,0,0,0,0,0,0.09593,12.66667,2,0.24573,0
3.48,3523,22,270,0,0,0,0,0,0.57707,5.8,0,0.37383,0
4.813,5376,176,93,0,0,0,0,0,0.12072,7.04938,2,0.13095,0
4.829,5190,133,100,0,0,0,0,0,0.11503,7.78431,8,0.13064,0
4.535,12937,120,495,0,0,0,0,0,0.12955,8.78365,52,0.30223,0
4.745,19771,175,610,0,0,0,0,0,0.10773,8.22353,47,0.19508,0
4.473,10266,246,331,0,0,0,1,2,0.154,6.44326,37,0.35389,0
4.788,578,108,25,0,0,0,0,0,0.29585,5.5,0,0.12803,0
4.443,15186,111,636,0,0,0,0,0,0.14085,6.86598,20,0.36599,0
4.587,3972,104,158,0,0,0,0,0,0.14099,6.68293,7,0.29834,0
4.647,10548,112,355,0,0,0,0,0,0.16287,5.65854,2,0.34405,0
3.474,3523,22,270,0,0,0,0,0,0.57678,5.8,0,0.37411,0
4.352,4029,87,116,0,0,0,0,0,0.26284,0.0,0,0.24448,0
4.776,100,54,8,0,0,0,0,0,0.11,0.0,0,0.11,0
4.591,2723,89,100,0,0,0,0,0,0.08226,6.0,0,0.2567,0
4.544,8323,151,332,0,0,0,0,0,0.11426,7.60606,12,0.28968,0
4.403,158,46,12,0,0,0,0,0,0.13291,0.0,0,0.28481,0
4.668,5091,102,189,0,0,0,0,0,0.17993,5.53947,0,0.35082,0
4.676,310,89,12,0,0,0,0,0,0.12903,6.0,0,0.19677,0
4.83,434,74,24,0,0,0,0,0,0.10138,9.0,0,0.21198,0
4.305,4646,107,169,0,0,0,0,0,0.19694,5.96296,0,0.38786,0
4.49,3910,117,164,0,0,0,1,0,0.15678,5.77612,6,0.35934,0
4.59,1832,98,66,0,0,0,0,0,0.11517,6.66667,0,0.26037,0
4.908,2339,107,69,0,0,0,0,0,0.11244,12.90196,43,0.22146,0
4.653,1864,110,78,0,0,0,0,0,0.13948,6.07143,1,0.27897,0
4.366,5124,127,221,0,0,0,0,0,0.11768,6.48718,2,0.31909,0
4.587,1010,88,46,0,0,0,0,0,0.12376,4.42857,0,0.26931,0
5.174,564,160,21,0,0,0,0,0,0.14894,0.0,0,0.13298,0
4.472,2530,96,116,0,0,0,0,0,0.16877,4.95556,0,0.36285,0
4.661,3676,84,150,0,0,0,0,0,0.16921,5.98462,1,0.31502,0
5.141,5870,172,164,0,0,0,0,0,0.20392,8.53704,35,0.18228,0
4.69,715,74,34,0,0,0,0,0,0.13427,7.28571,0,0.26853,0
4.634,1072,63,45,0,0,0,0,0,0.10821,9.5,6,0.21269,0
4.472,927,112,25,0,0,0,0,0,0.06472,8.0,2,0.24056,0
4.442,2067,85,91,0,0,0,0,0,0.10063,6.6,2,0.28931,0
5.12,10912,169,330,0,0,0,0,0,0.22828,11.12288,96,0.16587,0
4.37,2791,138,94,0,0,0,0,0,0.13615,6.28125,4,0.34934,0
4.538,9765,115,251,0,0,0,0,54,0.16324,9.35039,80,0.32391,0
4.816,9322,236,184,0,0,0,0,0,0.12605,6.45714,11,0.1637,0
4.632,9520,119,277,0,0,0,0,43,0.17994,8.45178,37,0.34832,0
4.706,2173,103,96,0,0,0,0,0,0.12609,7.72222,11,0.26093,0
4.607,33590,154,1154,0,0,0,0,0,0.12435,6.06006,81,0.28773,0
4.541,11059,118,406,1,2,0,0,0,0.15038,5.71212,13,0.32978,0
4.668,325,72,19,0,0,0,0,0,0.12923,4.33333,0,0.24615,0
4.385,265,49,16,0,0,0,0,0,0.12075,5.0,0,0.30189,0
4.347,3561,92,178,0,0,0,0,0,0.12525,5.28571,0,0.34597,0
4.914,713,64,42,0,0,0,0,0,0.09537,0.0,0,0.26367,0
4.859,809,95,35,0,0,0,0,1,0.13721,7.09091,0,0.22744,0
4.475,1281,84,51,0,0,0,0,0,0.10148,10.0,6,0.23966,0
4.557,11906,110,393,1,0,0,0,0,0.14346,8.00905,51,0.33924,0
4.749,1394,116,37,0,0,0,0,0,0.11334,8.53846,3,0.14778,0
4.901,1064,103,41,0,0,0,0,0,0.15226,5.78261,0,0.21523,0
4.465,9089,127,335,0,0,0,0,0,0.10925,7.99346,22,0.27968,0
5.189,4916,417,121,0,0,0,0,1,0.2085,9.76923,8,0.16538,0
4.761,2257,105,77,0,0,0,0,0,0.14577,2.375,0,0.28533,0
4.719,1772,93,66,0,0,0,0,0,0.09142,4.75,0,0.24887,0
4.827,4307,280,132,2,0,0,0,0,0.11539,11.46154,43,0.23473,0
4.683,2249,123,54,0,0,0,0,0,0.09026,0.0,0,0.19609,0
4.442,2372,95,82,0,0,3,0,2,0.14207,7.87879,13,0.3516,0
4.453,407,59,24,0,0,0,0,0,0.12776,7.4,0,0.28747,0
4.406,725,76,40,0,0,0,0,0,0.12414,6.30769,0,0.32,0
5.113,291626,217,2469,0,0,0,0,0,0.23055,10.41667,4,0.12339,0
4.592,796,79,31,0,0,0,0,0,0.16332,9.28,5,0.28769,0
4.484,615,76,31,0,0,0,0,0,0.12683,5.0,0,0.30081,0
4.736,985,118,48,0,0,0,0,0,0.10761,7.7,3,0.25279,0
4.686,1105,74,48,0,0,0,0,0,0.1095,6.14286,0,0.24163,0
4.927,2031,184,47,0,0,0,0,0,0.17971,10.0,0,0.22895,0
4.623,1342,84,55,0,0,0,0,0,0.17958,7.26667,2,0.30551,0
5.216,13820,276,368,2,0,0,0,0,0.17243,11.875,87,0.17098,0
4.662,4035,107,155,0,0,0,0,0,0.12441,6.61111,2,0.25774,0
4.472,117,48,11,0,0,0,0,0,0.07692,0.0,0,0.16239,0
4.341,4378,152,151,0,0,0,0,0,0.14504,9.34043,10,0.40018,0
4.274,2071,98,102,0,0,0,0,0,0.12506,6.875,5,0.31579,0
3.976,1688,45,104,0,0,0,0,0,0.30036,8.0,0,0.40699,0
4.591,3143,176,135,0,0,0,0,0,0.11963,6.95238,7,0.27394,0
4.647,3555,111,141,0,0,0,0,0,0.1339,6.29231,0,0.3052,0
4.427,759,86,38,0,0,0,0,0,0.13175,6.47368,0,0.32411,0
4.233,2299,73,98,0,0,0,0,0,0.0896,9.25,4,0.3458,0
5.31,1050,96,44,0,0,0,0,6,0.23619,6.125,0,0.15429,0
4.686,54488,110,1610,0,0,0,17,0,0.14043,6.26071,113,0.32719,0
4.438,1439,81,61,0,0,0,0,0,0.10285,6.11111,0,0.3155,0
4.936,421,74,21,0,0,0,0,0,0.10689,0.0,0,0.25178,0
4.708,992,79,43,0,0,0,0,0,0.14214,6.85714,0,0.26411,0
4.42,6434,117,201,0,0,0,0,0,0.18107,8.20472,14,0.37131,0
4.667,1530,99,61,0,0,0,0,0,0.12484,9.16667,6,0.25098,0
4.801,3643,97,140,0,0,0,0,0,0.13533,7.90164,11,0.28603,0
4.884,552,74,26,0,0,0,0,0,0.11051,4.0,0,0.16667,0
4.754,129,53,10,0,0,0,0,0,0.06202,0.0,0,0.10853,0
4.565,439,72,20,0,0,0,0,0,0.14351,8.0,0,0.25513,0
4.62,1889,98,72,0,0,0,0,0,0.1207,6.83333,0,0.27263,0
4.57,4034,102,154,0,0,0,0,0,0.10188,8.3913,3,0.20154,0
4.801,1314,81,58,0,0,0,0,0,0.10959,5.875,0,0.21005,0
4.37,2772,103,153,0,0,0,0,0,0.13203,6.4878,6,0.3474,0
4.693,1414,65,56,0,0,0,0,0,0.14639,5.9697,0,0.26945,0
4.717,61614,145,905,0,0,0,0,0,0.17986,9.0,0,0.18394,0
4.809,566,74,29,0,0,0,0,0,0.10777,0.0,0,0.19258,0
4.594,2721,159,97,0,0,0,0,0,0.13267,7.41176,11,0.27527,0
4.541,1736,113,63,0,0,0,0,0,0.14228,8.97297,9,0.2788,0
4.338,1739,80,95,0,0,0,0,0,0.11788,5.8,2,0.35538,0
5.202,2055,235,43,0,0,0,0,0,0.27397,0.0,0,0.09781,0
4.288,3261,93,154,0,0,0,0,0,0.10702,6.83929,8,0.34253,0
4.475,316,75,14,0,0,0,0,0,0.07595,0.0,0,0.09177,0
4.736,4506,111,164,0,0,0,0,0,0.14891,6.56,6,0.31025,0
4.432,4869,103,207,0,0,0,0,0,0.11912,6.45283,3,0.33333,0
4.478,289,61,15,0,0,0,0,0,0.10381,5.0,0,0.22837,0
4.557,174,62,11,0,0,0,0,0,0.08046,0.0,0,0.12069,0
4.919,253,46,14,0,0,0,0,0,0.16601,0.0,0,0.16206,0
4.731,1250,157,52,0,0,0,0,0,0.1376,4.86667,0,0.2736,0
4.731,7246,126,212,0,0,0,0,6,0.16064,5.5977,8,0.30458,0
4.612,298,51,20,0,0,0,0,0,0.12416,4.0,0,0.26846,0
4.562,846,79,35,0,0,0,0,0,0.3156,0.0,0,0.20331,0
4.624,10634,92,317,0,0,0,0,0,0.12056,8.0,0,0.21751,0
4.358,5843,85,188,0,0,0,0,0,0.13726,8.2093,15,0.34794,0
4.642,948,94,43,0,0,0,0,0,0.12869,9.33333,5,0.26266,0
4.613,12942,150,396,0,0,0,0,0,0.15005,6.56842,19,0.30629,0
3.508,3120,22,239,0,0,0,0,0,0.57212,5.8,0,0.37244,0
4.45,662,82,26,0,0,0,0,0,0.10121,11.8,8,0.2432,0
4.349,2739,66,142,0,0,0,0,0,0.12085,5.51429,4,0.33881,0
4.561,1722,158,61,0,0,0,0,0,0.13008,6.62963,0,0.27875,0
4.616,3577,145,116,0,0,0,0,0,0.13727,7.05769,3,0.31451,0
4.408,3000,118,125,0,0,0,3,0,0.16867,5.2809,3,0.35433,0
4.894,833,116,30,0,0,0,0,0,0.10204,13.0,4,0.17407,0
4.917,873,78,40,0,0,0,0,0,0.11455,6.0,0,0.19129,0
4.513,4330,114,161,0,0,0,0,0,0.13048,7.0381,17,0.29815,0
4.661,1655,134,57,0,0,0,0,0,0.1287,7.75,3,0.23686,0
3.48,3523,22,270,0,0,0,0,0,0.57678,5.8,0,0.37411,0
4.469,1262,85,54,0,0,0,0,0,0.14025,7.05556,0,0.3019,0
4.758,747,80,33,0,0,0,0,0,0.10174,5.0,0,0.19946,0
4.946,1559,201,43,0,0,0,0,0,0.09814,7.90476,8,0.18666,0
4.607,7547,122,270,0,0,0,0,0,0.10282,7.47368,7,0.28607,0
4.456,112,46,11,0,0,0,0,0,0.08036,0.0,0,0.16964,0
4.682,4118,114,141,0,0,0,0,0,0.10709,8.7381,8,0.24599,0
4.577,642,52,61,0,0,0,0,0,0.18536,5.125,0,0.28193,0
4.735,1706,83,64,0,0,0,0,0,0.16999,7.40678,11,0.21278,0
4.426,5454,108,222,0,0,0,0,0,0.14301,6.85345,20,0.3249,0
4.723,75261,145,1091,0,0,0,0,0,0.17972,9.0,0,0.1819,0
4.734,535,169,12,0,0,0,0,0,0.04486,8.0,0,0.0729,0
4.625,306,54,20,0,0,0,0,0,0.12092,7.0,0,0.26144,0
5.012,15427,191,472,1,0,0,0,0,0.17372,8.48844,80,0.24528,0
4.878,490,78,27,0,0,0,0,0,0.12857,8.75,3,0.19388,0
4.356,3660,89,144,0,0,0,0,0,0.08443,6.04762,2,0.29945,0
4.697,529,74,28,0,0,0,0,0,0.11531,7.75,0,0.26276,0
4.106,1203,63,49,0,0,0,0,0,0.14048,0.0,0,0.41812,0
4.593,113,47,9,0,0,0,0,0,0.0885,0.0,0,0.14159,0
4.698,708,76,31,0,0,0,0,0,0.0904,0.0,0,0.19492,0
4.552,3307,86,118,0,0,0,0,0,0.10765,7.28261,0,0.28394,0
4.388,5216,93,208,0,0,0,0,0,0.13765,7.17925,20,0.32304,0
4.816,11150,121,323,1,0,0,1,2,0.12179,9.08844,33,0.28969,0
5.28,4541,112,172,0,0,0,0,14,0.21119,7.33735,13,0.1678,0
4.488,2454,86,88,0,0,0,0,0,0.12958,5.21053,0,0.34678,0
4.778,3868,165,127,0,0,0,0,0,0.07782,7.25,0,0.20683,0
4.456,882,169,34,0,0,0,0,0,0.13832,7.41379,4,0.29252,0
4.854,509,69,27,0,0,0,0,0,0.14735,0.0,0,0.22397,0
4.639,16413,160,525,0,0,0,4,0,0.14903,8.82447,48,0.31962,0
4.86,601,74,32,0,0,0,0,0,0.13478,7.0,0,0.21631,0
4.821,3913,93,169,0,0,0,0,0,0.13212,9.78462,42,0.19755,0
4.702,3598,105,119,0,0,0,0,0,0.19066,4.6087,4,0.3488,0
4.63,4165,120,182,0,0,4,0,0,0.16303,5.57534,0,0.30348,0
4.438,762,75,32,0,0,0,0,0,0.14961,6.24,0,0.33071,0
4.544,373,66,19,0,0,0,0,0,0.10724,7.0,0,0.21448,0
4.514,1848,151,65,0,0,0,0,0,0.17208,6.52941,0,0.31223,0
4.754,661,74,35,0,0,0,0,0,0.12859,7.66667,0,0.25265,0
4.515,140,42,12,0,0,0,0,0,0.11429,0.0,0,0.17143,0
4.485,6761,136,250,0,0,0,0,0,0.12986,6.89147,0,0.29537,0
4.733,686,137,22,0,0,0,0,0,0.25073,6.07692,1,0.23324,0
4.49,281,50,20,0,0,0,0,0,0.12811,6.0,0,0.2847,0
4.567,903,78,42,0,0,0,0,0,0.12957,9.53846,2,0.27132,0
4.665,308,89,12,0,0,0,0,0,0.12987,6.0,0,0.19805,0
4.565,15896,132,603,0,0,0,0,0,0.13821,6.70627,27,0.30549,0
4.523,1193,66,53,0,0,0,0,0,0.12741,7.21053,0,0.26236,0
4.477,15302,146,537,0,0,3,0,0,0.1556,6.35586,14,0.35022,0
4.782,514,74,23,0,0,0,0,0,0.08171,0.0,0,0.16732,0
4.417,1433,150,48,0,0,0,0,0,0.1284,6.45,0,0.28542,0
4.63,233,40,18,0,0,0,0,0,0.13305,0.0,0,0.2618,0
4.527,22547,113,636,0,0,0,0,0,0.15461,8.15484,30,0.35264,0
4.498,21961,121,719,1,0,1,0,0,0.19084,6.12825,69,0.37735,0
4.476,701,50,30,0,0,0,0,0,0.1127,8.66667,6,0.28959,0
4.499,6490,118,202,0,0,0,0,0,0.13097,8.74138,38,0.3245,0
4.757,4613,79,159,0,0,0,0,0,0.12031,7.2459,8,0.26577,0
4.567,5694,363,147,0,0,3,0,0,0.14735,8.83453,22,0.29276,0
4.725,1640,116,47,0,0,0,0,10,0.19512,7.26316,6,0.32683,0
4.536,391,62,20,0,0,0,0,0,0.10997,7.0,0,0.23274,0
4.45,3665,72,165,0,0,0,0,0,0.1146,6.64151,0,0.32524,0
4.534,1974,96,85,0,0,0,0,0,0.11651,6.45714,0,0.28622,0
4.876,177058,474,5156,0,0,0,0,0,0.14705,8.42755,778,0.24491,0
5.101,235,115,4,0,0,0,0,0,0.22979,11.0,1,0.10638,0
4.553,3448,87,142,0,0,0,0,0,0.14066,7.125,4,0.30452,0
4.567,8097,178,263,0,0,0,0,0,0.13857,7.27273,10,0.26022,0
5.251,1538,100,67,0,0,0,0,0,0.18531,10.0,2,0.19376,0
4.818,3342,112,125,0,0,0,0,8,0.15021,7.58824,13,0.2684,0
4.655,1456,183,47,0,0,1,0,0,0.10852,7.84211,8,0.23764,0
4.681,1224,103,50,0,0,0,0,1,0.13971,11.6,10,0.26961,0
5.114,192644,280,6492,5,0,0,2,0,0.17671,8.34271,682,0.18935,0
4.694,165,92,9,0,0,0,0,0,0.07273,0.0,0,0.10303,0
4.527,1532,94,69,0,0,0,0,0,0.14556,5.68966,0,0.30548,0
4.658,1005,74,39,0,0,0,0,0,0.07761,5.0,0,0.22786,0
3.54,1942,17,120,0,0,0,0,0,0.56591,0.0,0,0.4171,0
4.616,5781,114,191,0,0,0,0,0,0.14236,5.70833,0,0.34389,0
4.608,2795,86,109,0,0,0,0,0,0.11556,5.13333,0,0.20966,0
4.706,7270,82,300,0,0,0,0,0,0.1,5.55556,12,0.3066,0
4.704,821,74,40,0,0,0,0,0,0.14007,7.85714,0,0.29598,0
4.528,3464,129,112,0,0,0,0,0,0.12615,6.30952,0,0.29388,0
4.434,70,36,8,0,0,0,0,0,0.1,0.0,0,0.12857,0
3.964,66732,89,1739,0,0,0,0,0,0.17886,8.17808,103,0.39883,0
4.672,306,89,12,0,0,0,0,0,0.13072,6.0,0,0.19935,0
4.491,2709,149,98,0,0,0,0,0,0.12071,6.72222,0,0.30269,0
4.476,1101,104,48,0,0,0,0,0,0.1208,8.0,0,0.29155,0
4.952,36830,205,1118,1,0,0,0,0,0.13856,10.37037,139,0.19495,0
4.824,2009,86,59,0,0,0,0,0,0.08113,10.46154,6,0.21304,0
4.763,1421,115,55,0,0,0,0,0,0.15201,7.25,0,0.25475,0
4.411,5721,88,220,0,0,0,0,0,0.11659,7.52,22,0.32529,0
4.533,1388,90,62,0,0,0,0,0,0.10951,5.44444,0,0.27017,0
4.725,82290,145,1182,0,0,0,0,0,0.17966,9.0,0,0.18045,0
4.695,746,85,29,0,0,0,0,0,0.11662,8.5,0,0.25603,0
3.49,3367,22,258,0,0,0,0,0,0.57529,5.8,0,0.37333,0
4.707,127,41,12,0,0,0,0,0,0.09449,0.0,0,0.12598,0
4.496,13019,206,331,0,0,0,0,0,0.1464,6.11987,42,0.34004,0
4.522,20219,112,782,0,0,0,3,7,0.13453,6.44565,18,0.33592,0
4.62,1864,191,65,0,0,0,0,0,0.14002,7.11111,2,0.30579,0
4.343,805,66,42,0,0,0,0,0,0.09193,0.0,0,0.29938,0
4.523,2390,90,101,0,0,0,0,0,0.08619,7.75,0,0.27155,0
4.59,7736,123,221,0,0,0,0,0,0.12229,10.82941,54,0.26668,0
4.663,311,89,12,0,0,0,0,0,0.12862,6.0,0,0.19614,0
4.371,2047,100,101,0,0,0,0,0,0.13337,7.28947,7,0.32242,0
4.792,1924,86,59,0,0,0,0,0,0.0816,10.46154,6,0.21622,0
4.504,8699,198,290,1,0,0,0,0,0.14967,5.32468,14,0.34349,0
4.908,575,78,28,0,0,0,0,0,0.09565,0.0,0,0.18087,0
4.494,412,92,19,0,0,0,0,0,0.09951,8.5,0,0.25485,0
4.879,4923,109,166,0,0,0,0,0,0.12756,0.0,0,0.26264,0
4.577,5750,134,248,0,0,0,0,0,0.16365,6.28049,0,0.31722,0
4.339,23480,114,713,0,0,0,0,0,0.15221,8.03689,123,0.3871,0
4.728,718,74,34,0,0,0,0,0,0.09889,9.28571,3,0.21866,0
4.714,824,74,40,0,0,0,0,0,0.13956,7.85714,0,0.2949,0
4.439,2860,121,91,0,0,0,0,0,0.13007,7.11111,13,0.32762,0
5.633,7491,327,256,0,0,0,0,22,0.27353,11.61702,25,0.12268,0
4.235,5754,98,207,0,0,0,0,0,0.17623,6.57732,0,0.41171,0
4.245,6634,79,191,0,0,0,0,0,0.34625,0.0,0,0.20425,0
4.391,12912,89,446,0,0,0,0,0,0.20462,3.76129,0,0.40861,0
4.722,2080,112,75,0,0,0,0,5,0.17692,7.14634,0,0.2774,0
4.596,1288,104,45,0,0,0,0,0,0.10559,0.0,0,0.23137,0
4.431,6186,158,181,0,0,0,0,0,0.13466,7.20859,20,0.32331,0
4.59,3092,92,128,0,0,0,0,0,0.12872,7.94737,16,0.27781,0
4.823,3989,118,164,0,0,0,0,0,0.14039,7.28571,4,0.32464,0
4.606,9002,132,351,0,0,0,0,0,0.13453,6.16763,11,0.29105,0
4.686,717,86,30,0,0,0,0,0,0.09344,9.0,3,0.21897,0
4.674,45114,156,1140,1,0,0,0,0,0.13758,7.70461,58,0.25832,0
4.551,79641,175,2894,0,0,0,0,0,0.12186,8.02124,207,0.30006,0
4.653,3181,125,105,0,0,0,0,0,0.12763,8.77083,26,0.24458,0
4.701,14130,285,441,1,0,0,0,0,0.14395,5.61111,18,0.28662,0
4.379,3852,71,177,0,0,0,0,0,0.12902,6.32857,0,0.31464,0
4.559,41031,145,1348,0,0,0,0,0,0.13217,7.39968,16,0.29526,0
4.694,698,74,31,0,0,0,0,0,0.09169,0.0,0,0.19771,0
4.626,14304,137,518,0,4,0,0,0,0.13241,6.57143,41,0.29768,0
4.572,299,53,20,0,0,0,0,0,0.12375,6.0,0,0.26756,0
4.627,753,104,29,0,0,0,0,0,0.11687,0.0,0,0.21514,0
4.775,668,75,28,0,0,0,0,0,0.09132,14.0,1,0.17066,0
4.675,4974,143,168,0,0,0,0,0,0.13148,6.66667,5,0.308,0
4.885,955,103,43,0,0,0,0,0,0.13403,6.61538,0,0.21361,0
4.458,5608,98,263,0,0,1,0,0,0.11947,7.35065,9,0.32008,0
4.435,10671,158,313,0,0,0,0,0,0.12117,10.01261,135,0.30222,0
4.706,1269,70,67,0,0,0,0,0,0.145,5.0,0,0.2766,0
4.621,779,83,31,0,0,0,0,0,0.07831,10.0,0,0.20796,0
4.913,178062,191,5233,4,0,3,0,35,0.15014,9.01251,846,0.24022,0
4.786,1079,75,42,0,0,0,0,0,0.08156,6.2,0,0.25116,0
4.815,434,74,24,0,0,0,0,0,0.09908,9.0,0,0.21198,0
4.711,1400,109,38,0,0,0,0,0,0.125,5.66667,0,0.175,0
4.67,2124,256,88,0,0,0,0,0,0.1516,6.28571,3,0.27401,0
4.76,2553,188,91,0,0,0,0,0,0.13592,6.70455,6,0.26479,0
4.51,7948,150,247,0,0,0,0,0,0.16444,6.33,14,0.3465,0
4.416,1212,66,63,0,0,0,0,0,0.11964,5.0,0,0.32261,0
4.775,1374,96,57,0,0,0,0,0,0.10844,8.46154,3,0.28675,0
4.743,3364,188,105,0,0,0,0,0,0.15577,6.86486,15,0.27467,0
4.744,613,107,23,0,0,0,0,0,0.11746,7.5,0,0.21697,0
4.724,925,102,42,0,0,0,0,0,0.12973,5.75,0,0.24216,0
4.803,742,57,35,0,0,0,0,0,0.14286,5.33333,0,0.28437,0
4.53,7039,101,273,0,0,0,0,0,0.13383,5.8494,0,0.29578,0
4.606,468,60,26,0,0,0,0,0,0.11111,10.5,1,0.24359,0
4.719,786,73,32,0,0,0,0,0,0.11196,9.28571,0,0.19466,0
4.201,6470,119,208,0,0,0,0,0,0.15858,6.27885,4,0.43122,0
4.334,5528,84,264,0,0,0,0,0,0.10944,5.10909,0,0.32525,0
4.759,8425,169,242,2,0,0,0,0,0.10077,6.59223,10,0.20202,0
4.61,170,80,11,0,0,0,0,0,0.07647,0.0,0,0.11765,0
4.548,1852,105,83,0,0,0,0,0,0.13013,9.0,8,0.30238,0
3.48,3523,22,270,0,0,0,0,0,0.57678,5.8,0,0.37411,0
4.728,674,72,34,0,0,0,0,0,0.1365,9.09091,3,0.26113,0
3.822,108797,129,1468,0,0,0,0,0,0.1335,4.6,0,0.26138,0
4.814,1176,114,47,0,0,0,0,0,0.11054,13.38462,6,0.2398,0
4.789,866,74,44,0,0,0,0,0,0.14319,4.0,0,0.29215,0
4.402,24805,114,806,0,0,0,0,0,0.15831,6.32033,25,0.42121,0
4.507,12889,86,396,0,0,0,0,0,0.18093,3.74105,0,0.39739,0
4.863,580,92,25,0,0,0,0,0,0.08276,0.0,0,0.15345,0
4.631,768,104,29,0,0,0,0,0,0.11458,0.0,0,0.21094,0
4.693,2279,97,77,0,0,0,0,0,0.08381,9.77778,8,0.21852,0
4.77,1875,119,74,0,0,0,0,0,0.12373,8.38462,12,0.2336,0
4.42,11168,178,320,0,0,1,0,2,0.17219,5.59167,6,0.3707,0
4.707,1777,118,60,0,0,0,0,7,0.14631,8.0,3,0.27406,0
4.952,186,100,4,0,0,0,0,0,0.20968,11.0,1,0.12366,0
4.655,309,89,12,0,0,0,0,0,0.12945,6.0,0,0.19741,0
4.769,22324,119,665,1,0,3,0,0,0.10056,7.64901,33,0.28369,0
4.31,956,100,44,0,0,0,0,0,0.09414,11.6,3,0.32113,0
4.785,1106,94,47,0,0,0,0,0,0.12929,7.71429,0,0.2387,0
4.668,302,75,15,0,0,0,0,0,0.0894,0.0,0,0.12583,0
4.477,7272,184,179,0,0,1,0,0,0.1316,10.80571,93,0.28534,0
4.282,629,50,35,0,0,0,0,0,0.12878,7.0,0,0.35135,0
4.699,2758,252,85,0,0,0,0,0,0.14757,6.72603,6,0.24257,0
4.427,71,36,8,0,0,0,0,0,0.09859,0.0,0,0.12676,0
4.494,1228,90,53,0,0,0,0,0,0.13274,7.52174,2,0.3298,0
4.479,429,89,23,0,0,0,0,0,0.09557,5.5,0,0.2704,0
4.535,360,69,19,0,0,0,0,0,0.08889,7.0,0,0.24444,0
4.695,1700,97,59,0,0,0,0,0,0.14176,7.45455,3,0.27353,0
4.861,706,96,35,0,0,0,0,0,0.09065,11.66667,3,0.22521,0
4.517,3367,93,125,0,0,0,0,0,0.11345,5.96,0,0.33561,0
4.62,6051,133,237,0,0,0,0,0,0.13188,7.49541,19,0.28855,0
4.66,1406,88,56,0,0,0,0,0,0.10313,8.33333,0,0.22688,0
4.609,16314,105,503,1,0,0,0,62,0.15097,8.54128,103,0.32837,0
4.334,5471,103,264,0,0,0,0,0,0.10748,9.06098,23,0.33705,0
5.101,2911,190,85,0,0,0,0,0,0.24012,10.05882,8,0.16043,0
4.237,3609,81,142,0,0,0,0,0,0.16708,5.83333,0,0.38265,0
4.787,695,99,26,0,0,0,0,0,0.07626,0.0,0,0.16259,0
4.827,10404,123,336,1,0,0,0,0,0.13552,9.44335,59,0.27989,0
4.506,4003,103,153,0,0,0,0,0,0.11741,7.21538,13,0.31401,0
4.712,2314,89,81,0,0,0,0,0,0.09723,14.95455,14,0.22861,0
4.607,663,80,29,0,0,0,0,0,0.09201,7.0,0,0.22775,0
4.585,20509,122,767,0,0,0,0,1,0.13136,6.40909,27,0.29953,0
4.627,406,80,19,0,0,0,0,0,0.1133,7.0,0,0.22414,0
4.883,708,74,39,0,0,0,0,0,0.12994,5.5,0,0.22316,0
4.952,221247,174,6368,1,0,0,1,3,0.15904,8.60829,1100,0.23186,0
4.613,1523,81,60,0,0,0,0,0,0.11753,6.18519,0,0.25804,0
4.824,431,74,24,0,0,0,0,0,0.09977,9.0,0,0.21346,0
4.78,470,74,23,0,0,0,0,0,0.10851,0.0,0,0.18511,0
4.873,11431,114,396,0,0,0,0,0,0.09815,10.95181,42,0.19955,0
4.722,75531,145,1097,0,0,0,0,0,0.17973,9.0,0,0.18202,0
4.637,4591,109,165,0,3,0,0,0,0.11283,6.92,2,0.28948,0
4.917,96,50,8,0,0,0,0,0,0.11458,0.0,0,0.11458,0
4.647,242,51,18,0,0,0,0,0,0.13223,0.0,0,0.25207,0
4.365,1204,81,57,0,0,0,0,0,0.12874,7.75,3,0.31395,0
4.784,1538,89,60,0,0,0,0,2,0.13069,8.23333,5,0.21651,0
4.512,12610,152,436,0,0,0,2,0,0.15567,6.31148,36,0.34219,0
4.276,12949,164,330,0,0,0,0,0,0.13754,7.11312,19,0.40799,0
4.724,81899,145,1177,0,0,0,0,0,0.17956,9.0,0,0.18047,0
4.633,7572,107,247,0,0,0,0,17,0.15742,8.15854,43,0.33122,0
4.736,6587,216,233,0,0,0,0,0,0.1594,5.02222,0,0.27797,0
4.472,5564,128,180,0,0,0,0,0,0.1215,7.67241,12,0.27768,0
4.659,254,50,18,0,0,0,0,0,0.12598,0.0,0,0.24016,0
4.514,291,56,17,0,0,0,0,0,0.12715,5.0,0,0.26117,0
4.53,153,33,10,0,0,0,0,0,0.34641,7.0,0,0.13725,0
4.637,2935,118,101,0,0,0,0,0,0.11823,12.76087,27,0.25724,0
3.518,2990,22,229,0,0,0,0,0,0.57023,5.8,0,0.37191,0
4.803,539,90,23,0,0,0,0,0,0.09091,0.0,0,0.16327,0
4.74,2626,185,77,0,0,0,0,0,0.12376,6.30952,3,0.23572,0
4.715,2045,207,73,0,0,0,0,0,0.10807,7.60606,11,0.20196,0
4.399,11483,168,429,1,0,0,0,0,0.14839,6.71515,44,0.37063,0
4.522,2550,113,96,0,0,0,2,0,0.11608,7.68571,0,0.28235,0
4.218,2770,137,94,0,0,0,0,0,0.12094,6.74545,5,0.37256,0
4.615,247,95,12,0,0,0,0,0,0.09312,0.0,0,0.19433,0
4.769,774,103,33,0,0,0,0,0,0.10853,5.0,0,0.19509,0
4.748,313,57,17,0,0,0,0,0,0.11502,0.0,0,0.20447,0
4.515,41533,127,1530,0,0,0,0,0,0.12833,7.07074,108,0.30263,0
4.646,33969,302,853,0,0,0,0,0,0.16965,5.85215,22,0.31337,0
4.522,27166,118,878,0,0,0,0,0,0.13605,7.2196,97,0.36365,0
4.71,2336,122,97,0,0,0,0,0,0.16267,5.68571,3,0.33219,0
4.715,173,100,9,0,0,0,0,0,0.06936,0.0,0,0.09827,0
4.378,619,67,31,0,0,0,0,0,0.10824,7.0,2,0.30533,0
4.507,747,100,31,0,0,0,0,0,0.10576,8.5,2,0.28514,0
4.301,7135,118,254,0,0,0,0,0,0.18108,7.02105,4,0.41205,0
4.721,75191,145,1095,0,0,0,0,0,0.17999,9.0,0,0.18246,0
4.492,6339,192,259,0,0,0,0,0,0.15539,5.71523,10,0.33775,0
4.835,125,50,10,0,0,0,0,0,0.072,0.0,0,0.112,0
4.847,767,96,40,0,0,0,0,0,0.09648,12.66667,2,0.2425,0
4.447,3544,104,109,0,0,0,0,0,0.15858,8.05357,8,0.34932,0
4.697,3180,103,111,0,0,0,0,11,0.14119,9.88636,9,0.28805,0
4.38,267,72,17,0,0,0,0,0,0.11236,8.0,0,0.29963,0
4.663,686,74,37,0,0,0,0,0,0.09621,0.0,0,0.24636,0
4.791,160,42,12,0,0,0,0,0,0.1125,0.0,0,0.125,0
4.764,1876,77,88,0,0,0,0,0,0.13006,6.48649,2,0.30704,0
4.431,2912,75,157,0,0,0,0,0,0.17995,2.85915,0,0.33173,0
4.657,776,74,32,0,0,0,0,0,0.1134,9.42857,0,0.19716,0
4.462,4145,112,169,0,0,0,0,0,0.09168,13.48438,46,0.30784,0
4.504,4526,106,192,1,0,0,0,0,0.14627,6.83529,14,0.33341,0
4.711,13146,177,356,0,0,0,0,0,0.10604,12.05093,181,0.27195,0
4.413,4953,93,192,0,0,0,0,0,0.13265,6.32911,5,0.34181,0
4.856,177,65,13,0,0,0,0,0,0.13559,0.0,0,0.11864,0
4.486,8869,211,384,0,0,0,0,0,0.11816,6.43046,12,0.31503,0
4.449,757,76,32,0,0,0,0,0,0.15324,6.24,0,0.33289,0
4.634,25332,131,877,0,0,0,0,0,0.15893,6.80526,35,0.30163,0
4.696,696,78,37,0,0,0,0,0,0.09483,0.0,0,0.24569,0
5.175,70514,197,1865,0,0,0,3,0,0.18162,10.72857,235,0.13857,0
4.397,3806,103,118,0,0,0,0,2,0.13295,7.46667,13,0.3639,0
4.989,2111,83,80,0,0,0,0,0,0.13359,11.0,4,0.26196,0
4.836,2703,79,101,0,0,0,0,0,0.10729,6.35714,0,0.19238,0
4.699,15869,193,527,0,0,0,0,0,0.10984,8.115,20,0.20411,0
5.25,374,74,18,0,0,0,0,2,0.20588,5.0,0,0.1631,0
4.698,11781,163,368,0,0,0,0,0,0.09091,9.15702,36,0.1993,0
4.502,2704,115,101,0,0,0,0,0,0.13905,7.375,3,0.31694,0
4.837,117,50,10,0,0,0,0,0,0.07692,0.0,0,0.11966,0
4.572,2145,82,88,0,0,1,0,0,0.14126,5.60606,0,0.30676,0
4.449,5513,92,196,0,0,0,0,0,0.13387,7.25275,9,0.36768,0
4.829,1220,100,52,0,0,0,0,0,0.16475,6.3913,0,0.23689,0
4.169,1201,63,50,0,0,0,0,0,0.11574,7.75,0,0.39134,0
4.527,1594,82,60,0,0,0,0,0,0.13237,6.66667,2,0.31179,0
4.563,747,79,36,0,0,0,0,0,0.12985,4.33333,0,0.27979,0
4.817,957,115,40,0,0,0,0,0,0.11703,6.27273,0,0.20899,0
4.669,2600,122,86,0,0,0,0,0,0.11038,13.76471,23,0.23308,0
4.948,294,75,13,0,0,0,0,0,0.23469,5.6,0,0.19388,0
4.868,1349,116,56,0,0,0,0,0,0.10082,9.0,6,0.23795,0
4.723,75261,145,1091,0,0,0,0,0,0.17972,9.0,0,0.1819,0
4.67,10330,247,248,0,0,1,0,0,0.13775,9.08451,57,0.27551,0
4.427,1422,103,65,0,0,0,1,0,0.1083,6.125,0,0.30802,0
4.697,4750,321,120,0,0,0,0,0,0.11621,10.03846,18,0.22547,0
4.474,11844,103,414,0,0,0,0,0,0.15062,7.0049,15,0.34296,0
4.822,901,105,33,0,0,0,0,1,0.12209,8.0625,3,0.17869,0
4.933,7450,173,231,1,0,0,0,0,0.17839,6.92188,13,0.27651,0
4.252,2723,98,135,0,0,0,0,0,0.11605,7.73333,8,0.37569,0
4.647,1861,95,80,0,0,0,0,0,0.15207,7.56522,6,0.29715,0
4.59,1879,104,82,0,0,0,0,0,0.12613,7.875,6,0.29537,0
4.454,7396,137,290,0,0,0,0,0,0.12966,7.34437,23,0.36979,0
4.662,125,41,11,0,0,0,0,0,0.136,0.0,0,0.144,0
4.603,2256,96,74,0,0,0,0,0,0.14051,6.17241,0,0.27438,0
4.812,261,56,13,0,0,0,0,0,0.12644,0.0,0,0.18391,0
4.602,299,72,14,0,0,0,0,0,0.06355,0.0,0,0.15719,0
4.725,661,68,37,0,0,0,0,0,0.09985,0.0,0,0.25416,0
4.678,1541,116,64,0,0,0,0,0,0.11681,6.04762,0,0.24854,0
4.411,1106,107,55,0,0,0,0,0,0.11844,5.84211,0,0.31917,0
4.549,958,180,33,0,0,0,0,0,0.07724,7.0,0,0.21399,0
4.724,861,78,37,0,0,0,0,0,0.11266,8.5,3,0.20209,0
4.707,1008,149,28,0,0,0,0,0,0.11508,7.25,0,0.21329,0
5.01,4526,425,59,0,0,0,0,0,0.0749,7.55,0,0.15577,0
4.397,5608,117,226,0,0,0,0,0,0.14034,6.44604,0,0.33488,0
4.48,3415,79,143,0,0,0,0,0,0.11742,7.54839,0,0.30425,0
4.652,4519,108,170,0,0,0,0,0,0.1341,7.09231,16,0.28701,0
4.669,167,77,11,0,0,0,0,0,0.07784,0.0,0,0.11976,0
4.895,467,91,22,0,0,0,0,0,0.12848,7.0,1,0.22912,0
4.84,467,75,27,0,0,0,0,0,0.1349,7.625,0,0.20343,0
4.624,117,52,9,0,0,0,0,0,0.07692,0.0,0,0.13675,0
4.684,12473,147,386,1,0,0,0,0,0.14872,9.01832,67,0.27868,0
4.799,1243,119,50,0,0,0,0,0,0.10137,5.92308,2,0.20113,0
3.938,5189,104,154,0,0,0,0,0,0.16496,7.22222,5,0.42686,0
4.52,1814,72,82,0,0,0,0,0,0.13396,6.2381,0,0.31202,0
4.67,313,89,12,0,0,0,0,0,0.1278,6.0,0,0.19489,0
4.628,423,50,17,0,0,0,0,0,0.11584,0.0,0,0.19385,0
4.958,249,46,14,0,0,0,0,0,0.16466,0.0,0,0.16064,0
4.933,47347,115,1666,0,0,0,0,0,0.14252,8.0189,126,0.25512,0
4.311,7736,92,314,0,0,0,0,0,0.15706,4.83401,16,0.39452,0
4.768,540,75,23,0,0,0,0,0,0.08519,0.0,0,0.17778,0
4.815,3726,103,114,0,0,0,0,0,0.10118,6.36364,2,0.25362,0
4.791,2105,97,77,0,0,0,0,5,0.15012,8.22034,14,0.26508,0
4.64,1159,77,62,0,0,0,0,0,0.12942,8.2,4,0.29249,0
4.737,17481,174,632,0,0,0,0,0,0.10571,7.99541,14,0.21726,0
4.573,984,77,51,0,0,0,0,0,0.08841,0.0,0,0.30386,0
4.561,611,69,32,0,0,0,0,0,0.13093,4.72727,0,0.28151,0
4.49,6995,118,279,0,0,0,0,0,0.18041,5.15,7,0.36555,0
4.74,10742,120,319,0,0,0,0,3,0.16058,8.68947,54,0.30022,0
4.808,514,74,23,0,0,0,0,0,0.09533,0.0,0,0.16148,0
4.512,5265,93,238,0,0,0,0,0,0.13371,6.30097,5,0.32023,0
4.475,26034,201,820,0,0,0,0,0,0.14128,8.72981,83,0.33579,0
4.959,245,46,14,0,0,0,0,0,0.16735,0.0,0,0.16327,0
4.405,87779,120,2686,9,0,1,0,31,0.13509,8.15912,373,0.38191,0
4.665,311,89,12,0,0,0,0,0,0.12862,6.0,0,0.19614,0
4.534,29604,127,1139,0,1,0,1,0,0.12877,6.17628,36,0.31354,0
4.571,1295,113,60,0,0,0,0,0,0.10888,9.15789,11,0.27645,0
4.788,593,79,23,0,0,0,0,0,0.07589,0.0,0,0.16189,0
4.661,818,80,32,0,0,0,0,0,0.12225,5.875,0,0.22861,0
4.538,29384,121,1040,0,0,0,0,0,0.11431,6.96112,65,0.28866,0
4.645,6058,89,212,0,0,0,0,0,0.15467,9.83607,57,0.32469,0
4.813,1367,107,43,0,0,0,0,0,0.20995,5.72727,0,0.23043,0
4.388,8915,104,373,0,0,0,0,0,0.16422,5.7491,33,0.37678,0
5.1,15989,261,489,0,0,0,0,46,0.2149,8.16216,36,0.20946,0
4.297,6101,105,246,0,0,0,0,0,0.13735,5.15068,0,0.37256,0
4.513,121,47,11,0,0,0,0,0,0.08264,0.0,0,0.15702,0
4.538,625,59,28,0,0,0,0,0,0.1184,8.0,0,0.2496,0
4.86,795,74,35,0,0,0,0,0,0.1283,7.18182,0,0.20126,0
4.731,2584,108,52,0,0,0,0,0,0.10836,8.75,10,0.12616,0
4.725,2721,141,89,0,0,0,0,0,0.18008,6.49398,2,0.2749,0
4.574,1727,90,64,0,0,0,0,0,0.15171,6.37736,0,0.28257,0
4.452,7316,125,228,0,0,0,0,0,0.08078,5.22222,0,0.27064,0
5.064,498,76,28,0,0,0,0,0,0.34137,7.0,0,0.10643,0
5.422,14671,1133,350,1,0,0,0,0,0.22153,4.26667,4,0.1854,0
4.539,311,53,17,0,0,0,0,0,0.10611,8.0,0,0.21865,0
4.193,14007,110,617,2,0,0,0,0,0.17263,4.21869,25,0.42971,0
4.544,525,74,30,0,0,0,0,0,0.12381,5.875,0,0.29333,0
4.45,14303,157,563,1,2,0,0,0,0.15095,7.12162,42,0.33371,0
4.532,3815,98,170,0,0,0,0,0,0.11874,5.97826,0,0.31402,0
4.613,1349,81,59,0,0,0,0,0,0.13195,5.86364,0,0.27872,0
4.32,3313,132,100,0,0,0,0,0,0.19771,8.09722,12,0.37398,0
4.539,1912,124,83,0,0,0,0,0,0.10879,10.82609,14,0.22594,0
4.521,3658,79,192,0,0,0,0,0,0.14543,5.73333,2,0.30782,0
4.302,1931,79,84,0,0,0,0,0,0.09891,7.07692,0,0.31176,0
4.771,4595,97,178,0,0,0,0,0,0.11382,8.15385,6,0.19891,0
4.632,2216,87,94,0,0,0,0,0,0.13177,6.2439,0,0.2694,0
4.672,306,89,12,0,0,0,0,0,0.13072,6.0,0,0.19935,0
4.328,2728,81,125,0,0,0,0,0,0.1316,6.26667,4,0.35777,0
4.561,1343,63,67,0,0,0,0,0,0.13626,7.0,4,0.31571,0
4.689,1043,104,41,0,0,0,0,0,0.16395,8.81818,4,0.26942,0
4.358,373,52,21,0,0,0,0,0,0.10724,9.0,2,0.31635,0
4.65,11184,103,348,0,0,0,0,27,0.15057,8.86726,59,0.30812,0
4.39,365,72,19,0,0,0,0,0,0.10685,7.0,0,0.28767,0
4.654,957,99,41,0,0,0,0,0,0.12121,8.27273,0,0.23511,0
4.548,9367,111,357,0,0,0,0,0,0.13089,6.63473,21,0.29999,0
4.64,5106,152,200,0,0,0,0,0,0.14101,6.46739,10,0.2879,0
4.607,2813,272,100,0,0,0,0,0,0.19054,6.82456,4,0.32812,0
4.853,1907,111,77,0,0,0,0,0,0.11117,6.94118,4,0.24908,0
4.382,1040,91,37,0,0,0,0,0,0.08846,3.0,0,0.25385,0
4.802,3656,88,131,0,0,0,0,0,0.13156,8.88679,18,0.27407,0
4.472,2403,101,97,0,0,0,0,0,0.12484,6.06667,0,0.33583,0
4.84,1195,113,51,0,0,0,0,0,0.11632,7.0,0,0.22427,0
4.735,13866,136,427,0,0,0,0,0,0.11013,9.03279,51,0.20554,0
4.955,251,46,14,0,0,0,0,0,0.16335,0.0,0,0.15936,0
4.518,11377,148,344,0,0,0,0,0,0.13149,6.60465,35,0.30272,0
4.713,4965,143,158,0,0,0,0,0,0.13635,8.56627,23,0.2997,0
4.415,1240,63,47,0,0,0,0,0,0.10645,10.0,0,0.35081,0
4.524,950,69,45,0,0,0,0,0,0.11895,7.17647,0,0.27474,0
4.302,10908,112,368,0,0,0,0,0,0.17143,6.46711,10,0.42143,0
4.547,12852,161,400,0,0,0,0,0,0.1378,6.85443,58,0.2812,0
4.598,11736,114,505,0,0,0,0,0,0.1653,5.99574,0,0.33785,0
4.662,2838,98,113,0,0,0,0,0,0.09831,7.93548,6,0.28154,0
4.457,4469,101,188,0,0,0,0,0,0.13202,5.6338,1,0.2985,0
4.936,984,95,40,0,0,0,0,0,0.14634,6.33333,0,0.20833,0
5.042,26849,132,863,0,0,0,0,0,0.17867,5.67568,12,0.28422,0
4.541,18825,120,666,0,0,0,0,0,0.12749,6.48476,24,0.30295,0
4.653,1726,94,74,0,0,0,0,0,0.12051,7.58333,5,0.25319,0
4.081,870,69,57,0,0,0,0,0,0.09885,5.0,0,0.39195,0
4.666,2380,116,85,0,0,0,0,2,0.14118,6.8,2,0.30798,0
4.878,2964,117,109,0,0,0,0,0,0.11606,10.16176,32,0.25169,0
4.644,2793,99,118,0,0,0,0,0,0.17615,6.86,15,0.27891,0
4.537,13999,136,499,0,0,0,0,0,0.12622,6.57874,43,0.27973,0
4.664,2866,142,117,0,0,0,0,0,0.13643,6.88462,4,0.27216,0
4.427,238,51,15,0,0,0,0,0,0.10504,5.66667,0,0.27731,0
4.991,5012,143,119,0,0,0,0,0,0.12989,11.39437,36,0.18396,0
4.583,4219,146,171,0,0,0,0,0,0.1434,8.325,16,0.3041,0
4.66,5876,150,211,0,0,0,2,0,0.16406,5.77857,0,0.34598,0
4.793,325,74,20,0,0,0,0,0,0.10154,0.0,0,0.19077,0
4.646,1320,108,54,0,0,0,0,0,0.12727,11.0,11,0.26212,0
4.465,274,48,15,0,0,0,0,0,0.11679,5.0,0,0.23723,0
4.597,2928,97,119,0,0,0,0,0,0.15915,7.78689,8,0.34734,0
4.372,7166,130,248,0,0,0,0,0,0.15322,7.1811,16,0.35892,0
4.513,10145,85,264,0,0,0,0,18,0.06348,6.91667,2,0.25234,0
4.681,3530,106,135,0,0,0,0,0,0.1204,7.55263,3,0.26034,0
4.877,530,154,13,0,0,0,0,0,0.16792,16.0,2,0.13774,0
4.612,833,113,21,0,0,0,0,0,0.17167,5.66667,0,0.26891,0
4.906,6327,261,213,0,0,0,0,0,0.12534,8.15888,25,0.16248,0
4.748,8587,145,120,0,0,0,0,0,0.11354,7.55474,27,0.10865,0
4.841,5340,121,106,0,0,0,0,0,0.10805,8.65753,12,0.14307,0
4.798,130,37,12,0,0,0,0,0,0.09231,0.0,0,0.13846,0
4.534,1115,74,52,0,0,0,0,0,0.10135,0.0,0,0.26816,0
4.626,753,104,29,0,0,0,0,0,0.11687,0.0,0,0.21514,0
3.018,20603,118,487,0,0,0,0,0,0.13192,15.35,17,0.60598,0
4.803,1477,206,44,0,0,0,0,0,0.10968,7.22222,2,0.19499,0
4.36,287,77,15,0,0,0,0,0,0.08014,11.0,2,0.22997,0
4.403,51731,234,1977,0,37,0,0,0,0.14378,6.48778,55,0.36469,0
4.61,4092,173,115,0,0,0,0,0,0.17864,6.26087,0,0.32185,0
4.408,703,74,46,0,0,0,0,0,0.09673,0.0,0,0.31863,0
4.56,7792,143,284,1,0,0,0,0,0.1644,6.04306,1,0.32636,0
4.613,6533,127,243,0,0,2,0,0,0.15582,6.10769,5,0.31364,0
4.726,77177,145,1109,0,0,0,0,0,0.17987,9.0,0,0.18004,0
4.312,3714,84,179,0,0,0,0,0,0.10635,5.89474,0,0.34249,0
5.094,553,98,27,0,0,0,0,0,0.18264,8.0,0,0.23508,0
4.54,4612,107,199,0,0,0,0,0,0.12836,6.98485,3,0.30204,0
4.64,9523,102,344,0,0,0,0,0,0.1215,7.93382,26,0.26326,0
4.53,78,43,9,0,0,0,0,0,0.12821,0.0,0,0.17949,0
4.641,241,78,12,0,0,0,0,0,0.10788,0.0,0,0.18672,0
4.625,1489,65,73,0,0,0,0,0,0.14708,5.05,0,0.3002,0
4.853,1035,91,45,0,0,0,0,0,0.13623,5.76923,0,0.24058,0
4.71,1178,120,45,0,0,0,0,0,0.12733,8.0,4,0.25127,0
4.54,2170,95,98,0,0,0,0,0,0.10415,8.34783,2,0.28571,0
4.55,123,44,11,0,0,0,0,0,0.0813,0.0,0,0.15447,0
4.66,1748,80,54,0,0,0,0,0,0.07323,10.5,4,0.24085,0
4.401,1060,78,50,0,0,0,0,0,0.10377,9.0,2,0.29717,0
4.612,41263,294,968,1,0,1,0,0,0.15993,7.22381,113,0.3041,0
4.274,11013,111,335,1,0,0,0,0,0.12276,9.25581,90,0.39635,0
4.43,18896,114,622,0,0,0,0,0,0.12913,6.96875,10,0.35997,0
4.446,259,43,16,0,0,0,0,0,0.11197,4.0,0,0.2973,0
4.867,895,118,36,0,0,0,0,0,0.14972,7.71429,0,0.19218,0
4.979,2015,145,83,0,0,0,0,0,0.13995,5.08696,0,0.26402,0
4.66,667,71,37,0,0,0,0,0,0.09895,0.0,0,0.25337,0
4.918,1672,126,51,0,0,0,0,0,0.13756,8.96154,9,0.23026,0
4.582,229,77,12,0,0,0,0,0,0.0786,0.0,0,0.19651,0
4.469,9330,91,366,0,0,0,0,0,0.13398,7.41667,14,0.32069,0
4.697,1226,87,63,0,0,0,0,0,0.14682,4.7,0,0.30995,0
4.553,1111,86,50,0,0,0,0,0,0.09181,5.0,0,0.25203,0
4.6,5180,128,165,0,0,0,0,0,0.15907,6.57609,10,0.29961,0
4.555,8861,155,295,0,0,0,0,0,0.11838,7.87681,24,0.29997,0
5.088,595,160,21,0,0,0,0,0,0.14118,0.0,0,0.12941,0
4.105,27328,120,972,0,0,0,0,0,0.11918,6.73885,31,0.48244,0
4.242,2854,154,98,0,0,0,0,0,0.12228,6.84211,5,0.37211,0
5.01,2228,278,47,0,0,0,0,0,0.15709,7.5,0,0.23698,0
4.749,579,74,26,0,0,0,0,0,0.09326,8.0,0,0.19171,0
4.653,12820,100,450,0,0,0,0,0,0.09314,8.89231,49,0.2383,0
4.728,635,89,29,0,0,0,0,0,0.09606,0.0,0,0.19528,0
5.048,8699,117,225,0,0,0,0,0,0.12381,7.89655,15,0.22094,0
4.74,2473,110,101,0,0,0,0,0,0.14234,6.63415,1,0.241,0
4.551,12933,99,402,0,0,0,0,0,0.15093,7.53313,111,0.34563,0
4.519,1496,114,53,0,0,0,0,0,0.15374,5.69231,0,0.31885,0
4.474,15085,129,582,1,1,4,0,0,0.12648,7.5528,82,0.31316,0
4.286,539,52,36,0,0,0,0,0,0.12059,5.66667,0,0.34694,0
4.61,34425,149,1218,0,0,0,0,0,0.13357,6.55,14,0.30115,0
4.424,2132,99,106,0,0,0,0,0,0.1515,5.82353,2,0.34006,0
4.636,822,104,33,0,0,0,0,0,0.11557,0.0,0,0.22871,0
4.95,516,64,30,0,0,0,0,0,0.0969,0.0,0,0.24612,0
4.658,1227,134,50,0,0,0,0,0,0.12388,6.22222,2,0.24613,0
4.45,2992,130,97,0,0,0,0,0,0.13636,6.57407,7,0.32587,0
4.524,34586,122,1167,0,0,2,0,0,0.11719,6.17548,29,0.3164,0
4.584,2774,115,111,0,0,0,0,0,0.13014,4.85714,3,0.28335,0
4.443,5693,112,231,0,0,0,0,0,0.12067,8.72131,12,0.32039,0
3.494,3302,22,253,0,0,0,0,0,0.5745,5.8,0,0.37311,0
4.992,925,179,27,0,0,0,0,0,0.18486,7.0,0,0.23351,0
4.413,1063,65,52,0,0,0,0,0,0.12888,6.23529,0,0.3302,0
4.647,574,108,22,0,0,0,0,0,0.13763,8.66667,0,0.27003,0
4.476,10204,109,283,0,0,0,0,30,0.16082,7.53431,44,0.3531,0
4.588,293,54,20,0,0,0,0,0,0.12287,10.0,0,0.27304,0
4.478,4722,81,126,0,0,0,0,5,0.06819,8.77778,4,0.26324,0
4.803,1740,88,64,0,0,0,0,0,0.10517,8.0,0,0.26667,0
4.654,1856,104,72,0,0,0,1,0,0.11369,8.88889,4,0.26401,0
4.652,5653,104,179,0,0,0,0,0,0.15178,7.45745,8,0.27879,0
4.699,4682,114,178,0,0,0,0,0,0.14075,7.5,12,0.27894,0
4.634,3724,122,145,0,0,0,0,0,0.15763,6.87097,8,0.29323,0
4.677,313432,6081,18448,0,0,0,0,0,0.39249,11.76471,8,0.0661,0
4.506,707,76,31,0,0,0,0,0,0.0976,7.0,0,0.27298,0
4.423,1599,75,93,0,0,0,0,0,0.17136,2.33333,0,0.33709,0
4.595,1234,93,54,0,0,0,0,0,0.13938,6.16667,1,0.29092,0
4.534,2933,88,141,0,0,0,0,0,0.13706,7.76596,5,0.31026,0
4.536,22723,116,856,0,0,2,0,0,0.13832,5.55269,24,0.32584,0
4.599,13948,101,516,0,0,0,0,2,0.14317,6.69519,15,0.34528,0
4.76,2374,128,76,0,0,0,0,0,0.16302,6.5625,0,0.24642,0
4.502,3135,120,97,0,0,0,0,0,0.15279,6.33333,12,0.3059,0
4.689,13935,231,465,0,0,0,0,0,0.09731,8.0073,27,0.20703,0
4.921,4528,317,77,0,0,0,0,0,0.18949,8.75472,15,0.14532,0
4.478,4250,114,123,0,0,0,0,0,0.16118,8.33333,23,0.32682,0
4.506,146,41,11,0,0,0,0,0,0.09589,0.0,0,0.23288,0
4.84,5051,116,149,0,0,0,0,0,0.15403,9.16038,24,0.26173,0
5.086,3393,175,79,0,0,0,0,0,0.18332,12.16667,1,0.15326,0
5.083,72657,119,3125,0,0,0,0,0,0.21215,3.74767,0,0.15901,0
4.806,490,80,27,0,0,0,0,0,0.12857,9.5,3,0.19388,0
4.594,1647,98,83,0,0,0,0,0,0.17001,7.4,0,0.37887,0
5.134,529,150,21,0,0,0,0,0,0.15879,0.0,0,0.14178,0
4.804,475,76,27,0,0,0,0,0,0.13263,8.0,0,0.2,0
4.763,3011,86,93,0,0,0,0,0,0.092,7.68182,6,0.24112,0
4.734,19989,178,520,2,0,0,0,0,0.21502,5.52225,4,0.31863,0
4.718,629,66,36,0,0,0,0,0,0.11288,5.0,0,0.28617,0
5.135,529,150,21,0,0,0,0,0,0.15879,0.0,0,0.14178,0
4.736,2002,105,89,0,0,0,0,0,0.12288,5.41935,1,0.24975,0
4.199,761,61,46,0,0,0,0,0,0.12878,6.25,0,0.36925,0
4.442,18041,105,831,0,0,0,0,0,0.11906,7.29482,34,0.33213,0
4.432,1938,90,74,0,0,0,0,0,0.11146,7.06061,4,0.31166,0
4.852,1327,75,56,0,0,0,0,0,0.12434,6.4,2,0.22532,0
4.656,1315,106,56,0,0,0,0,0,0.12624,6.3,1,0.25932,0
4.915,1125,88,44,0,0,0,0,0,0.13956,5.6,0,0.208,0
4.408,1858,95,96,0,0,1,0,0,0.15339,6.89474,0,0.33369,0
4.235,28191,113,890,0,0,0,0,23,0.13217,7.54895,135,0.40634,0
4.777,1113,155,47,0,0,0,0,0,0.13836,4.58333,0,0.25876,0
4.778,2775,211,74,2,0,0,0,0,0.11604,11.14634,23,0.22054,0
5.297,910674,5851,24897,65,0,6,0,12,0.21597,5.53666,2090,0.21307,0
4.403,2319,73,100,0,0,0,0,0,0.10004,7.35714,0,0.30099,0
4.591,1892,95,76,0,0,0,0,0,0.12051,6.83333,4,0.25264,0
4.807,437,74,24,0,0,0,0,0,0.0984,9.0,0,0.21053,0
4.456,2162,89,81,0,0,0,0,0,0.11841,6.9,4,0.32424,0
4.658,690,74,39,0,0,0,0,0,0.09855,5.83333,0,0.25507,0
4.677,1607,96,63,0,0,0,0,1,0.12197,9.42424,9,0.23584,0
5.124,2803,82,85,0,0,0,0,0,0.13129,4.0,0,0.26793,0
4.44,12134,118,324,0,0,0,0,25,0.14381,8.26104,61,0.3641,0
4.409,10802,103,455,0,0,0,0,0,0.13099,6.26087,12,0.33096,0
4.493,121,47,11,0,0,0,0,0,0.08264,0.0,0,0.15702,0
4.654,86,45,8,0,0,0,0,0,0.10465,0.0,0,0.12791,0
4.637,1147,111,44,0,0,0,0,0,0.08021,9.6,4,0.2136,0
4.705,22324,108,720,0,0,0,0,0,0.16659,3.17544,0,0.34389,0
4.443,4346,93,167,0,0,0,0,0,0.12908,6.31313,10,0.28509,0
4.813,3116,94,96,0,0,0,0,0,0.10494,8.0,0,0.20828,0
4.561,355,85,21,0,0,0,0,0,0.09859,5.0,0,0.25352,0
4.637,3811,113,137,1,0,0,0,0,0.13986,6.56842,9,0.27053,0
4.408,1538,78,75,0,0,0,0,0,0.11508,9.4,3,0.31404,0
4.497,8539,110,299,0,0,0,0,0,0.16349,7.67586,21,0.38014,0
5.033,1356,98,55,0,0,0,0,0,0.14749,7.875,6,0.20944,0
4.817,926,115,39,0,0,0,0,0,0.11771,5.33333,0,0.2257,0
4.348,5759,128,184,0,0,0,0,0,0.17069,6.88525,27,0.34259,0
4.628,927,74,47,0,0,0,0,0,0.1575,4.63636,0,0.3096,0
4.842,1217,218,39,0,0,0,0,0,0.1175,6.6,0,0.21364,0
4.55,21349,99,730,1,0,0,0,0,0.15392,7.47059,57,0.35735,0
4.09,1780,59,70,0,0,0,0,0,0.14607,0.0,0,0.41067,0
4.327,1431,68,70,0,0,0,0,0,0.1153,7.86667,0,0.2928,0
4.403,1579,92,65,0,0,0,0,0,0.17036,5.96774,0,0.35592,0
4.688,307,89,12,0,0,0,0,0,0.13029,6.0,0,0.1987,0
4.901,438,74,22,0,0,0,0,0,0.09589,0.0,0,0.15982,0
4.727,4519,113,147,1,0,0,0,2,0.14915,8.09709,31,0.28413,0
4.398,1831,102,84,0,0,0,0,0,0.10705,10.69231,11,0.30967,0
4.502,3383,98,126,0,0,0,0,0,0.13716,6.38571,8,0.3018,0
4.735,2394,92,84,0,0,0,1,0,0.13868,7.85417,10,0.23726,0
4.713,2275,98,95,0,0,0,0,0,0.13538,7.53333,0,0.27604,0
4.554,4393,111,158,0,0,0,0,0,0.12861,6.60563,1,0.27817,0
4.883,124,64,8,0,0,0,0,0,0.12097,0.0,0,0.08871,0
4.477,821,78,37,0,0,0,0,0,0.12789,7.72727,0,0.29354,0
4.336,2250,100,102,0,0,0,0,0,0.11556,6.88889,1,0.31911,0
4.609,1147,78,54,0,0,1,0,0,0.12467,7.4,3,0.28509,0
4.679,575,90,25,0,0,0,0,0,0.12522,8.27273,0,0.22609,0
4.701,82,41,8,0,0,0,0,0,0.10976,0.0,0,0.13415,0
4.254,2836,97,109,0,0,0,0,0,0.11389,8.0,15,0.38399,0
5.006,1894,180,67,0,0,0,0,0,0.18268,6.05714,0,0.22914,0
4.328,647,65,31,0,0,0,0,0,0.10201,8.0,0,0.28594,0
4.678,171,69,11,0,0,0,0,0,0.08772,0.0,0,0.1462,0
4.454,16861,122,703,0,0,3,0,0,0.14234,5.6581,11,0.3383,0
4.602,811,123,31,0,0,0,0,0,0.08385,5.0,0,0.23674,0
4.526,1828,132,60,0,0,0,0,0,0.1023,8.27273,10,0.23687,0
4.416,254,47,15,0,0,0,0,0,0.09449,6.0,0,0.25591,0
4.448,376,89,19,0,0,0,0,0,0.0984,8.5,0,0.27926,0
4.493,22223,147,740,0,0,0,0,0,0.14148,7.34958,104,0.28961,0
4.658,5217,138,203,0,0,0,0,0,0.14242,7.06494,10,0.29634,0
4.581,3710,110,107,0,0,0,0,0,0.07871,8.35484,8,0.22857,0
4.791,6606,195,223,0,0,0,0,0,0.18847,9.35811,52,0.25674,0
4.458,4175,149,116,0,0,0,0,0,0.14036,7.22222,8,0.32599,0
4.403,359,71,19,0,0,0,0,0,0.10306,9.5,2,0.29248,0
4.849,615,74,26,0,0,0,0,0,0.09756,0.0,0,0.16098,0
4.88,580,98,29,0,0,0,0,0,0.18103,8.0,0,0.26034,0
4.695,1241,115,45,0,0,0,0,0,0.11523,8.375,0,0.22482,0
4.734,2420,105,77,0,0,0,0,0,0.14917,6.95,0,0.2686,0
4.649,312,89,12,0,0,0,0,0,0.12821,6.0,0,0.19551,0
4.418,7792,84,321,0,0,0,0,0,0.13886,5.85882,17,0.37102,0
4.774,102,56,8,0,0,0,0,0,0.10784,0.0,0,0.10784,0
4.481,2585,97,93,0,0,0,0,0,0.1501,7.35484,8,0.33849,0
4.663,306,89,12,0,0,0,0,0,0.13072,6.0,0,0.19935,0
4.299,26804,157,814,4,0,0,0,0,0.15147,8.41365,109,0.38703,0
4.616,6313,90,229,0,0,0,0,0,0.12751,5.72059,6,0.26311,0
4.494,3828,114,146,0,0,0,0,0,0.13558,6.98113,0,0.3268,0
4.438,860,70,35,0,0,0,0,0,0.1093,8.30769,0,0.30581,0
4.8,2210,90,81,0,0,0,0,2,0.14389,6.52381,0,0.28824,0
4.678,708,68,37,0,0,0,0,0,0.09322,0.0,0,0.2387,0
4.842,566,79,26,0,0,0,0,0,0.10247,0.0,0,0.17668,0
4.322,6794,91,237,0,0,0,0,4,0.11937,7.832,27,0.3746,0
4.601,379,68,19,0,0,0,0,0,0.10554,7.0,0,0.21108,0
4.727,597,82,28,0,0,0,0,0,0.11055,5.28571,0,0.22446,0
3.48,3523,22,270,0,0,0,0,0,0.57678,5.8,0,0.37411,0
4.447,15216,120,412,0,0,0,0,79,0.15582,6.81173,56,0.37585,0
4.481,133,47,11,0,0,0,0,0,0.07519,0.0,0,0.14286,0
4.64,1238,98,47,0,0,0,0,0,0.11632,8.0,0,0.22859,0
4.766,6405,202,149,0,0,0,0,0,0.1235,12.69828,53,0.22654,0
4.904,398,93,21,0,0,0,0,0,0.11558,0.0,0,0.18844,0
4.347,1441,96,79,0,0,0,0,0,0.127,6.04167,0,0.32963,0
4.539,2675,98,91,0,0,0,0,0,0.12299,7.95,8,0.29047,0
4.672,306,89,12,0,0,0,0,0,0.13072,6.0,0,0.19935,0
4.68,1329,78,57,0,0,0,0,0,0.13093,5.63158,0,0.28819,0
4.299,1644,118,55,0,0,0,0,0,0.12226,9.52778,21,0.28102,0
4.677,2434,101,83,0,0,0,1,0,0.13024,8.0303,8,0.30279,0
4.563,9385,137,295,0,0,0,0,0,0.15258,6.84416,6,0.29824,0
5.139,652,131,26,0,0,0,0,0,0.09969,11.33333,2,0.15337,0
4.501,442,89,23,0,0,0,0,0,0.09276,5.5,0,0.26244,0
4.819,1558,83,63,0,0,0,0,2,0.14056,7.60606,3,0.24647,0
4.416,1376,71,67,0,0,0,0,0,0.11773,8.04167,4,0.33285,0
4.507,75926,178,2590,0,0,0,0,0,0.12573,6.56739,170,0.30797,0
4.391,3062,76,148,0,0,0,0,0,0.1499,5.74648,0,0.36381,0
4.636,683,74,38,0,0,0,0,0,0.10981,8.6,3,0.2489,0
4.705,1144,80,46,0,0,0,0,0,0.10577,9.0,0,0.24563,0
5.189,12646,121,426,0,0,0,0,20,0.16646,9.73333,55,0.19745,0
4.462,966,106,33,0,0,0,0,0,0.1087,6.8,2,0.27019,0
4.518,102,50,9,0,0,0,0,0,0.09804,0.0,0,0.13725,0
4.552,4436,97,133,0,0,0,0,0,0.2757,0.0,0,0.29125,0
4.634,7895,278,238,0,0,0,0,0,0.16225,6.10753,18,0.276,0
4.329,1433,75,75,0,0,0,0,0,0.13329,6.28,0,0.34124,0
4.259,7098,114,194,0,0,0,0,0,0.12863,10.5,6,0.40293,0
4.397,2759,113,119,0,0,0,0,0,0.16528,5.93421,0,0.36789,0
4.325,3078,93,142,0,0,0,0,0,0.10786,6.87273,8,0.33268,0
4.753,11844,176,465,0,0,0,0,0,0.10132,7.49541,12,0.2169,0
4.514,128,52,11,0,0,0,0,0,0.07031,0.0,0,0.14844,0
3.875,184844,22,13720,0,0,0,0,0,0.60403,5.8,0,0.37095,0
4.263,3825,107,130,0,0,0,0,0,0.10013,10.11111,49,0.33281,0
4.723,75261,145,1091,0,0,0,0,0,0.17972,9.0,0,0.1819,0
4.527,1165,95,45,0,0,0,0,0,0.10815,5.0,0,0.24292,0
4.784,195,40,14,0,0,0,0,0,0.13333,0.0,0,0.2,0
5.276,109696,554,2660,18,2,2,1,15,0.19217,5.57724,79,0.27936,0
4.684,310,89,12,0,0,0,0,0,0.12903,6.0,0,0.19677,0
4.62,99,41,9,0,0,0,0,0,0.09091,0.0,0,0.16162,0
4.378,2184,116,74,0,0,0,0,0,0.08242,7.36364,0,0.28663,0
4.464,5693,133,185,0,0,0,1,0,0.1277,6.57447,7,0.31934,0
4.115,1640,132,55,0,0,0,0,0,0.10854,8.56667,9,0.36646,0
4.44,9359,174,343,0,0,0,0,0,0.14467,6.67033,28,0.33989,0
4.651,21999,114,669,0,0,0,0,0,0.12614,8.94264,165,0.32601,0
4.465,1428,113,64,0,0,0,0,0,0.09734,10.14286,6,0.27871,0
4.538,656,73,34,0,0,0,0,0,0.10518,6.6,0,0.2622,0
4.725,82454,145,1184,0,0,0,0,0,0.17966,9.0,0,0.1804,0
4.338,893,90,40,0,0,0,0,0,0.09854,7.14286,2,0.29115,0
4.739,1895,102,70,0,0,0,0,0,0.12876,6.33333,0,0.27652,0
4.353,3238,84,156,0,0,0,0,1,0.13774,5.86567,6,0.35979,0
4.415,6366,94,208,0,0,0,0,0,0.10902,7.92929,4,0.29956,0
3.949,4219,157,87,0,0,0,0,0,0.16923,8.28,0,0.42403,0
4.79,1865,101,64,0,0,0,0,0,0.09973,7.0,3,0.2,0
4.694,1025,110,37,0,0,0,0,0,0.12098,9.5,3,0.21171,0
4.931,444,64,25,0,0,0,0,0,0.10135,5.0,0,0.20495,0
4.638,1486,101,65,0,0,0,0,0,0.12248,8.0,0,0.25639,0
5.088,38911,238,1276,0,0,0,0,0,0.16795,7.01698,66,0.20588,0
4.668,1736,80,79,0,0,0,0,0,0.12961,8.0,0,0.28226,0
4.729,706,74,34,0,0,0,0,0,0.10057,9.0,3,0.22238,0
4.675,96,64,8,0,0,0,0,0,0.07292,0.0,0,0.11458,0
4.514,403,83,21,0,0,0,0,0,0.10918,6.5,0,0.2804,0
4.779,922,74,46,0,0,0,0,0,0.13341,6.7,0,0.24512,0
4.57,3547,201,143,0,0,0,0,0,0.11615,5.58929,3,0.29151,0
3.48,3523,22,270,0,0,0,0,0,0.57678,5.8,0,0.37411,0
4.631,1825,114,82,0,0,0,0,0,0.11671,8.28571,6,0.28274,0
4.999,1210,112,52,0,0,0,0,0,0.1595,8.14286,4,0.1562,0
4.481,456,71,21,0,0,0,0,0,0.09649,9.0,2,0.28947,0
4.598,15735,107,486,0,0,0,0,0,0.14573,4.57273,4,0.34808,0
4.07,1129,70,45,0,0,0,0,0,0.12135,7.0,0,0.41364,0
4.548,500,99,23,0,0,0,0,0,0.098,5.0,0,0.274,0
4.434,4116,181,132,0,0,0,2,0,0.16108,4.86869,0,0.3552,0
4.408,358,71,19,0,0,0,0,0,0.10335,9.5,2,0.2933,0
3.48,3523,22,270,0,0,0,0,0,0.57707,5.8,0,0.37383,0
4.334,1079,55,67,0,0,0,0,0,0.13438,5.0,0,0.36701,0
4.41,2107,91,69,0,0,0,0,0,0.11486,11.21622,32,0.2748,0
4.523,1143,71,55,0,0,0,0,0,0.13473,7.71429,0,0.32458,0
4.384,365,68,21,0,0,0,0,0,0.09589,0.0,0,0.29041,0
4.693,6900,117,195,0,0,0,0,4,0.1729,8.22794,36,0.32174,0
4.37,2171,73,106,0,0,0,0,0,0.117,6.47368,2,0.32658,0
5.083,487,75,23,0,0,0,0,1,0.18275,6.28571,0,0.18891,0
4.711,1912,103,66,0,0,0,0,0,0.15377,8.22222,8,0.26412,0
4.735,2342,114,79,0,0,0,0,0,0.1234,15.5,12,0.22118,0
4.585,1373,133,47,0,0,0,0,0,0.18208,5.22222,0,0.29133,0
4.24,3175,86,85,0,0,0,0,0,0.11906,0.0,0,0.40126,0
4.746,9787,172,163,0,0,0,0,0,0.10749,8.15827,13,0.12159,0
4.66,1099,94,42,0,0,0,0,0,0.11374,7.75,3,0.23567,0
4.697,2702,94,117,0,0,3,0,0,0.11658,6.07692,3,0.26647,0
4.491,15005,121,529,0,0,0,0,0,0.11416,6.16168,14,0.32629,0
4.406,3872,101,168,0,0,0,0,0,0.12526,6.67647,12,0.33394,0
4.511,3853,121,156,0,0,0,0,0,0.10978,7.09615,0,0.2681,0
4.632,2564,98,88,0,0,0,0,0,0.12402,8.81481,3,0.26014,0
4.932,12003,227,293,0,0,1,0,0,0.13305,9.52709,71,0.21553,0
4.457,329,55,18,0,0,0,0,0,0.11854,8.0,0,0.25228,0
4.7,1039,93,40,0,0,0,0,0,0.08277,6.0,0,0.20404,0
4.514,24412,126,835,0,1,0,0,0,0.12297,7.64932,77,0.29432,0
4.494,784,118,28,0,0,0,0,0,0.08418,6.75,0,0.20281,0
4.465,1414,95,57,0,0,0,0,0,0.12588,8.21053,2,0.31612,0
4.57,418,101,19,0,0,0,0,0,0.11005,7.0,0,0.22727,0
4.726,169,32,16,0,0,0,0,0,0.13609,0.0,0,0.18935,0
4.702,733,76,37,0,0,0,0,0,0.09004,0.0,0,0.23056,0
4.331,8786,93,319,0,0,0,0,0,0.12463,7.69286,21,0.38982,0
4.845,1336,103,49,0,0,0,0,2,0.14371,8.96154,7,0.23952,0
3.522,2938,22,225,0,0,0,0,0,0.56909,5.8,0,0.37202,0
4.519,2523,115,88,0,0,0,0,0,0.1522,7.4,8,0.32897,0
4.502,287,52,20,0,0,0,0,0,0.12544,8.0,0,0.27875,0
4.699,999,86,50,0,0,0,0,0,0.13714,6.43478,2,0.25325,0
4.677,2075,111,75,0,0,0,0,0,0.14602,5.8,0,0.25253,0
4.731,540,74,23,0,0,0,0,0,0.07778,10.0,0,0.17037,0
4.462,31493,120,827,2,0,0,0,66,0.15213,9.39836,220,0.36503,0
4.851,389,74,25,0,0,0,0,0,0.1054,0.0,0,0.19537,0
4.596,1510,74,64,0,0,0,0,0,0.0947,10.0,9,0.23377,0
4.632,35648,120,998,0,0,0,0,67,0.16363,9.29337,195,0.34992,0
4.549,16402,228,590,0,0,0,0,0,0.12468,7.78788,61,0.31185,0
4.997,3498,86,112,0,0,0,0,0,0.09234,6.93548,0,0.24728,0
4.863,1600,74,51,0,0,0,0,0,0.19875,5.0,0,0.13875,0
4.588,173,100,9,0,0,0,0,0,0.06936,0.0,0,0.09827,0
4.989,1836,94,68,0,0,0,0,0,0.13617,6.61538,4,0.24183,0
4.571,3069,141,134,0,0,0,0,0,0.16227,8.74359,20,0.29391,0
4.485,1680,117,68,0,0,0,0,0,0.13274,8.20833,5,0.29405,0
4.623,33366,119,1019,2,0,0,0,0,0.14788,8.47734,107,0.33357,0
4.765,24317,196,323,1,1,1,0,0,0.14348,6.30312,57,0.1353,0
4.378,21318,277,723,0,0,2,1,0,0.14401,8.35849,93,0.38409,0
4.396,2715,83,131,0,0,0,0,0,0.13923,6.16981,4,0.34401,0
4.669,3859,104,136,0,0,0,0,0,0.14175,8.14118,5,0.27183,0
4.521,5708,111,226,0,0,0,0,7,0.14418,6.43478,14,0.34723,0
4.38,9196,108,424,0,0,0,0,0,0.13691,5.99015,2,0.34308,0
4.726,139,49,10,0,0,0,0,0,0.17986,9.33333,0,0.1295,0
4.899,1551,111,53,0,0,0,0,0,0.14313,8.22581,2,0.20503,0
4.841,548,118,23,0,0,0,0,0,0.08212,0.0,0,0.17701,0
4.579,13667,151,529,0,0,0,0,1,0.14048,7.71429,22,0.31294,0
4.484,6992,94,270,0,0,0,0,0,0.12686,7.49153,31,0.36427,0
4.508,13121,139,457,0,0,0,0,0,0.14008,7.63107,31,0.30638,0
4.443,258,106,14,0,0,0,0,0,0.08527,0.0,0,0.25194,0
4.764,3691,103,131,0,0,0,0,3,0.1715,8.32979,16,0.29721,0
4.36,120,54,9,0,0,0,0,0,0.06667,0.0,0,0.13333,0
4.549,4185,136,172,0,0,0,0,0,0.1491,7.17857,10,0.30418,0
4.576,2263,108,103,0,0,0,0,0,0.12019,7.57143,6,0.30004,0
4.402,1108,64,63,0,0,0,0,0,0.12816,5.35714,0,0.32762,0
4.068,1435,237,54,0,0,0,0,0,0.12892,0.0,0,0.44251,0
4.362,788,72,38,0,0,0,0,0,0.13071,7.0,0,0.35406,0
4.792,9783,166,299,0,0,0,0,1,0.14065,7.33043,17,0.24798,0
4.893,487,64,23,0,0,0,0,0,0.14579,5.875,0,0.19302,0
4.731,2398,114,81,0,0,0,0,0,0.11718,8.8,15,0.26647,0
4.405,4680,150,190,0,0,0,0,0,0.14402,6.77778,10,0.34466,0
4.501,2538,97,106,0,0,0,0,0,0.11978,8.225,14,0.29078,0
4.497,121,48,11,0,0,0,0,0,0.08264,0.0,0,0.15702,0
4.324,355,75,19,0,0,0,0,0,0.09296,6.0,0,0.31831,0
4.613,4845,104,180,0,0,3,0,0,0.1195,6.09091,3,0.26605,0
4.504,661,109,24,0,0,0,0,0,0.08926,7.0,0,0.2118,0
4.774,666,74,30,0,0,0,0,0,0.09159,8.75,0,0.18018,0
4.32,228,45,15,0,0,0,0,0,0.10526,6.0,0,0.28947,0
4.764,1687,228,61,0,0,0,0,0,0.11559,6.17391,1,0.24244,0
4.732,409,74,24,0,0,0,0,0,0.09291,0.0,0,0.1956,0
4.318,7596,140,244,0,0,0,0,0,0.10097,9.96748,46,0.34584,0
4.395,293,65,19,0,0,0,0,0,0.11263,6.0,0,0.28669,0
4.419,186,39,14,0,0,0,0,0,0.10753,0.0,0,0.29032,0
5.35,96070,424,2659,4,0,0,0,0,0.21385,6.25394,314,0.2339,0
4.776,578,64,35,0,0,0,0,0,0.09343,0.0,0,0.2699,0
4.708,827,74,40,0,0,0,0,0,0.13785,7.85714,0,0.29383,0
4.128,2084,149,47,0,0,0,0,0,0.18186,7.61111,0,0.37188,0
4.747,577,107,23,0,0,0,0,0,0.12825,7.5,0,0.23224,0
4.533,99,42,9,0,0,0,0,0,0.09091,0.0,0,0.16162,0
5.029,53877,199,997,0,0,0,0,0,0.17609,5.54409,37,0.13412,0
4.577,508,105,22,0,0,0,0,0,0.08071,0.0,0,0.21063,0
4.669,20175,118,633,0,0,0,0,26,0.13036,9.32143,80,0.31489,0
4.37,10135,106,339,0,0,0,0,0,0.14632,7.96396,43,0.37267,0
4.791,2385,115,78,0,0,0,0,2,0.15556,7.68889,10,0.27254,0
4.603,5592,117,192,0,0,0,0,0,0.15522,7.50617,3,0.30311,0
4.552,2956,100,123,0,0,0,0,0,0.16272,5.96429,1,0.33221,0
4.513,1406,85,51,0,0,0,0,0,0.09673,5.92308,0,0.27312,0
4.723,76236,145,1106,0,0,0,0,0,0.17974,9.0,0,0.18187,0
4.652,3236,94,138,0,0,3,0,0,0.12423,6.15625,4,0.28925,0
4.662,306,89,12,0,0,0,0,0,0.13072,6.0,0,0.19935,0
4.737,679,74,36,0,0,0,0,0,0.13402,7.66667,0,0.26804,0
4.502,2076,87,84,0,0,0,0,0,0.12235,6.73529,0,0.29143,0
4.499,1176,74,52,0,0,0,0,0,0.1165,6.2,1,0.29422,0
4.819,441,74,24,0,0,0,0,0,0.09751,9.0,0,0.20862,0
4.545,151,57,12,0,0,0,0,0,0.09934,0.0,0,0.15894,0
4.372,2870,72,139,0,0,0,0,0,0.11185,5.94118,0,0.32091,0
4.698,209,75,13,0,0,0,0,0,0.10526,0.0,0,0.14833,0
4.676,545,75,28,0,0,0,0,0,0.10642,5.4,0,0.24037,0
4.515,1034,79,52,0,0,0,0,0,0.11992,8.33333,1,0.28046,0
4.614,747,104,29,0,0,0,0,0,0.1178,0.0,0,0.21687,0
4.711,3070,99,112,0,0,0,0,1,0.13844,7.36364,6,0.2785,0
4.431,8233,84,307,0,0,0,0,0,0.20685,2.48936,0,0.41722,0
4.55,8211,101,313,0,0,0,0,0,0.13177,6.54745,9,0.3024,0
5.154,557,158,21,0,0,0,0,0,0.15081,0.0,0,0.13465,0
4.469,1734,108,81,0,0,0,0,0,0.12803,7.75,10,0.3218,0
4.327,2807,91,88,0,0,0,0,0,0.06911,6.0,0,0.29355,0
4.865,3414,114,117,0,0,0,0,0,0.18951,7.13483,11,0.29057,0
4.89,3503,166,95,0,0,0,0,0,0.10505,7.66667,9,0.18384,0
4.57,3337,98,140,0,0,0,0,0,0.13485,9.23529,16,0.32304,0
4.744,1826,76,71,0,0,0,0,0,0.11555,8.71429,6,0.18729,0
4.285,2229,97,109,0,0,0,0,0,0.1319,7.28,6,0.34006,0
4.482,7409,129,320,0,0,5,0,0,0.13349,6.53333,14,0.32852,0
4.92,1338,206,36,0,0,0,0,0,0.13229,9.95652,8,0.17713,0
4.814,584,462,4,0,0,0,0,0,0.17637,11.0,1,0.11301,0
4.209,765,61,46,0,0,0,0,0,0.1281,6.25,0,0.36732,0
4.585,1136,96,44,0,0,0,0,0,0.10651,4.42857,0,0.24208,0
4.872,1661,97,75,0,0,0,0,0,0.11981,6.22727,3,0.26671,0
4.273,8232,146,294,0,0,0,0,0,0.16254,6.93562,0,0.3665,0
4.778,588,64,35,0,0,0,0,0,0.09184,0.0,0,0.26531,0
4.64,679,74,37,0,0,0,0,0,0.09573,0.0,0,0.2489,0
4.442,5848,132,240,0,0,0,1,0,0.15168,6.73387,14,0.34884,0
4.467,1068,77,44,0,0,0,0,0,0.1161,8.23077,4,0.26217,0
4.909,131,51,11,0,0,0,0,0,0.12977,0.0,0,0.09924,0
4.522,4611,97,150,0,0,0,0,0,0.11364,6.60377,4,0.28063,0
4.683,307,89,12,0,0,0,0,0,0.13029,6.0,0,0.1987,0
4.388,1404,101,49,0,0,0,0,0,0.10897,7.96552,0,0.3084,0
4.743,6525,105,241,0,0,0,0,0,0.18912,4.43529,6,0.3433,0
4.996,1503,114,40,0,0,0,0,0,0.15037,4.89474,0,0.22355,0
4.548,447,59,23,0,0,0,0,0,0.1387,9.5,3,0.28635,0
4.103,737,77,38,0,0,0,0,0,0.10176,5.0,0,0.36635,0
4.279,1046,56,51,0,0,0,0,0,0.11472,0.0,0,0.40822,0
4.516,523,63,28,0,0,0,0,0,0.09943,0.0,0,0.30593,0
4.816,477,83,21,0,0,0,0,0,0.12159,8.0,0,0.22222,0
4.847,55119,115,1655,0,0,0,0,0,0.13467,6.00562,70,0.29752,0
4.192,4357,117,147,0,0,0,0,0,0.14368,5.60504,12,0.40532,0
4.576,502,66,22,0,0,0,0,0,0.11355,7.0,0,0.21713,0
5.025,7140,174,166,0,0,1,2,0,0.15924,7.68269,28,0.25084,0
4.864,8276,118,247,0,0,0,0,0,0.14041,10.94074,57,0.24517,0
4.522,7577,177,301,0,0,0,0,0,0.14359,5.63314,0,0.30804,0
4.716,5667,111,167,0,0,0,0,32,0.16923,6.66667,24,0.29222,0
4.461,440,65,21,0,0,0,0,0,0.12045,7.625,0,0.28864,0
4.685,1129,78,56,0,0,0,0,0,0.12489,6.36364,0,0.24446,0
4.624,6348,126,234,0,0,0,0,0,0.12429,7.06667,21,0.28135,0
4.69,1024,74,44,0,0,0,0,0,0.12012,8.42857,3,0.21387,0
4.545,6971,81,343,0,0,0,0,0,0.13527,8.31973,51,0.2925,0
5.044,525,71,32,0,0,0,0,0,0.12952,0.0,0,0.29524,0
4.328,24778,116,782,0,0,0,0,9,0.16281,6.89399,87,0.39547,0
4.67,1008,137,43,0,0,0,0,0,0.1369,6.5,1,0.25595,0
4.676,307,89,12,0,0,0,0,0,0.13029,6.0,0,0.1987,0
4.692,1696,84,69,0,0,0,0,0,0.12087,6.25806,0,0.20519,0
4.769,842,91,35,0,0,0,0,0,0.1152,7.4,3,0.24466,0
4.662,305,89,12,0,0,0,0,0,0.13115,6.0,0,0.2,0
4.541,2845,100,108,0,0,0,0,0,0.10053,4.88235,0,0.26749,0
4.502,1653,118,75,0,0,0,0,0,0.09921,7.84211,6,0.28736,0
4.88,2293,117,79,0,0,0,0,0,0.17008,7.31915,6,0.24291,0
4.632,3330,135,115,0,0,0,0,0,0.11261,11.42424,22,0.26186,0
4.514,1659,71,77,0,0,0,0,0,0.14286,5.82353,0,0.32068,0
4.758,11506,93,307,0,0,0,0,0,0.17591,3.38861,0,0.30862,0
4.575,2604,93,110,0,0,0,0,0,0.11751,8.56,6,0.33141,0
4.431,1858,80,97,0,0,0,0,0,0.12379,6.71429,0,0.33638,0
4.638,10820,121,340,0,0,0,0,0,0.10305,11.86538,75,0.33641,0
4.684,4822,140,156,0,0,0,0,0,0.14869,7.2,4,0.28826,0
4.73,7072,174,205,0,0,0,0,0,0.14777,6.03226,28,0.2377,0
4.603,823,104,32,0,0,0,0,0,0.19684,8.61538,3,0.30012,0
4.744,446,63,26,0,0,0,0,0,0.16368,3.5,0,0.26233,0
4.521,3278,110,108,0,0,0,0,24,0.15375,7.34615,8,0.34503,0
4.703,308,89,12,0,0,0,0,0,0.12987,6.0,0,0.19805,0
4.599,3110,116,113,0,0,0,0,0,0.14405,5.04878,2,0.27621,0
4.566,1158,92,42,0,0,0,0,0,0.15889,6.83333,2,0.28756,0
4.707,25953,180,873,0,0,0,0,0,0.13825,6.90545,47,0.27411,0
4.824,471,83,21,0,0,0,0,0,0.12314,8.0,0,0.22505,0
4.663,9312,248,252,1,0,0,0,0,0.18374,6.07203,11,0.27599,0
4.734,898,111,36,0,0,0,0,0,0.12806,6.8,0,0.25724,0
4.661,776,78,38,0,0,0,0,0,0.09665,0.0,0,0.24098,0
4.327,573,72,31,0,0,0,0,0,0.09948,4.0,0,0.32635,0
4.542,2615,95,93,0,0,0,0,0,0.14799,8.17778,8,0.30822,0
4.858,4704,151,175,1,0,0,0,0,0.17432,6.91525,12,0.27764,0
5.04,335,113,5,0,0,0,0,0,0.21493,11.0,1,0.11045,0
4.501,2682,102,83,0,0,0,0,0,0.26659,0.0,0,0.32177,0
4.494,596,79,27,0,0,0,0,0,0.09564,0.0,0,0.25336,0
4.825,2096,108,78,0,0,0,0,0,0.12739,0.0,0,0.25143,0
4.772,24242,152,326,0,0,0,0,0,0.17808,0.0,0,0.12606,0
4.757,205,33,18,0,0,0,0,0,0.12195,0.0,0,0.16585,0
4.748,1013,104,38,0,0,0,0,0,0.17868,12.25,18,0.20829,0
4.587,449,74,24,0,0,0,0,0,0.1559,7.0,0,0.28508,0
4.714,2034,85,76,0,0,0,0,0,0.15388,6.59574,8,0.26057,0
4.506,46662,152,1805,0,1,0,0,0,0.1163,7.15099,73,0.31664,0
4.535,306,58,15,0,0,0,0,0,0.10131,8.0,0,0.21569,0
5.009,486,76,25,0,0,0,0,0,0.107,5.6,0,0.18107,0
4.604,731,73,31,0,0,0,0,0,0.10944,10.0,0,0.20383,0
4.77,3606,84,120,0,0,0,0,0,0.09346,9.45455,18,0.19024,0
4.707,824,74,40,0,0,0,0,0,0.13835,7.85714,0,0.2949,0
4.839,1675,69,65,0,0,0,0,4,0.14687,7.64444,7,0.25134,0
4.639,17794,107,561,0,0,0,0,0,0.14966,4.26038,5,0.34624,0
4.238,480,56,31,0,0,0,0,0,0.15833,5.0,0,0.35417,0
4.508,3816,2365,15,0,0,0,0,0,0.17034,0.0,0,0.01887,0
4.983,4692,114,145,0,0,0,0,0,0.14578,7.51685,5,0.2419,0
4.535,1165,79,47,0,0,0,0,0,0.08326,6.14286,0,0.23863,0
4.557,3894,85,192,0,0,0,0,0,0.14278,6.40278,4,0.31202,0
4.629,2044,119,83,0,0,3,0,0,0.12573,8.64286,12,0.2544,0
4.458,305,58,17,0,0,0,0,0,0.08525,7.0,0,0.23607,0
4.772,444,74,20,0,0,0,0,0,0.07883,0.0,0,0.15991,0
4.675,311,89,12,0,0,0,0,0,0.12862,6.0,0,0.19614,0
4.359,10229,115,359,0,0,0,0,0,0.13579,6.784,17,0.32994,0
4.562,586,105,25,0,0,0,0,0,0.09044,0.0,0,0.22355,0
4.527,1055,93,50,0,0,0,0,0,0.14408,7.45455,4,0.29384,0
4.252,2234,77,111,0,0,0,0,0,0.11056,5.76923,0,0.33975,0
4.595,415,102,20,0,0,0,0,0,0.12289,5.66667,0,0.23614,0
4.639,5965,116,221,0,0,0,0,4,0.14417,7.04706,9,0.30008,0
4.515,2126,101,87,0,0,0,0,0,0.11994,7.25806,3,0.28739,0
4.649,2102,122,61,0,0,0,0,0,0.13273,5.46154,0,0.27545,0
4.483,5716,114,227,0,0,0,0,0,0.12351,6.54264,4,0.29164,0
4.929,922,115,38,0,0,0,0,0,0.13449,6.58824,2,0.19523,0
4.697,5407,269,143,0,0,0,0,0,0.12817,5.76471,0,0.25005,0
4.401,963,83,50,0,0,0,0,0,0.13084,6.89474,0,0.31983,0
4.222,7595,91,249,0,0,0,0,5,0.12442,7.58621,29,0.38644,0
5.044,531,103,22,0,0,0,0,3,0.16761,6.14286,0,0.19209,0
4.818,143,63,10,0,0,0,0,0,0.06294,0.0,0,0.0979,0
4.919,1044,116,46,0,0,0,0,0,0.10153,9.71429,6,0.22605,0
4.593,3177,89,155,0,0,0,0,0,0.13755,4.19672,0,0.31413,0
4.735,678,74,34,0,0,0,0,0,0.10472,7.14286,0,0.23156,0
4.393,388,62,21,0,0,0,0,0,0.10052,11.66667,4,0.30412,0
4.645,17073,160,557,1,0,0,0,0,0.16746,7.21519,43,0.30129,0
4.493,1222,84,43,0,0,0,0,0,0.16121,5.69231,0,0.3257,0
4.502,325,75,18,0,0,0,0,0,0.10462,4.0,0,0.28,0
4.401,773,114,20,0,0,0,0,0,0.21475,10.0,0,0.29366,0
4.305,2888,76,91,0,0,0,0,0,0.06163,0.0,0,0.27909,0
4.634,2919,96,108,0,0,0,0,6,0.1456,8.04167,13,0.32888,0
4.538,6848,146,209,0,0,0,0,0,0.11843,6.17808,8,0.28315,0
4.675,2654,127,92,0,0,0,0,0,0.14054,9.0,14,0.25885,0
4.699,1988,96,73,0,0,0,0,0,0.19215,5.39683,0,0.29477,0
4.357,5209,106,191,0,0,0,0,0,0.12498,7.12844,11,0.36591,0
4.57,5320,112,198,0,0,0,0,0,0.12143,6.25333,1,0.27669,0
4.493,5652,132,240,0,0,0,0,0,0.13181,6.45455,17,0.30962,0
4.49,3315,85,132,0,0,0,0,0,0.11674,8.2,7,0.2908,0
4.794,1874,81,67,0,0,0,0,0,0.13127,8.0,6,0.23586,0
4.327,4732,83,241,0,0,0,0,0,0.13609,5.25253,0,0.35651,0
5.365,1561,112,55,0,0,0,0,8,0.20115,8.0,2,0.13004,0
4.676,4871,102,190,0,0,0,0,0,0.12359,7.49153,4,0.27777,0
4.507,2115,175,93,0,0,0,0,0,0.14232,6.87879,1,0.32624,0
4.578,3656,82,164,0,0,0,0,0,0.16193,5.96875,4,0.34054,0
4.688,2473,105,124,0,0,0,0,0,0.16013,4.35294,0,0.32835,0
4.321,969,69,51,0,0,0,0,0,0.129,7.0,0,0.32405,0
4.2,1554,58,80,0,0,0,0,0,0.10489,6.71429,0,0.32883,0
4.481,2764,95,89,0,0,0,0,0,0.15485,8.19737,23,0.33538,0
4.822,434,74,24,0,0,0,0,0,0.09908,9.0,0,0.21198,0
4.521,1140,85,61,0,0,0,0,0,0.10702,6.33333,1,0.28684,0
4.55,13294,110,538,0,0,0,0,0,0.13946,6.0339,18,0.31841,0
4.099,21186,118,594,0,0,0,0,0,0.11201,11.06462,137,0.40404,0
4.242,3689,94,170,0,0,0,0,0,0.18813,4.21053,2,0.41041,0
4.748,14303,119,398,0,0,0,0,0,0.1636,10.14869,133,0.28197,0
4.558,6767,112,304,0,0,0,0,0,0.12073,6.5,20,0.30649,0
4.781,1345,69,57,0,0,0,0,1,0.14201,6.45833,0,0.26097,0
4.606,3395,116,137,0,0,0,0,0,0.12636,8.51389,27,0.29013,0
4.397,1336,80,69,0,0,0,1,0,0.13398,8.04762,2,0.33982,0
4.378,2089,80,97,0,0,0,0,0,0.11728,7.64706,0,0.30206,0
4.722,769,74,34,0,0,0,0,0,0.08843,5.0,0,0.21456,0
4.613,305,58,20,0,0,0,0,0,0.11803,14.0,2,0.2623,0
4.463,516,57,28,0,0,0,0,0,0.10271,15.0,2,0.30039,0
4.374,9290,112,287,0,0,0,0,0,0.16211,6.65584,13,0.39666,0
4.55,5533,87,193,2,0,0,0,0,0.12163,8.55319,22,0.30164,0
4.007,5226,93,172,0,0,0,0,0,0.13222,0.0,0,0.43724,0
5.032,7004,152,148,0,0,0,0,0,0.13521,12.01923,60,0.16933,0
4.842,585,95,25,0,0,0,0,0,0.08205,0.0,0,0.15214,0
4.834,1092,146,41,0,0,0,0,0,0.13919,7.7,4,0.21154,0
4.789,466,72,25,0,0,0,0,0,0.16094,7.57143,0,0.24464,0
5.242,572,164,21,0,0,0,0,0,0.15734,0.0,0,0.13112,0
4.802,701,103,30,0,0,0,0,0,0.11698,7.72727,3,0.21969,0
4.724,82059,145,1179,0,0,0,0,0,0.17961,9.0,0,0.18046,0
4.499,30399,117,1068,2,0,1,0,16,0.13586,7.61837,94,0.35639,0
4.607,5332,165,137,0,0,0,0,0,0.12228,6.46847,12,0.29351,0
4.809,1023,88,40,0,0,0,0,0,0.16325,6.41667,0,0.21799,0
4.322,5381,113,187,0,0,0,0,0,0.12154,5.61842,2,0.36963,0
4.011,3035,101,98,0,0,0,0,0,0.12389,4.0,0,0.43394,0
4.92,209,78,14,0,0,0,0,0,0.15789,0.0,0,0.13397,0
4.447,263,48,15,0,0,0,0,0,0.12167,5.0,0,0.25095,0
4.551,11871,130,409,0,0,0,0,0,0.12754,6.73288,11,0.30402,0
4.775,398,55,25,0,0,0,0,0,0.13819,0.0,0,0.24372,0
4.707,84,83,2,0,0,0,0,0,0.21429,0.0,0,0.09524,0
4.422,19051,102,577,0,0,0,0,0,0.15605,7.09619,129,0.37001,0
4.663,15965,107,452,0,0,0,0,0,0.18409,3.64523,0,0.34463,0
4.613,6609,115,235,0,12,0,0,0,0.11938,7.01786,12,0.31049,0
4.5,35299,131,1456,1,0,2,0,0,0.12887,7.05396,92,0.31678,0
4.716,98,52,8,0,0,0,0,0,0.11224,0.0,0,0.11224,0
4.696,1415,103,37,0,0,0,0,0,0.09046,8.84615,0,0.13781,0
4.639,4624,107,172,0,0,0,0,0,0.16414,7.10811,9,0.29779,0
4.467,3859,92,153,0,0,0,0,0,0.12749,7.76636,17,0.30215,0
4.672,526,92,23,0,0,0,0,0,0.11787,6.0,0,0.21863,0
4.721,3045,104,146,0,0,0,0,0,0.1445,5.57143,3,0.29458,0
4.639,8644,236,209,0,0,0,0,0,0.15814,6.25701,29,0.31883,0
4.932,71129,222,2169,2,0,0,0,0,0.15794,11.05122,510,0.21638,0
5.113,21759,264,752,0,0,0,0,27,0.18466,6.99472,49,0.19822,0
4.581,30579,229,791,0,0,1,2,0,0.14075,8.0608,126,0.31388,0
4.556,1338,88,57,0,0,0,0,0,0.15396,5.26923,0,0.30942,0
4.917,686,68,36,0,0,0,0,0,0.10933,11.0,3,0.21574,0
4.436,3025,114,139,0,0,0,0,0,0.11868,6.52083,3,0.32,0
4.577,4462,91,187,0,0,0,0,0,0.15486,7.55,10,0.31017,0
4.806,465,72,25,0,0,0,0,0,0.16129,7.57143,0,0.24516,0
4.652,4178,134,173,0,0,0,0,0,0.14696,6.57317,6,0.29727,0
4.534,3499,113,141,0,0,0,0,0,0.11232,7.17778,3,0.26665,0
4.94,424,64,25,0,0,0,0,0,0.09906,0.0,0,0.23113,0
4.38,992,92,43,0,0,0,0,0,0.1129,9.0,6,0.3004,0
4.707,4204,95,148,0,0,0,0,0,0.11537,7.98305,9,0.27807,0
4.805,249,98,13,0,0,0,0,0,0.09639,7.0,0,0.10843,0
4.725,82715,145,1187,0,0,0,0,0,0.17967,9.0,0,0.18031,0
4.168,1946,88,86,0,0,0,0,0,0.12025,6.16,0,0.40699,0
4.643,635,71,25,0,0,0,0,0,0.11496,11.0,4,0.24252,0
4.491,120,47,11,0,0,0,0,0,0.08333,0.0,0,0.15833,0
4.808,772,107,30,0,0,0,0,0,0.14249,8.5,5,0.18264,0
3.48,3523,22,270,0,0,0,0,0,0.57678,5.8,0,0.37411,0
4.658,561,101,26,0,0,0,0,0,0.14439,5.0,0,0.28164,0
4.422,1211,140,49,0,0,0,0,0,0.11148,9.34783,15,0.30966,0
4.299,1824,71,83,0,0,0,0,0,0.11184,7.38462,2,0.32018,0
4.399,56630,165,2081,0,0,0,0,0,0.13551,6.69153,29,0.35262,0
4.577,93,38,9,0,0,0,0,0,0.09677,0.0,0,0.17204,0
4.764,5293,224,151,2,0,0,0,0,0.15322,5.80357,14,0.26393,0
4.551,2658,127,114,0,0,0,0,0,0.15839,6.34426,9,0.32468,0
4.324,864,95,39,0,0,0,0,0,0.08681,9.0,0,0.30208,0
4.526,135,34,12,0,0,0,0,0,0.1037,0.0,0,0.15556,0
5.094,3058,82,91,0,0,0,0,0,0.14421,4.0,0,0.27796,0
4.832,485,74,28,0,0,0,0,0,0.11546,6.5,0,0.21856,0
4.559,1531,95,47,1,0,0,0,0,0.15741,16.30303,23,0.28935,0
4.944,30741,174,1126,1,0,0,0,11,0.162,8.09364,88,0.21902,0
4.453,3776,87,184,0,0,0,0,0,0.13824,7.30952,4,0.33951,0
4.19,4560,102,168,0,0,0,0,0,0.17851,5.90541,0,0.41535,0
4.667,1736,88,85,0,0,0,0,0,0.16014,3.71875,0,0.32316,0
3.085,12,11,2,0,0,0,0,0,0.41667,5.0,0,0.25,0
4.764,1920,82,76,0,0,0,0,0,0.1125,7.9,3,0.19635,0
4.918,430,78,21,0,0,0,0,0,0.10233,0.0,0,0.13953,0
4.314,2006,75,97,0,0,0,0,0,0.11416,6.33333,0,0.31755,0
4.687,13198,132,483,0,6,0,0,0,0.13873,6.78927,19,0.28716,0
4.617,6676,114,227,0,0,0,0,0,0.11534,7.48387,12,0.26168,0
4.741,7124,166,182,0,0,0,0,0,0.12816,10.01575,37,0.26783,0
4.445,7636,89,258,0,0,0,0,0,0.12362,5.94118,8,0.33028,0
4.454,43541,119,1234,2,0,0,0,5,0.14343,8.73982,177,0.36993,0
4.729,4046,90,156,0,0,0,0,0,0.16238,5.72951,0,0.30277,0
4.489,3043,99,134,0,0,0,0,0,0.17023,4.37349,0,0.32304,0
4.639,792,79,32,0,0,0,0,0,0.10985,10.14286,1,0.19318,0
4.412,2468,109,107,0,0,0,0,0,0.13371,4.94667,3,0.32131,0
4.798,3800,118,150,0,0,0,0,2,0.13237,6.56757,0,0.26395,0
3.486,3432,22,263,0,0,0,0,0,0.57576,5.8,0,0.37383,0
4.752,2362,94,81,0,0,2,0,0,0.0906,8.77778,5,0.23793,0
4.948,174,61,13,0,0,0,0,0,0.13793,0.0,0,0.12069,0
4.528,93,38,9,0,0,0,0,0,0.09677,0.0,0,0.17204,0
4.895,900,92,41,0,0,0,0,0,0.13333,6.09091,0,0.20778,0
4.851,800,74,34,0,0,0,0,0,0.105,4.0,0,0.2275,0
4.624,1436,116,61,0,0,0,0,0,0.11838,5.84,1,0.27994,0
4.615,9553,207,284,0,0,0,0,0,0.17188,7.32812,37,0.29656,0
4.478,1227,81,58,0,0,0,0,0,0.09372,5.0,0,0.31948,0
4.372,1732,104,72,0,0,0,0,0,0.12009,6.83333,4,0.33949,0
4.834,486,74,22,0,0,0,0,0,0.08436,0.0,0,0.16872,0
4.667,1246,81,46,0,0,0,0,0,0.16453,7.74074,10,0.22873,0
4.499,12780,107,389,0,0,0,0,0,0.14679,5.45211,24,0.40125,0
4.684,17635,234,229,0,0,0,0,0,0.09181,9.45277,108,0.16898,0
4.81,1377,74,55,0,0,0,0,0,0.15251,2.42857,0,0.27378,0
4.828,469,76,27,0,0,0,0,0,0.13433,8.0,0,0.20256,0
4.408,965,122,33,0,0,0,0,0,0.09948,7.0,2,0.26943,0
4.78,469,76,27,0,0,0,0,0,0.13433,8.0,0,0.20256,0
4.985,1011,105,37,0,0,0,0,0,0.10188,0.0,0,0.17903,0
4.502,1553,79,69,0,0,0,0,0,0.11462,6.71429,0,0.28719,0
4.937,254,46,14,0,0,0,0,0,0.16142,0.0,0,0.16142,0
4.316,890,67,47,0,0,0,0,0,0.10787,8.66667,0,0.3236,0
4.723,78225,145,1134,0,0,0,0,0,0.17974,9.0,0,0.18183,0
4.532,3444,114,139,0,0,1,0,0,0.12544,11.675,30,0.29007,0
4.666,306,89,12,0,0,0,0,0,0.13072,6.0,0,0.19935,0
4.727,971,123,35,0,0,0,0,0,0.12564,6.76923,0,0.25335,0
4.387,892,90,37,0,0,0,0,0,0.16031,6.93333,0,0.34417,0
4.62,689,82,26,0,0,0,0,0,0.1074,7.81818,0,0.19158,0
4.5,5470,92,181,0,0,0,0,0,0.12907,6.37143,0,0.29598,0
4.699,14451,131,512,0,0,0,0,0,0.15501,6.36769,9,0.28289,0
3.931,4476,105,130,0,0,0,0,0,0.13986,7.75887,40,0.44996,0
4.724,452,82,25,0,0,0,0,0,0.14381,7.22222,2,0.24779,0
4.292,1631,84,82,0,0,0,0,0,0.12753,7.61111,0,0.33722,0
4.646,4919,134,195,0,0,0,0,0,0.17056,9.52326,37,0.28725,0
4.786,4696,117,204,2,0,0,0,0,0.15417,6.44643,0,0.30813,0
4.602,16215,123,593,7,0,0,0,0,0.14351,6.27778,23,0.30244,0
4.616,4491,189,121,0,0,0,0,0,0.12536,8.91765,27,0.26542,0
4.724,4445,113,141,0,0,0,0,0,0.17773,5.64762,2,0.30461,0
5.068,288585,220,9229,18,0,2,6,31,0.15503,8.42089,1154,0.22921,0
4.681,1128,101,45,0,0,0,0,0,0.13652,4.77778,0,0.25177,0
4.579,11390,111,368,0,0,0,0,0,0.13512,7.43321,19,0.33802,0
4.666,312,89,12,0,0,0,0,0,0.12821,6.0,0,0.19551,0
4.416,36862,120,1130,1,0,0,0,0,0.17142,5.60028,17,0.38755,0
4.826,17268,186,642,0,7,0,2,0,0.12109,7.93115,55,0.20251,0
5.211,445,165,11,0,0,0,0,0,0.22247,11.0,1,0.13034,0
4.83,725,120,26,0,0,0,0,0,0.06759,0.0,0,0.15034,0
4.397,1106,73,53,0,0,0,0,0,0.13653,7.77778,0,0.30651,0
4.508,7123,99,290,0,0,0,0,0,0.12074,5.94231,6,0.30802,0
4.825,3973,120,123,0,0,0,0,0,0.12509,6.40845,2,0.21118,0
4.883,2911,82,99,0,0,0,0,0,0.09653,5.47619,0,0.27619,0
4.576,1031,90,43,0,0,0,0,0,0.11445,5.0,0,0.258,0
4.403,3097,86,144,0,0,0,0,0,0.11786,7.52941,10,0.3145,0
4.739,480,79,24,0,0,0,0,0,0.1625,5.0,0,0.26875,0
4.596,10878,116,385,0,0,0,0,0,0.11758,6.73596,20,0.2791,0
4.597,4211,114,166,0,0,0,0,0,0.16481,8.5,21,0.3517,0
4.59,290,72,16,0,0,0,0,0,0.12069,3.0,0,0.22414,0
4.439,517,84,24,0,0,0,0,0,0.11025,10.66667,4,0.27079,0
4.488,3523,147,111,0,0,0,0,0,0.18706,6.83333,3,0.32983,0
4.485,7314,104,292,0,0,0,0,0,0.12729,5.96203,2,0.28753,0
4.967,706,91,27,0,0,0,0,0,0.13598,7.54545,2,0.19405,0
4.561,1576,80,64,0,0,0,0,0,0.12373,3.91304,0,0.33947,0
4.288,3107,161,158,0,0,0,0,0,0.12617,5.52778,4,0.36048,0
4.355,120561,133,5090,0,0,0,0,0,0.1353,6.80088,72,0.33809,0
4.701,5484,82,173,0,0,0,0,0,0.12965,6.17143,11,0.34683,0
4.234,1100,64,58,0,0,0,0,0,0.11091,7.8,2,0.31909,0
4.55,2414,148,98,0,0,0,0,0,0.10936,5.47826,0,0.26553,0
4.393,295,65,19,0,0,0,0,0,0.11186,6.0,0,0.28475,0
4.702,23593,121,814,0,0,0,0,0,0.09922,6.60166,3,0.20184,0
3.484,3458,22,265,0,0,0,0,0,0.57634,5.8,0,0.37363,0
4.561,1070,86,49,0,0,0,0,0,0.14673,6.5,0,0.28131,0
4.518,1954,98,74,0,0,0,0,0,0.11105,6.57143,0,0.28659,0
4.371,2395,131,58,0,0,0,0,0,0.06764,5.76923,0,0.3023,0
4.659,2064,86,74,0,0,0,0,0,0.12839,8.05128,6,0.26986,0
4.81,334,64,19,0,0,0,0,0,0.12275,8.0,0,0.21856,0
5.226,26983,258,744,3,0,0,0,10,0.20024,11.11628,122,0.21273,0
4.453,414,80,21,0,0,0,0,0,0.08937,10.0,0,0.28261,0
4.479,81,47,8,0,0,0,0,0,0.07407,0.0,0,0.1358,0
4.83,612,90,28,0,0,0,0,0,0.11275,6.8,0,0.22386,0
4.814,3968,100,124,0,0,0,0,0,0.0935,7.29412,6,0.20439,0
4.762,1281,91,65,0,0,0,0,0,0.13271,7.5,3,0.28415,0
4.717,806,89,32,0,0,0,0,0,0.08189,9.0,2,0.20471,0
4.502,1711,60,91,0,0,0,0,0,0.13209,5.5,0,0.32028,0
4.463,6574,102,291,0,0,0,0,0,0.13036,6.1457,7,0.32902,0
4.654,1221,104,52,0,0,0,0,0,0.13022,8.0,4,0.23505,0
4.702,182,92,11,0,0,0,0,0,0.07143,0.0,0,0.10989,0
4.732,309,86,15,0,0,0,0,0,0.25243,5.0,0,0.08738,0
4.542,372,54,22,0,0,0,0,0,0.10484,7.0,0,0.27957,0
4.587,1288,112,59,0,0,0,0,0,0.1382,6.33333,1,0.27329,0
4.487,6112,91,183,0,0,0,0,0,0.06954,7.11111,4,0.27601,0
4.578,7277,119,293,0,0,0,0,0,0.1344,7.06195,13,0.33063,0
4.776,890,79,36,0,0,0,0,0,0.16742,6.3125,0,0.25281,0
5.154,401,70,17,0,0,0,0,0,0.25686,6.0,0,0.17207,0
4.612,1274,91,53,0,0,0,0,0,0.08399,9.0,0,0.23783,0
4.738,1783,67,71,0,0,0,0,4,0.15648,6.29412,0,0.27874,0
4.475,16378,142,580,0,0,0,0,0,0.12767,7.31879,41,0.34302,0
4.309,3705,117,139,0,0,0,0,0,0.17166,6.20253,0,0.38273,0
4.74,3887,196,110,0,0,0,0,0,0.13635,7.28125,13,0.2709,0
4.498,1201,138,33,0,0,0,0,0,0.08659,10.25,5,0.28226,0
4.614,3822,96,128,0,0,0,0,0,0.11957,5.60526,2,0.25667,0
4.719,5194,171,139,0,0,0,0,0,0.11032,10.21333,25,0.20928,0
4.765,4231,107,128,0,0,0,0,0,0.08485,11.11429,18,0.19948,0
4.483,5931,110,233,1,0,0,0,0,0.14281,6.47482,22,0.33502,0
4.725,8881,119,275,0,0,0,0,0,0.13287,7.76966,33,0.30019,0
4.284,593,59,32,0,0,0,0,0,0.11973,10.0,6,0.29174,0
4.891,318,74,17,0,0,0,0,0,0.09748,0.0,0,0.22956,0
5.057,771,204,26,0,0,0,0,0,0.16083,4.0,0,0.24125,0
4.716,3340,97,136,0,0,0,0,0,0.13892,7.68254,11,0.27275,0
4.082,986,59,69,0,0,0,0,0,0.12779,9.28571,1,0.38641,0
4.545,105,47,9,0,0,0,0,0,0.08571,0.0,0,0.15238,0
4.361,8770,91,287,0,0,0,0,4,0.12942,7.23757,31,0.36864,0
4.691,309,89,12,0,0,0,0,0,0.12945,6.0,0,0.19741,0
4.444,964,66,48,0,0,0,0,0,0.12033,7.23077,0,0.31328,0
4.769,570,74,28,0,0,0,0,0,0.09649,7.0,0,0.19474,0
4.355,1709,75,85,0,0,0,0,0,0.12756,7.59091,2,0.35459,0
4.573,10352,184,377,0,0,0,0,0,0.11785,7.712,9,0.25831,0
4.4,343,91,19,0,0,0,0,0,0.09621,8.0,0,0.24781,0
4.84,422,131,12,0,0,0,0,0,0.05687,8.0,0,0.0782,0
5.051,2140,214,58,0,0,0,0,0,0.30093,0.0,0,0.13084,0
4.579,3369,75,155,0,0,0,0,0,0.12407,5.16667,3,0.3081,0
4.767,5283,120,186,0,0,0,0,0,0.16941,7.25,19,0.27674,0
4.74,84,83,2,0,0,0,0,0,0.21429,0.0,0,0.09524,0
4.544,344,90,19,0,0,0,0,0,0.10174,5.0,0,0.25,0
4.523,155,62,11,0,0,0,0,0,0.07742,0.0,0,0.14194,0
4.554,5357,84,202,0,0,0,0,0,0.11723,7.61429,20,0.26526,0
4.41,20343,116,804,0,2,0,9,0,0.12289,6.56824,21,0.34061,0
4.533,543,71,22,0,0,0,0,0,0.08656,8.0,0,0.20994,0
4.906,134,51,11,0,0,0,0,0,0.12687,0.0,0,0.09701,0
4.281,372,69,19,0,0,0,0,0,0.08871,13.5,4,0.29032,0
4.815,459,74,22,0,0,0,0,0,0.09586,0.0,0,0.16993,0
4.602,1484,106,49,0,0,0,0,0,0.21294,5.72727,0,0.28235,0
4.552,3664,114,137,0,0,0,0,0,0.13865,7.08511,20,0.30377,0
4.316,1700,88,91,0,0,0,0,0,0.11294,7.81818,3,0.34824,0
4.769,2036,72,52,0,0,0,0,0,0.28978,3.16418,0,0.14538,0
4.789,368,93,19,0,0,0,0,0,0.12772,16.0,2,0.19565,0
4.673,1353,114,57,0,0,1,0,0,0.11752,7.4,3,0.26238,0
4.784,4837,116,167,0,4,0,0,0,0.11929,7.3913,8,0.21087,0
4.454,1418,84,53,0,0,0,0,0,0.15092,5.69231,0,0.33216,0
4.771,21672,211,634,0,0,0,0,0,0.1208,9.5283,91,0.19158,0
4.254,1076,54,62,0,0,0,0,0,0.12361,6.05263,1,0.34294,0
4.719,2420,135,84,0,0,0,0,1,0.13967,6.9375,3,0.2624,0
4.602,872,80,36,0,0,0,0,0,0.10665,8.72727,0,0.23394,0
4.682,311,89,12,0,0,0,0,0,0.12862,6.0,0,0.19614,0
4.464,2319,96,103,1,0,0,0,0,0.12549,7.64,5,0.30832,0
4.741,84,83,2,0,0,0,0,0,0.21429,0.0,0,0.09524,0
4.959,807,81,36,0,0,0,0,0,0.10533,5.66667,0,0.17348,0
4.613,3383,191,101,0,0,0,0,0,0.12119,7.67797,8,0.26751,0
4.473,1957,103,89,0,0,0,0,0,0.15534,3.9375,0,0.36025,0
4.292,182,54,8,0,0,0,0,0,0.2033,8.33333,0,0.31319,0
4.459,2708,91,117,0,0,0,0,0,0.12334,7.26087,7,0.3113,0
4.842,2229,107,88,0,0,0,0,0,0.14491,5.89744,3,0.26514,0
4.537,1405,83,60,0,0,0,0,0,0.13167,7.5,0,0.28327,0
4.797,491,112,19,0,0,0,0,0,0.08554,7.0,0,0.1609,0
4.624,2448,119,79,0,0,0,0,0,0.11397,5.725,2,0.27165,0
4.734,758,74,39,0,0,0,0,0,0.1029,0.0,0,0.24406,0
4.903,140,50,12,0,0,0,0,0,0.13571,0.0,0,0.12857,0
4.906,546,84,21,0,0,0,0,0,0.10989,7.5,0,0.17766,0
4.462,214,89,12,0,0,0,0,0,0.06075,0.0,0,0.10748,0
4.822,6041,149,111,0,0,0,0,0,0.12763,5.90196,2,0.15163,0
4.441,707,95,37,0,0,0,0,0,0.11457,5.0,0,0.27723,0
4.792,3483,140,104,0,1,0,0,0,0.17399,7.24138,6,0.29084,0
4.464,1254,141,42,0,0,0,0,0,0.14035,8.53125,3,0.32137,0
4.736,1503,89,51,0,0,0,0,0,0.1191,7.78947,3,0.23021,0
4.699,604,84,28,0,0,0,0,0,0.09768,8.0,0,0.2053,0
4.642,952,80,48,0,0,0,0,0,0.10609,5.0,0,0.25735,0
4.788,1406,120,58,0,0,0,0,0,0.11095,6.05263,0,0.22191,0
4.321,3236,87,103,0,0,0,0,0,0.15482,6.70968,0,0.35445,0
4.87,98,52,8,0,0,0,0,0,0.11224,0.0,0,0.11224,0
4.83,834,74,42,0,0,0,0,0,0.13669,6.77778,0,0.247,0
4.789,945,115,42,0,0,0,0,0,0.11111,6.71429,0,0.20847,0
4.749,10719,93,439,0,0,0,0,0,0.0946,6.0303,3,0.21812,0
5.067,1879,104,68,0,0,0,0,0,0.17616,9.46154,5,0.17137,0
4.874,136,50,12,0,0,0,0,0,0.13971,0.0,0,0.13235,0
4.648,4647,96,184,0,0,0,0,0,0.14224,5.74528,10,0.30019,0
4.915,44343,176,1350,0,0,0,0,0,0.18271,10.47073,256,0.21627,0
4.811,17793,370,385,0,0,0,0,0,0.11505,16.72289,153,0.22295,0
4.84,514,84,27,0,0,0,0,0,0.12257,11.0,3,0.18482,0
4.457,7458,73,307,0,0,0,0,0,0.13248,7.86239,0,0.30585,0
4.848,558,74,26,0,0,0,0,0,0.10394,0.0,0,0.1595,0
4.661,6566,109,235,0,0,0,0,0,0.12945,8.18987,18,0.31983,0
4.531,2581,88,104,0,0,0,0,0,0.14258,7.10169,11,0.31732,0
4.657,3370,101,115,0,0,0,0,3,0.14837,7.7,15,0.28961,0
4.93,862,89,33,0,0,0,0,0,0.10673,11.1,3,0.17053,0
4.561,2446,87,99,0,0,0,0,0,0.14064,6.94444,0,0.29231,0
4.747,1076,82,42,0,0,0,0,0,0.11338,5.81818,0,0.25186,0
5.111,593,170,21,0,0,0,0,0,0.15177,0.0,0,0.12648,0
4.691,484,73,23,0,0,0,0,0,0.1095,7.0,0,0.19835,0
4.48,3332,111,127,0,0,0,0,0,0.14406,6.39344,0,0.37335,0
4.965,4904,114,131,0,0,0,0,0,0.14437,5.50746,0,0.23858,0
4.66,4953,114,169,0,0,0,0,0,0.12982,9.05814,12,0.26509,0
4.488,79,37,9,0,0,0,0,0,0.11392,0.0,0,0.17722,0
4.22,1012,63,58,0,0,0,0,0,0.11858,6.66667,1,0.37451,0
4.681,413,93,20,1,0,0,0,0,0.16465,6.28571,0,0.24455,0
4.531,36598,117,1004,0,0,0,0,2,0.15351,8.10168,221,0.33628,0
4.78,13361,102,371,0,0,0,0,0,0.12507,6.15254,6,0.24369,0
4.846,1194,72,53,0,0,0,0,0,0.13065,8.25,0,0.24623,0
4.696,3376,188,93,0,0,0,0,0,0.12352,10.47619,19,0.2497,0
4.756,1475,117,60,0,0,0,0,0,0.10034,9.47059,3,0.22576,0
4.425,5393,119,222,0,0,0,0,0,0.15131,7.72222,24,0.33432,0
4.577,1177,70,62,0,0,0,0,1,0.1164,4.66667,0,0.27782,0
4.437,7081,112,291,0,0,0,0,0,0.13035,6.82474,8,0.3251,0
4.517,337,75,21,0,0,0,0,0,0.10386,5.0,0,0.26409,0
4.498,1381,112,44,0,0,0,0,0,0.10644,7.85,0,0.28096,0
4.778,1972,163,74,0,0,0,0,0,0.1572,6.72,0,0.2784,0
5.132,1386,116,51,0,0,0,0,0,0.14935,5.0,0,0.19625,0
4.82,580,87,25,0,0,0,0,0,0.08276,0.0,0,0.15517,0
4.501,8722,116,322,0,0,0,0,0,0.12532,6.98089,21,0.29878,0
5.153,1055,153,41,0,0,0,0,0,0.19242,2.0,0,0.18957,0
4.275,560,54,31,0,0,0,0,0,0.10357,5.0,0,0.325,0
4.731,2826,106,114,0,0,3,0,0,0.13199,8.37778,11,0.27849,0
4.593,57875,284,1711,1,0,0,0,0,0.13059,7.13833,225,0.29502,0
4.563,897,93,37,0,0,0,0,0,0.12598,5.0,0,0.22631,0
4.846,2148,561,26,0,0,0,0,0,0.16248,10.0,0,0.16899,0
5.193,543,154,21,0,0,0,0,0,0.1547,0.0,0,0.13812,0
4.812,1933,102,71,0,0,0,0,4,0.14382,8.04348,12,0.24728,0
4.657,2528,121,104,0,0,0,0,0,0.12777,8.16667,9,0.27532,0
4.695,5225,164,195,0,0,0,0,0,0.14756,5.7931,1,0.27502,0
4.734,1851,91,72,0,0,0,0,0,0.15127,6.66667,8,0.25662,0
4.576,353,89,19,0,0,0,0,0,0.09915,5.0,0,0.24363,0
4.756,668,74,28,0,0,0,0,0,0.08533,10.0,0,0.17814,0
4.693,718,79,37,0,0,0,0,0,0.09331,0.0,0,0.24234,0
4.675,980,98,36,0,0,0,0,0,0.12041,6.875,0,0.27245,0
4.469,1006,72,52,0,0,0,0,0,0.14115,4.86667,0,0.32406,0
4.371,876,63,47,0,0,0,0,0,0.11187,6.14286,0,0.32877,0
4.907,2481,217,79,0,0,0,0,0,0.17332,5.7551,0,0.24426,0
4.63,939,74,53,0,0,0,0,0,0.12673,6.5,0,0.27796,0
4.89,725,91,31,0,0,0,0,0,0.15862,7.6875,4,0.25655,0
4.723,76930,145,1115,0,0,0,0,0,0.17966,9.0,0,0.18168,0
4.691,5263,119,167,0,0,0,0,17,0.16778,10.10769,59,0.2966,0
4.848,11002,183,175,0,0,0,0,0,0.11771,7.61871,20,0.12398,0
4.614,241,75,13,0,0,0,0,0,0.10373,0.0,0,0.19502,0
4.061,6352,74,278,0,0,0,0,0,0.1409,4.79333,0,0.45702,0
4.631,55672,201,2006,0,0,0,0,0,0.14305,6.43011,87,0.30487,0
4.66,1351,73,68,0,0,0,0,0,0.14212,4.68421,0,0.30274,0
4.663,22831,110,693,0,0,1,0,17,0.14415,8.80057,84,0.32513,0
5.185,46539,409,1333,1,1,0,0,34,0.20538,10.10727,273,0.18219,0
4.542,9286,96,310,0,0,0,0,0,0.12815,7.3875,4,0.28613,0
4.632,14086,177,507,0,0,0,0,0,0.13687,6.78246,19,0.31563,0
4.732,3751,213,105,0,0,2,0,0,0.14503,9.625,19,0.28472,0
4.666,1142,106,43,0,0,0,0,0,0.10333,7.81818,3,0.19177,0
4.487,1345,74,56,0,0,0,0,0,0.12565,6.55556,0,0.29145,0
4.877,735,77,31,0,0,0,0,0,0.12109,8.0,2,0.2381,0
5.085,543,154,21,0,0,0,0,0,0.1547,0.0,0,0.13812,0
4.567,6380,149,243,0,0,0,0,0,0.14639,6.28804,6,0.30016,0
4.551,11854,104,368,2,0,0,0,11,0.14873,6.9924,38,0.35144,0
4.526,9169,105,303,0,0,0,0,4,0.1504,11.33051,49,0.33831,0
4.325,1184,98,47,0,0,0,0,0,0.11402,7.58333,2,0.28632,0
4.853,136,46,11,0,0,0,0,0,0.09559,0.0,0,0.125,0
4.747,1596,115,57,0,0,0,0,6,0.151,9.07143,10,0.25689,0
4.495,1263,67,55,0,0,0,0,0,0.12193,6.86957,0,0.28424,0
4.823,434,74,24,0,0,0,0,0,0.09908,9.0,0,0.21198,0
4.809,473,83,21,0,0,0,0,0,0.12262,8.0,0,0.2241,0
4.519,12795,120,393,0,0,0,0,0,0.12435,7.46957,57,0.32388,0
4.721,969,74,45,0,0,0,0,0,0.10526,8.42857,4,0.20743,0
4.821,413,65,25,0,0,0,0,0,0.13317,0.0,0,0.23487,0
4.753,7713,161,253,0,0,0,0,0,0.16932,7.53763,18,0.29612,0
4.537,809,109,35,1,0,0,0,0,0.13844,5.9375,0,0.28801,0
5.047,1176,133,45,0,0,0,0,0,0.16922,5.13333,0,0.18367,0
4.608,3622,97,125,0,0,0,0,2,0.15903,7.27957,11,0.32192,0
4.417,148,56,10,0,0,0,0,0,0.06757,0.0,0,0.09459,0
4.475,1085,104,48,0,0,0,0,0,0.12258,8.0,0,0.29585,0
3.48,3523,22,270,0,0,0,0,0,0.57707,5.8,0,0.37383,0
4.734,1451,107,52,0,0,0,0,0,0.20882,7.27778,0,0.27774,0
4.385,2764,98,99,0,0,0,0,0,0.12988,5.61111,2,0.34841,0
4.266,404,60,21,0,0,0,0,0,0.09653,8.66667,2,0.32673,0
4.596,1198,84,59,0,0,0,0,0,0.17529,7.19355,3,0.31302,0
4.665,6605,112,235,0,0,0,0,0,0.15261,7.54167,6,0.29129,0
4.814,2301,119,70,0,0,0,0,0,0.13516,9.63636,15,0.22816,0
4.662,1645,132,59,0,0,0,0,0,0.12523,12.68421,15,0.23161,0
4.278,18498,119,620,0,0,0,0,0,0.15115,7.70531,33,0.43751,0
4.386,3335,79,158,0,0,0,0,0,0.13133,5.92727,0,0.34393,0
4.691,3842,102,128,0,0,0,0,0,0.10281,8.3913,4,0.19443,0
4.655,1874,110,78,0,0,0,0,0,0.14088,6.07143,1,0.27748,0
3.48,3523,22,270,0,0,0,0,0,0.57707,5.8,0,0.37383,0
4.349,23818,79,594,0,0,0,0,0,0.19821,0.0,0,0.34709,0
4.836,31626,217,1482,0,0,0,0,0,0.11592,8.81765,111,0.21944,0
4.226,5103,108,186,0,0,0,0,0,0.15461,7.23864,3,0.4176,0
4.95,7977,81,277,0,0,0,0,0,0.14667,2.0,0,0.2274,0
4.668,693,75,37,0,0,0,0,0,0.09524,0.0,0,0.24675,0
4.813,878,106,39,0,0,0,0,0,0.10023,13.42857,5,0.18565,0
4.374,21106,105,605,0,0,0,0,55,0.16185,6.46212,21,0.39742,0
4.871,5936,216,195,0,0,0,0,0,0.125,9.06667,29,0.25489,0
4.67,927,107,47,0,0,0,0,0,0.14455,5.0,0,0.31176,0
4.501,16588,128,612,0,0,0,0,0,0.13082,7.42938,15,0.30914,0
4.445,3825,104,146,0,0,0,0,0,0.13464,6.81356,4,0.37961,0
4.45,404,59,24,0,0,0,0,0,0.12871,7.4,0,0.2896,0
4.562,27292,152,932,0,0,4,0,0,0.1244,7.7644,55,0.30383,0
4.431,1181,71,48,0,0,0,0,0,0.11008,9.26316,5,0.31668,0
4.434,751,56,39,0,0,0,0,0,0.12117,5.36364,0,0.29028,0
4.457,3684,92,168,0,0,0,0,0,0.12351,6.65714,14,0.3317,0
4.663,34690,290,809,1,0,2,1,0,0.15713,7.16311,122,0.29934,0
4.429,536,75,29,0,0,0,0,0,0.13806,6.14286,0,0.3209,0
4.454,1489,95,56,0,0,0,0,0,0.11484,4.38462,0,0.28005,0
4.67,308,89,12,0,0,0,0,0,0.12987,6.0,0,0.19805,0
4.497,749,118,39,0,0,0,0,0,0.12417,6.92857,0,0.30174,0
4.561,99,47,9,0,0,0,0,0,0.10101,0.0,0,0.14141,0
4.5,6056,132,205,0,0,0,4,0,0.14927,5.72269,12,0.36625,0
4.479,46393,115,1780,0,0,0,0,0,0.12664,7.75768,143,0.31513,0
4.566,12653,183,428,1,0,0,0,0,0.15419,5.35052,20,0.32079,0
4.706,3349,84,104,0,0,0,0,0,0.08122,7.69231,0,0.18991,0
4.468,573,69,32,0,0,0,0,0,0.12042,4.75,0,0.29668,0
4.654,307,89,12,0,0,0,0,0,0.13029,6.0,0,0.1987,0
4.489,10972,84,436,0,0,0,0,0,0.15284,4.56308,18,0.36511,0
4.449,93,51,10,0,0,0,0,0,0.07527,0.0,0,0.13978,0
4.556,4895,126,171,0,0,0,0,0,0.13728,7.91954,7,0.28601,0
4.237,4824,97,167,0,0,0,0,0,0.15755,6.0202,0,0.42185,0
4.662,2468,93,82,0,0,0,0,0,0.14019,8.73016,15,0.26053,0
4.749,1432,63,61,0,0,0,0,2,0.14455,6.46154,0,0.28282,0
4.506,5030,100,158,0,0,0,0,12,0.15666,7.33696,13,0.33777,0
4.758,477,91,22,0,0,0,0,0,0.11321,6.25,0,0.16981,0
4.924,304,86,15,0,0,0,0,0,0.14803,9.0,0,0.16118,0
4.538,103,45,9,0,0,0,0,0,0.08738,0.0,0,0.15534,0
4.936,249,46,14,0,0,0,0,0,0.16466,0.0,0,0.16064,0
4.86,5794,120,204,0,0,0,0,0,0.131,10.80282,46,0.31584,0
4.5,2572,109,96,0,0,0,0,0,0.12092,11.13889,13,0.29588,0
4.633,1376,98,57,0,0,0,0,0,0.11555,6.71429,0,0.25581,0
4.641,1192,78,50,0,0,0,0,0,0.09815,4.57143,0,0.23154,0
4.621,2619,101,92,0,0,0,0,2,0.15693,7.14062,7,0.29973,0
4.53,1316,118,40,0,0,0,0,0,0.08739,3.5,0,0.2728,0
5.098,531,135,21,0,0,0,0,0,0.14313,7.0,0,0.16761,0
4.687,8891,114,322,0,0,0,0,1,0.15083,7.29808,31,0.30177,0
4.696,5030,183,155,0,0,1,0,0,0.13797,8.46316,33,0.27455,0
4.745,1416,139,35,0,0,0,0,0,0.11653,7.30769,8,0.15537,0
4.784,1812,160,67,0,0,0,0,0,0.13245,5.57143,0,0.26435,0
4.78,2283,125,94,0,0,0,0,0,0.13754,6.86957,5,0.27245,0
4.477,303,95,17,0,0,0,0,0,0.09901,7.0,0,0.28713,0
4.636,3417,89,126,0,0,0,0,3,0.13579,7.94737,17,0.29587,0
4.724,82474,145,1184,0,0,0,0,0,0.17961,9.0,0,0.18036,0
4.851,952,86,39,0,0,0,0,0,0.10189,6.0,0,0.19223,0
